[
{
  "model": "core.line",
  "pk": 2,
  "fields": {
    "name": "OOCL",
    "invoice_balance": "0.00",
    "cash_balance": "0.00",
    "card_balance": "0.00",
    "ocean_freight_rate": "0.00",
    "documentation_fee": "0.00",
    "handling_fee": "0.00",
    "ths_fee": "0.00",
    "additional_fees": "0.00"
  }
},
{
  "model": "core.line",
  "pk": 3,
  "fields": {
    "name": "MSC",
    "invoice_balance": "0.00",
    "cash_balance": "0.00",
    "card_balance": "0.00",
    "ocean_freight_rate": "0.00",
    "documentation_fee": "0.00",
    "handling_fee": "0.00",
    "ths_fee": "0.00",
    "additional_fees": "0.00"
  }
},
{
  "model": "core.line",
  "pk": 4,
  "fields": {
    "name": "CMA",
    "invoice_balance": "0.00",
    "cash_balance": "0.00",
    "card_balance": "0.00",
    "ocean_freight_rate": "0.00",
    "documentation_fee": "0.00",
    "handling_fee": "0.00",
    "ths_fee": "0.00",
    "additional_fees": "0.00"
  }
},
{
  "model": "core.line",
  "pk": 5,
  "fields": {
    "name": "ONE",
    "invoice_balance": "0.00",
    "cash_balance": "0.00",
    "card_balance": "0.00",
    "ocean_freight_rate": "0.00",
    "documentation_fee": "0.00",
    "handling_fee": "0.00",
    "ths_fee": "0.00",
    "additional_fees": "0.00"
  }
},
{
  "model": "core.line",
  "pk": 11,
  "fields": {
    "name": "Тестовая линия",
    "invoice_balance": "0.00",
    "cash_balance": "0.00",
    "card_balance": "0.00",
    "ocean_freight_rate": "100.00",
    "documentation_fee": "0.00",
    "handling_fee": "0.00",
    "ths_fee": "50.00",
    "additional_fees": "0.00"
  }
},
{
  "model": "core.line",
  "pk": 12,
  "fields": {
    "name": "MAERSK",
    "invoice_balance": "0.00",
    "cash_balance": "0.00",
    "card_balance": "0.00",
    "ocean_freight_rate": "0.00",
    "documentation_fee": "0.00",
    "handling_fee": "0.00",
    "ths_fee": "0.00",
    "additional_fees": "0.00"
  }
},
{
  "model": "core.carrier",
  "pk": 1,
  "fields": {
    "name": "UAB \"PALDEXA\"",
    "short_name": null,
    "contact_person": null,
    "phone": null,
    "email": null,
    "invoice_balance": "0.00",
    "cash_balance": "0.00",
    "card_balance": "0.00",
    "transport_rate": "200.00",
    "loading_fee": "0.00",
    "unloading_fee": "0.00",
    "fuel_surcharge": "0.00",
    "additional_fees": "100.00",
    "created_at": "2025-09-17T16:49:17.997Z",
    "updated_at": "2025-09-25T13:28:03.324Z"
  }
},
{
  "model": "core.carrier",
  "pk": 2,
  "fields": {
    "name": "UAB \"FORZA\"",
    "short_name": null,
    "contact_person": null,
    "phone": null,
    "email": null,
    "invoice_balance": "0.00",
    "cash_balance": "0.00",
    "card_balance": "0.00",
    "transport_rate": "0.00",
    "loading_fee": "0.00",
    "unloading_fee": "0.00",
    "fuel_surcharge": "0.00",
    "additional_fees": "0.00",
    "created_at": "2025-09-25T13:17:27.580Z",
    "updated_at": "2025-09-25T13:19:39.797Z"
  }
},
{
  "model": "core.client",
  "pk": 2,
  "fields": {
    "name": "EnergyHub",
    "balance": "0.00",
    "balance_updated_at": "2025-09-30T12:58:51.860Z",
    "invoice_balance": "0.00",
    "cash_balance": "0.00",
    "card_balance": "0.00",
    "debt": "0.00"
  }
},
{
  "model": "core.client",
  "pk": 3,
  "fields": {
    "name": "ANDR SAV",
    "balance": "0.00",
    "balance_updated_at": "2025-09-30T12:58:51.860Z",
    "invoice_balance": "0.00",
    "cash_balance": "0.00",
    "card_balance": "0.00",
    "debt": "0.00"
  }
},
{
  "model": "core.client",
  "pk": 4,
  "fields": {
    "name": "BLR OFFICE",
    "balance": "0.00",
    "balance_updated_at": "2025-09-30T12:58:51.860Z",
    "invoice_balance": "0.00",
    "cash_balance": "0.00",
    "card_balance": "0.00",
    "debt": "0.00"
  }
},
{
  "model": "core.client",
  "pk": 5,
  "fields": {
    "name": "RUS OFFICE",
    "balance": "0.00",
    "balance_updated_at": "2025-09-30T12:58:51.860Z",
    "invoice_balance": "0.00",
    "cash_balance": "0.00",
    "card_balance": "0.00",
    "debt": "0.00"
  }
},
{
  "model": "core.client",
  "pk": 6,
  "fields": {
    "name": "Неизвестный",
    "balance": "0.00",
    "balance_updated_at": "2025-09-30T12:58:51.860Z",
    "invoice_balance": "0.00",
    "cash_balance": "0.00",
    "card_balance": "0.00",
    "debt": "0.00"
  }
},
{
  "model": "core.client",
  "pk": 7,
  "fields": {
    "name": "LTU OFFICE",
    "balance": "0.00",
    "balance_updated_at": "2025-09-30T12:58:51.860Z",
    "invoice_balance": "0.00",
    "cash_balance": "0.00",
    "card_balance": "0.00",
    "debt": "0.00"
  }
},
{
  "model": "core.client",
  "pk": 8,
  "fields": {
    "name": "ТЕСТОВЫЙ",
    "balance": "0.00",
    "balance_updated_at": "2025-09-30T12:58:51.860Z",
    "invoice_balance": "0.00",
    "cash_balance": "0.00",
    "card_balance": "0.00",
    "debt": "0.00"
  }
},
{
  "model": "core.client",
  "pk": 12,
  "fields": {
    "name": "MDV OFFICE",
    "balance": "0.00",
    "balance_updated_at": "2025-09-30T12:58:51.860Z",
    "invoice_balance": "0.00",
    "cash_balance": "0.00",
    "card_balance": "0.00",
    "debt": "0.00"
  }
},
{
  "model": "core.client",
  "pk": 17,
  "fields": {
    "name": "IVAN KOVALSKIY (63570)",
    "balance": "0.00",
    "balance_updated_at": "2025-09-30T12:58:51.860Z",
    "invoice_balance": "0.00",
    "cash_balance": "0.00",
    "card_balance": "0.00",
    "debt": "0.00"
  }
},
{
  "model": "core.client",
  "pk": 18,
  "fields": {
    "name": "OLD GEO OFFICE",
    "balance": "0.00",
    "balance_updated_at": "2025-09-30T12:58:51.860Z",
    "invoice_balance": "0.00",
    "cash_balance": "0.00",
    "card_balance": "0.00",
    "debt": "0.00"
  }
},
{
  "model": "core.client",
  "pk": 19,
  "fields": {
    "name": "DZIMITRY BIASKOSTY (64186)",
    "balance": "0.00",
    "balance_updated_at": "2025-09-30T12:58:51.860Z",
    "invoice_balance": "0.00",
    "cash_balance": "0.00",
    "card_balance": "0.00",
    "debt": "0.00"
  }
},
{
  "model": "core.client",
  "pk": 33,
  "fields": {
    "name": "Евгений Смердов (70784)",
    "balance": "0.00",
    "balance_updated_at": "2025-09-30T12:58:51.860Z",
    "invoice_balance": "0.00",
    "cash_balance": "0.00",
    "card_balance": "0.00",
    "debt": "0.00"
  }
},
{
  "model": "core.warehouse",
  "pk": 1,
  "fields": {
    "name": "NETO",
    "invoice_balance": "0.00",
    "cash_balance": "0.00",
    "card_balance": "0.00",
    "default_unloading_fee": "0.00",
    "free_days": 5,
    "rate": "5.00",
    "complex_fee": "0.00",
    "delivery_to_warehouse": "0.00",
    "loading_on_trawl": "0.00",
    "documents_fee": "0.00",
    "transfer_fee": "0.00",
    "transit_declaration": "0.00",
    "export_declaration": "0.00",
    "additional_expenses": "0.00"
  }
},
{
  "model": "core.warehouse",
  "pk": 2,
  "fields": {
    "name": "LOGISPACE",
    "invoice_balance": "0.00",
    "cash_balance": "0.00",
    "card_balance": "0.00",
    "default_unloading_fee": "0.00",
    "free_days": 2,
    "rate": "20.00",
    "complex_fee": "0.00",
    "delivery_to_warehouse": "0.00",
    "loading_on_trawl": "0.00",
    "documents_fee": "0.00",
    "transfer_fee": "0.00",
    "transit_declaration": "0.00",
    "export_declaration": "0.00",
    "additional_expenses": "0.00"
  }
},
{
  "model": "core.warehouse",
  "pk": 3,
  "fields": {
    "name": "TTG",
    "invoice_balance": "0.00",
    "cash_balance": "0.00",
    "card_balance": "0.00",
    "default_unloading_fee": "0.00",
    "free_days": 0,
    "rate": "5.00",
    "complex_fee": "0.00",
    "delivery_to_warehouse": "0.00",
    "loading_on_trawl": "0.00",
    "documents_fee": "0.00",
    "transfer_fee": "0.00",
    "transit_declaration": "0.00",
    "export_declaration": "0.00",
    "additional_expenses": "0.00"
  }
},
{
  "model": "core.warehouse",
  "pk": 4,
  "fields": {
    "name": "ATLANTIC",
    "invoice_balance": "0.00",
    "cash_balance": "0.00",
    "card_balance": "0.00",
    "default_unloading_fee": "0.00",
    "free_days": 5,
    "rate": "5.00",
    "complex_fee": "0.00",
    "delivery_to_warehouse": "0.00",
    "loading_on_trawl": "0.00",
    "documents_fee": "0.00",
    "transfer_fee": "0.00",
    "transit_declaration": "0.00",
    "export_declaration": "0.00",
    "additional_expenses": "0.00"
  }
},
{
  "model": "core.warehouse",
  "pk": 6,
  "fields": {
    "name": "KLIT",
    "invoice_balance": "0.00",
    "cash_balance": "0.00",
    "card_balance": "0.00",
    "default_unloading_fee": "0.00",
    "free_days": 0,
    "rate": "0.00",
    "complex_fee": "0.00",
    "delivery_to_warehouse": "0.00",
    "loading_on_trawl": "0.00",
    "documents_fee": "0.00",
    "transfer_fee": "0.00",
    "transit_declaration": "0.00",
    "export_declaration": "0.00",
    "additional_expenses": "0.00"
  }
},
{
  "model": "core.warehouse",
  "pk": 7,
  "fields": {
    "name": "KKT",
    "invoice_balance": "0.00",
    "cash_balance": "0.00",
    "card_balance": "0.00",
    "default_unloading_fee": "0.00",
    "free_days": 0,
    "rate": "5.00",
    "complex_fee": "0.00",
    "delivery_to_warehouse": "0.00",
    "loading_on_trawl": "0.00",
    "documents_fee": "0.00",
    "transfer_fee": "0.00",
    "transit_declaration": "0.00",
    "export_declaration": "0.00",
    "additional_expenses": "0.00"
  }
},
{
  "model": "core.warehouse",
  "pk": 8,
  "fields": {
    "name": "MARETAS",
    "invoice_balance": "0.00",
    "cash_balance": "0.00",
    "card_balance": "0.00",
    "default_unloading_fee": "0.00",
    "free_days": 0,
    "rate": "0.00",
    "complex_fee": "0.00",
    "delivery_to_warehouse": "0.00",
    "loading_on_trawl": "0.00",
    "documents_fee": "0.00",
    "transfer_fee": "0.00",
    "transit_declaration": "0.00",
    "export_declaration": "0.00",
    "additional_expenses": "0.00"
  }
},
{
  "model": "core.container",
  "pk": 43,
  "fields": {
    "number": "FSCU8342930",
    "status": "TRANSFERRED",
    "line": 3,
    "eta": null,
    "client": null,
    "customs_procedure": null,
    "ths": "240.00",
    "sklad": "160.00",
    "dekl": null,
    "proft": "20.00",
    "warehouse": 1,
    "unload_date": "2025-08-07",
    "free_days": 0,
    "days": 2,
    "rate": "5.00",
    "storage_cost": "10.00",
    "notes": ""
  }
},
{
  "model": "core.container",
  "pk": 44,
  "fields": {
    "number": "MEDU4620830",
    "status": "TRANSFERRED",
    "line": 3,
    "eta": null,
    "client": null,
    "customs_procedure": null,
    "ths": "240.00",
    "sklad": "160.00",
    "dekl": null,
    "proft": "20.00",
    "warehouse": 1,
    "unload_date": "2025-08-07",
    "free_days": 0,
    "days": 2,
    "rate": "5.00",
    "storage_cost": "10.00",
    "notes": ""
  }
},
{
  "model": "core.container",
  "pk": 45,
  "fields": {
    "number": "CAAU8985140",
    "status": "TRANSFERRED",
    "line": null,
    "eta": "2025-08-12",
    "client": null,
    "customs_procedure": null,
    "ths": "320.00",
    "sklad": "160.00",
    "dekl": null,
    "proft": "20.00",
    "warehouse": 1,
    "unload_date": "2025-08-14",
    "free_days": 0,
    "days": 0,
    "rate": "5.00",
    "storage_cost": "0.00",
    "notes": ""
  }
},
{
  "model": "core.container",
  "pk": 46,
  "fields": {
    "number": "MRKU5950247",
    "status": "TRANSFERRED",
    "line": null,
    "eta": "2025-08-12",
    "client": null,
    "customs_procedure": null,
    "ths": "320.00",
    "sklad": "160.00",
    "dekl": null,
    "proft": "20.00",
    "warehouse": 1,
    "unload_date": "2025-08-14",
    "free_days": 0,
    "days": 0,
    "rate": "5.00",
    "storage_cost": "0.00",
    "notes": ""
  }
},
{
  "model": "core.container",
  "pk": 47,
  "fields": {
    "number": "MRKU2407621",
    "status": "TRANSFERRED",
    "line": null,
    "eta": "2025-08-12",
    "client": null,
    "customs_procedure": null,
    "ths": "320.00",
    "sklad": "160.00",
    "dekl": null,
    "proft": "20.00",
    "warehouse": 1,
    "unload_date": "2025-08-18",
    "free_days": 0,
    "days": 0,
    "rate": "5.00",
    "storage_cost": "0.00",
    "notes": ""
  }
},
{
  "model": "core.container",
  "pk": 49,
  "fields": {
    "number": "MRKU2239174",
    "status": "TRANSFERRED",
    "line": null,
    "eta": "2025-08-19",
    "client": null,
    "customs_procedure": null,
    "ths": "320.00",
    "sklad": "160.00",
    "dekl": null,
    "proft": "20.00",
    "warehouse": 1,
    "unload_date": "2025-08-21",
    "free_days": 0,
    "days": 0,
    "rate": "5.00",
    "storage_cost": "0.00",
    "notes": ""
  }
},
{
  "model": "core.container",
  "pk": 50,
  "fields": {
    "number": "HASU4350889",
    "status": "TRANSFERRED",
    "line": null,
    "eta": "2025-08-22",
    "client": null,
    "customs_procedure": null,
    "ths": "320.00",
    "sklad": "160.00",
    "dekl": null,
    "proft": "20.00",
    "warehouse": 1,
    "unload_date": "2025-08-26",
    "free_days": 0,
    "days": 0,
    "rate": "5.00",
    "storage_cost": "0.00",
    "notes": ""
  }
},
{
  "model": "core.container",
  "pk": 51,
  "fields": {
    "number": "TLLU5164220",
    "status": "TRANSFERRED",
    "line": 3,
    "eta": "2025-08-18",
    "client": null,
    "customs_procedure": null,
    "ths": "280.00",
    "sklad": "160.00",
    "dekl": null,
    "proft": "20.00",
    "warehouse": 1,
    "unload_date": "2025-08-22",
    "free_days": 0,
    "days": 0,
    "rate": "5.00",
    "storage_cost": "0.00",
    "notes": ""
  }
},
{
  "model": "core.container",
  "pk": 52,
  "fields": {
    "number": "MRKU4105092",
    "status": "TRANSFERRED",
    "line": null,
    "eta": "2025-08-22",
    "client": null,
    "customs_procedure": null,
    "ths": "320.00",
    "sklad": "160.00",
    "dekl": null,
    "proft": "20.00",
    "warehouse": 1,
    "unload_date": "2025-08-26",
    "free_days": 0,
    "days": 0,
    "rate": "5.00",
    "storage_cost": "0.00",
    "notes": ""
  }
},
{
  "model": "core.container",
  "pk": 53,
  "fields": {
    "number": "MRSU6680806",
    "status": "TRANSFERRED",
    "line": null,
    "eta": "2025-08-27",
    "client": null,
    "customs_procedure": null,
    "ths": "320.00",
    "sklad": "160.00",
    "dekl": null,
    "proft": "20.00",
    "warehouse": 1,
    "unload_date": "2025-09-08",
    "free_days": 0,
    "days": 0,
    "rate": "5.00",
    "storage_cost": "0.00",
    "notes": ""
  }
},
{
  "model": "core.container",
  "pk": 54,
  "fields": {
    "number": "SELU4168945",
    "status": "TRANSFERRED",
    "line": null,
    "eta": "2025-08-22",
    "client": null,
    "customs_procedure": null,
    "ths": "320.00",
    "sklad": "160.00",
    "dekl": null,
    "proft": "20.00",
    "warehouse": 1,
    "unload_date": "2025-08-26",
    "free_days": 0,
    "days": 0,
    "rate": "5.00",
    "storage_cost": "0.00",
    "notes": ""
  }
},
{
  "model": "core.container",
  "pk": 55,
  "fields": {
    "number": "TIIU4596340",
    "status": "TRANSFERRED",
    "line": null,
    "eta": "2025-09-03",
    "client": null,
    "customs_procedure": null,
    "ths": "320.00",
    "sklad": "160.00",
    "dekl": null,
    "proft": "20.00",
    "warehouse": 1,
    "unload_date": "2025-09-05",
    "free_days": 0,
    "days": 0,
    "rate": "5.00",
    "storage_cost": "0.00",
    "notes": ""
  }
},
{
  "model": "core.container",
  "pk": 56,
  "fields": {
    "number": "CAAU8443386",
    "status": "TRANSFERRED",
    "line": null,
    "eta": "2025-08-27",
    "client": null,
    "customs_procedure": null,
    "ths": "320.00",
    "sklad": "160.00",
    "dekl": null,
    "proft": "20.00",
    "warehouse": 1,
    "unload_date": "2025-09-02",
    "free_days": 0,
    "days": 0,
    "rate": "5.00",
    "storage_cost": "0.00",
    "notes": ""
  }
},
{
  "model": "core.container",
  "pk": 57,
  "fields": {
    "number": "MRKU2381701",
    "status": "TRANSFERRED",
    "line": null,
    "eta": "2025-08-22",
    "client": null,
    "customs_procedure": null,
    "ths": "320.00",
    "sklad": "160.00",
    "dekl": null,
    "proft": "20.00",
    "warehouse": 1,
    "unload_date": "2025-08-25",
    "free_days": 0,
    "days": 0,
    "rate": "5.00",
    "storage_cost": "0.00",
    "notes": ""
  }
},
{
  "model": "core.container",
  "pk": 58,
  "fields": {
    "number": "TCNU8105662",
    "status": "TRANSFERRED",
    "line": null,
    "eta": "2025-08-22",
    "client": null,
    "customs_procedure": null,
    "ths": "320.00",
    "sklad": "160.00",
    "dekl": null,
    "proft": "20.00",
    "warehouse": 1,
    "unload_date": "2025-08-26",
    "free_days": 0,
    "days": 0,
    "rate": "5.00",
    "storage_cost": "0.00",
    "notes": ""
  }
},
{
  "model": "core.container",
  "pk": 59,
  "fields": {
    "number": "MSKU0361930",
    "status": "TRANSFERRED",
    "line": null,
    "eta": "2025-08-22",
    "client": null,
    "customs_procedure": null,
    "ths": "320.00",
    "sklad": "160.00",
    "dekl": null,
    "proft": "20.00",
    "warehouse": 1,
    "unload_date": "2025-08-26",
    "free_days": 0,
    "days": 0,
    "rate": "5.00",
    "storage_cost": "0.00",
    "notes": ""
  }
},
{
  "model": "core.container",
  "pk": 60,
  "fields": {
    "number": "BALANS71623",
    "status": "TRANSFERRED",
    "line": 4,
    "eta": "2025-08-12",
    "client": null,
    "customs_procedure": null,
    "ths": "320.00",
    "sklad": "160.00",
    "dekl": null,
    "proft": "20.00",
    "warehouse": 1,
    "unload_date": "2025-08-13",
    "free_days": 0,
    "days": 0,
    "rate": "5.00",
    "storage_cost": "0.00",
    "notes": ""
  }
},
{
  "model": "core.container",
  "pk": 61,
  "fields": {
    "number": "MRSU5652688",
    "status": "TRANSFERRED",
    "line": null,
    "eta": "2025-09-01",
    "client": null,
    "customs_procedure": null,
    "ths": "320.00",
    "sklad": "160.00",
    "dekl": null,
    "proft": "20.00",
    "warehouse": 1,
    "unload_date": "2025-09-02",
    "free_days": 0,
    "days": 0,
    "rate": "5.00",
    "storage_cost": "0.00",
    "notes": ""
  }
},
{
  "model": "core.container",
  "pk": 62,
  "fields": {
    "number": "TCKU7408612",
    "status": "TRANSFERRED",
    "line": null,
    "eta": null,
    "client": null,
    "customs_procedure": null,
    "ths": "320.00",
    "sklad": "160.00",
    "dekl": null,
    "proft": "20.00",
    "warehouse": 1,
    "unload_date": "2025-09-08",
    "free_days": 0,
    "days": 0,
    "rate": "5.00",
    "storage_cost": "0.00",
    "notes": ""
  }
},
{
  "model": "core.container",
  "pk": 63,
  "fields": {
    "number": "MRSU7460724",
    "status": "TRANSFERRED",
    "line": null,
    "eta": null,
    "client": null,
    "customs_procedure": null,
    "ths": "320.00",
    "sklad": "160.00",
    "dekl": null,
    "proft": "20.00",
    "warehouse": 1,
    "unload_date": "2025-09-08",
    "free_days": 0,
    "days": 0,
    "rate": "5.00",
    "storage_cost": "0.00",
    "notes": ""
  }
},
{
  "model": "core.container",
  "pk": 64,
  "fields": {
    "number": "HASU5185990",
    "status": "UNLOADED",
    "line": 12,
    "eta": "2025-09-29",
    "client": null,
    "customs_procedure": null,
    "ths": "320.00",
    "sklad": "160.00",
    "dekl": null,
    "proft": "20.00",
    "warehouse": 1,
    "unload_date": "2025-09-30",
    "free_days": 0,
    "days": 0,
    "rate": "5.00",
    "storage_cost": "0.00",
    "notes": ""
  }
},
{
  "model": "core.container",
  "pk": 65,
  "fields": {
    "number": "HASU4938825",
    "status": "TRANSFERRED",
    "line": null,
    "eta": "2025-09-14",
    "client": null,
    "customs_procedure": null,
    "ths": "320.00",
    "sklad": "160.00",
    "dekl": null,
    "proft": "20.00",
    "warehouse": 1,
    "unload_date": null,
    "free_days": 0,
    "days": 0,
    "rate": "5.00",
    "storage_cost": "0.00",
    "notes": ""
  }
},
{
  "model": "core.container",
  "pk": 74,
  "fields": {
    "number": "MRKU5369320",
    "status": "UNLOADED",
    "line": 12,
    "eta": "2025-09-23",
    "client": null,
    "customs_procedure": null,
    "ths": "320.00",
    "sklad": "160.00",
    "dekl": null,
    "proft": "20.00",
    "warehouse": 1,
    "unload_date": "2025-09-24",
    "free_days": 0,
    "days": 0,
    "rate": "5.00",
    "storage_cost": "0.00",
    "notes": ""
  }
},
{
  "model": "core.container",
  "pk": 77,
  "fields": {
    "number": "MRKU5683069",
    "status": "UNLOADED",
    "line": 12,
    "eta": null,
    "client": null,
    "customs_procedure": null,
    "ths": "320.00",
    "sklad": "160.00",
    "dekl": null,
    "proft": "20.00",
    "warehouse": 1,
    "unload_date": "2025-09-24",
    "free_days": 0,
    "days": 0,
    "rate": "5.00",
    "storage_cost": "0.00",
    "notes": ""
  }
},
{
  "model": "core.container",
  "pk": 78,
  "fields": {
    "number": "CAAU6671664",
    "status": "TRANSFERRED",
    "line": 12,
    "eta": null,
    "client": null,
    "customs_procedure": null,
    "ths": "320.00",
    "sklad": "160.00",
    "dekl": null,
    "proft": "20.00",
    "warehouse": 1,
    "unload_date": "2025-09-24",
    "free_days": 0,
    "days": 0,
    "rate": "5.00",
    "storage_cost": "0.00",
    "notes": ""
  }
},
{
  "model": "core.container",
  "pk": 79,
  "fields": {
    "number": "MRSU4949481",
    "status": "UNLOADED",
    "line": 12,
    "eta": null,
    "client": null,
    "customs_procedure": null,
    "ths": "320.00",
    "sklad": "160.00",
    "dekl": null,
    "proft": "20.00",
    "warehouse": 1,
    "unload_date": "2025-09-24",
    "free_days": 0,
    "days": 0,
    "rate": "5.00",
    "storage_cost": "0.00",
    "notes": ""
  }
},
{
  "model": "core.container",
  "pk": 80,
  "fields": {
    "number": "MRKU2531648",
    "status": "UNLOADED",
    "line": 12,
    "eta": null,
    "client": null,
    "customs_procedure": null,
    "ths": "320.00",
    "sklad": "160.00",
    "dekl": null,
    "proft": "20.00",
    "warehouse": 1,
    "unload_date": "2025-09-29",
    "free_days": 0,
    "days": 0,
    "rate": "5.00",
    "storage_cost": "0.00",
    "notes": ""
  }
},
{
  "model": "core.container",
  "pk": 81,
  "fields": {
    "number": "HASU4323040",
    "status": "UNLOADED",
    "line": 12,
    "eta": null,
    "client": null,
    "customs_procedure": null,
    "ths": "320.00",
    "sklad": "160.00",
    "dekl": null,
    "proft": "20.00",
    "warehouse": 1,
    "unload_date": "2025-09-29",
    "free_days": 0,
    "days": 0,
    "rate": "5.00",
    "storage_cost": "0.00",
    "notes": ""
  }
},
{
  "model": "core.container",
  "pk": 82,
  "fields": {
    "number": "MSKU9884377",
    "status": "UNLOADED",
    "line": 12,
    "eta": null,
    "client": null,
    "customs_procedure": null,
    "ths": "320.00",
    "sklad": "160.00",
    "dekl": null,
    "proft": "20.00",
    "warehouse": 1,
    "unload_date": "2025-09-29",
    "free_days": 0,
    "days": 0,
    "rate": "5.00",
    "storage_cost": "0.00",
    "notes": ""
  }
},
{
  "model": "core.car",
  "pk": 126,
  "fields": {
    "year": 2020,
    "brand": "BMW X4",
    "vin": "5UX2V1C07L9B75942",
    "client": 12,
    "status": "TRANSFERRED",
    "warehouse": 1,
    "line": null,
    "carrier": null,
    "unload_date": "2025-08-07",
    "transfer_date": "2025-08-14",
    "has_title": true,
    "title_notes": "",
    "total_price": "255.00",
    "current_price": "0.00",
    "storage_cost": "15.00",
    "days": 3,
    "container": 43,
    "ths": "60.00",
    "unload_fee": "0.00",
    "delivery_fee": "0.00",
    "loading_fee": "0.00",
    "docs_fee": "0.00",
    "transfer_fee": "0.00",
    "transit_declaration": "0.00",
    "export_declaration": "0.00",
    "extra_costs": "0.00",
    "dekl": null,
    "proft": "20.00",
    "free_days": 5,
    "rate": "5.00",
    "complex_fee": "160.00",
    "price": null,
    "auction_fee": null,
    "transport_usa": null,
    "ocean_freight": null,
    "transport_kz": null,
    "broker_fee": null,
    "additional_expenses": null
  }
},
{
  "model": "core.car",
  "pk": 127,
  "fields": {
    "year": 2016,
    "brand": "TOYOTA PRIUS",
    "vin": "JTDZN3EU8GJ046458",
    "client": 6,
    "status": "TRANSFERRED",
    "warehouse": 1,
    "line": null,
    "carrier": null,
    "unload_date": "2025-08-07",
    "transfer_date": "2025-08-12",
    "has_title": true,
    "title_notes": "",
    "total_price": "245.00",
    "current_price": "0.00",
    "storage_cost": "5.00",
    "days": 1,
    "container": 43,
    "ths": "60.00",
    "unload_fee": "0.00",
    "delivery_fee": "0.00",
    "loading_fee": "0.00",
    "docs_fee": "0.00",
    "transfer_fee": "0.00",
    "transit_declaration": "0.00",
    "export_declaration": "0.00",
    "extra_costs": "0.00",
    "dekl": null,
    "proft": "20.00",
    "free_days": 5,
    "rate": "5.00",
    "complex_fee": "160.00",
    "price": null,
    "auction_fee": null,
    "transport_usa": null,
    "ocean_freight": null,
    "transport_kz": null,
    "broker_fee": null,
    "additional_expenses": null
  }
},
{
  "model": "core.car",
  "pk": 128,
  "fields": {
    "year": 2025,
    "brand": "BMW X5",
    "vin": "5UX33EU06S9Z41428",
    "client": 12,
    "status": "TRANSFERRED",
    "warehouse": 1,
    "line": null,
    "carrier": null,
    "unload_date": "2025-08-07",
    "transfer_date": "2025-08-14",
    "has_title": true,
    "title_notes": "",
    "total_price": "255.00",
    "current_price": "0.00",
    "storage_cost": "15.00",
    "days": 3,
    "container": 43,
    "ths": "60.00",
    "unload_fee": "0.00",
    "delivery_fee": "0.00",
    "loading_fee": "0.00",
    "docs_fee": "0.00",
    "transfer_fee": "0.00",
    "transit_declaration": "0.00",
    "export_declaration": "0.00",
    "extra_costs": "0.00",
    "dekl": null,
    "proft": "20.00",
    "free_days": 5,
    "rate": "5.00",
    "complex_fee": "160.00",
    "price": null,
    "auction_fee": null,
    "transport_usa": null,
    "ocean_freight": null,
    "transport_kz": null,
    "broker_fee": null,
    "additional_expenses": null
  }
},
{
  "model": "core.car",
  "pk": 129,
  "fields": {
    "year": 2016,
    "brand": "AUDI A3",
    "vin": "WAU67LFF7G1098464",
    "client": 4,
    "status": "TRANSFERRED",
    "warehouse": 1,
    "line": null,
    "carrier": null,
    "unload_date": "2025-08-07",
    "transfer_date": "2025-08-12",
    "has_title": true,
    "title_notes": "",
    "total_price": "305.00",
    "current_price": "0.00",
    "storage_cost": "5.00",
    "days": 1,
    "container": 43,
    "ths": "60.00",
    "unload_fee": "0.00",
    "delivery_fee": "0.00",
    "loading_fee": "0.00",
    "docs_fee": "0.00",
    "transfer_fee": "0.00",
    "transit_declaration": "0.00",
    "export_declaration": "0.00",
    "extra_costs": "0.00",
    "dekl": null,
    "proft": "80.00",
    "free_days": 5,
    "rate": "5.00",
    "complex_fee": "160.00",
    "price": null,
    "auction_fee": null,
    "transport_usa": null,
    "ocean_freight": null,
    "transport_kz": null,
    "broker_fee": null,
    "additional_expenses": null
  }
},
{
  "model": "core.car",
  "pk": 130,
  "fields": {
    "year": 2025,
    "brand": "KIA SPORTAGE",
    "vin": "KNDPZDDH9S7187762",
    "client": 12,
    "status": "TRANSFERRED",
    "warehouse": 1,
    "line": null,
    "carrier": null,
    "unload_date": "2025-08-07",
    "transfer_date": "2025-08-14",
    "has_title": true,
    "title_notes": "",
    "total_price": "255.00",
    "current_price": "0.00",
    "storage_cost": "15.00",
    "days": 3,
    "container": 44,
    "ths": "60.00",
    "unload_fee": "0.00",
    "delivery_fee": "0.00",
    "loading_fee": "0.00",
    "docs_fee": "0.00",
    "transfer_fee": "0.00",
    "transit_declaration": "0.00",
    "export_declaration": "0.00",
    "extra_costs": "0.00",
    "dekl": null,
    "proft": "20.00",
    "free_days": 5,
    "rate": "5.00",
    "complex_fee": "160.00",
    "price": null,
    "auction_fee": null,
    "transport_usa": null,
    "ocean_freight": null,
    "transport_kz": null,
    "broker_fee": null,
    "additional_expenses": null
  }
},
{
  "model": "core.car",
  "pk": 131,
  "fields": {
    "year": 2018,
    "brand": "BMW 530E",
    "vin": "WBAJA9C5XJB251737",
    "client": 12,
    "status": "TRANSFERRED",
    "warehouse": 1,
    "line": null,
    "carrier": null,
    "unload_date": "2025-08-07",
    "transfer_date": "2025-08-14",
    "has_title": true,
    "title_notes": "",
    "total_price": "255.00",
    "current_price": "0.00",
    "storage_cost": "15.00",
    "days": 3,
    "container": 44,
    "ths": "60.00",
    "unload_fee": "0.00",
    "delivery_fee": "0.00",
    "loading_fee": "0.00",
    "docs_fee": "0.00",
    "transfer_fee": "0.00",
    "transit_declaration": "0.00",
    "export_declaration": "0.00",
    "extra_costs": "0.00",
    "dekl": null,
    "proft": "20.00",
    "free_days": 5,
    "rate": "5.00",
    "complex_fee": "160.00",
    "price": null,
    "auction_fee": null,
    "transport_usa": null,
    "ocean_freight": null,
    "transport_kz": null,
    "broker_fee": null,
    "additional_expenses": null
  }
},
{
  "model": "core.car",
  "pk": 132,
  "fields": {
    "year": 2019,
    "brand": "BMW 430I",
    "vin": "WBA4W3C53KAF92984",
    "client": 12,
    "status": "TRANSFERRED",
    "warehouse": 1,
    "line": null,
    "carrier": null,
    "unload_date": "2025-08-07",
    "transfer_date": "2025-08-14",
    "has_title": true,
    "title_notes": "",
    "total_price": "255.00",
    "current_price": "0.00",
    "storage_cost": "15.00",
    "days": 3,
    "container": 44,
    "ths": "60.00",
    "unload_fee": "0.00",
    "delivery_fee": "0.00",
    "loading_fee": "0.00",
    "docs_fee": "0.00",
    "transfer_fee": "0.00",
    "transit_declaration": "0.00",
    "export_declaration": "0.00",
    "extra_costs": "0.00",
    "dekl": null,
    "proft": "20.00",
    "free_days": 5,
    "rate": "5.00",
    "complex_fee": "160.00",
    "price": null,
    "auction_fee": null,
    "transport_usa": null,
    "ocean_freight": null,
    "transport_kz": null,
    "broker_fee": null,
    "additional_expenses": null
  }
},
{
  "model": "core.car",
  "pk": 133,
  "fields": {
    "year": 2024,
    "brand": "AUDI A6",
    "vin": "WAUE3BF23RN004722",
    "client": 12,
    "status": "TRANSFERRED",
    "warehouse": 1,
    "line": null,
    "carrier": null,
    "unload_date": "2025-08-07",
    "transfer_date": "2025-08-14",
    "has_title": true,
    "title_notes": "",
    "total_price": "255.00",
    "current_price": "0.00",
    "storage_cost": "15.00",
    "days": 3,
    "container": 44,
    "ths": "60.00",
    "unload_fee": "0.00",
    "delivery_fee": "0.00",
    "loading_fee": "0.00",
    "docs_fee": "0.00",
    "transfer_fee": "0.00",
    "transit_declaration": "0.00",
    "export_declaration": "0.00",
    "extra_costs": "0.00",
    "dekl": null,
    "proft": "20.00",
    "free_days": 5,
    "rate": "5.00",
    "complex_fee": "160.00",
    "price": null,
    "auction_fee": null,
    "transport_usa": null,
    "ocean_freight": null,
    "transport_kz": null,
    "broker_fee": null,
    "additional_expenses": null
  }
},
{
  "model": "core.car",
  "pk": 134,
  "fields": {
    "year": 2019,
    "brand": "INFINITI QX50",
    "vin": "3PCAJ5M37KF130395",
    "client": 12,
    "status": "TRANSFERRED",
    "warehouse": 1,
    "line": null,
    "carrier": null,
    "unload_date": "2025-08-14",
    "transfer_date": "2025-08-14",
    "has_title": true,
    "title_notes": "",
    "total_price": "260.00",
    "current_price": "0.00",
    "storage_cost": "0.00",
    "days": 0,
    "container": 45,
    "ths": "80.00",
    "unload_fee": "0.00",
    "delivery_fee": "0.00",
    "loading_fee": "0.00",
    "docs_fee": "0.00",
    "transfer_fee": "0.00",
    "transit_declaration": "0.00",
    "export_declaration": "0.00",
    "extra_costs": "0.00",
    "dekl": null,
    "proft": "20.00",
    "free_days": 5,
    "rate": "5.00",
    "complex_fee": "160.00",
    "price": null,
    "auction_fee": null,
    "transport_usa": null,
    "ocean_freight": null,
    "transport_kz": null,
    "broker_fee": null,
    "additional_expenses": null
  }
},
{
  "model": "core.car",
  "pk": 135,
  "fields": {
    "year": 2016,
    "brand": "BMW X5",
    "vin": "5UXKT0C56G0S78871",
    "client": 12,
    "status": "TRANSFERRED",
    "warehouse": 1,
    "line": null,
    "carrier": null,
    "unload_date": "2025-08-14",
    "transfer_date": "2025-08-14",
    "has_title": true,
    "title_notes": "",
    "total_price": "260.00",
    "current_price": "0.00",
    "storage_cost": "0.00",
    "days": 0,
    "container": 45,
    "ths": "80.00",
    "unload_fee": "0.00",
    "delivery_fee": "0.00",
    "loading_fee": "0.00",
    "docs_fee": "0.00",
    "transfer_fee": "0.00",
    "transit_declaration": "0.00",
    "export_declaration": "0.00",
    "extra_costs": "0.00",
    "dekl": null,
    "proft": "20.00",
    "free_days": 5,
    "rate": "5.00",
    "complex_fee": "160.00",
    "price": null,
    "auction_fee": null,
    "transport_usa": null,
    "ocean_freight": null,
    "transport_kz": null,
    "broker_fee": null,
    "additional_expenses": null
  }
},
{
  "model": "core.car",
  "pk": 136,
  "fields": {
    "year": 2024,
    "brand": "VW JETTA",
    "vin": "3VWGM7BU2RM028594",
    "client": 12,
    "status": "TRANSFERRED",
    "warehouse": 1,
    "line": null,
    "carrier": null,
    "unload_date": "2025-08-14",
    "transfer_date": "2025-08-14",
    "has_title": true,
    "title_notes": "",
    "total_price": "260.00",
    "current_price": "0.00",
    "storage_cost": "0.00",
    "days": 0,
    "container": 45,
    "ths": "80.00",
    "unload_fee": "0.00",
    "delivery_fee": "0.00",
    "loading_fee": "0.00",
    "docs_fee": "0.00",
    "transfer_fee": "0.00",
    "transit_declaration": "0.00",
    "export_declaration": "0.00",
    "extra_costs": "0.00",
    "dekl": null,
    "proft": "20.00",
    "free_days": 5,
    "rate": "5.00",
    "complex_fee": "160.00",
    "price": null,
    "auction_fee": null,
    "transport_usa": null,
    "ocean_freight": null,
    "transport_kz": null,
    "broker_fee": null,
    "additional_expenses": null
  }
},
{
  "model": "core.car",
  "pk": 137,
  "fields": {
    "year": 2017,
    "brand": "TOYOTA PRIUS",
    "vin": "JTDKBRFU0H3563660",
    "client": 6,
    "status": "TRANSFERRED",
    "warehouse": 1,
    "line": null,
    "carrier": null,
    "unload_date": "2025-08-14",
    "transfer_date": "2025-08-25",
    "has_title": true,
    "title_notes": "",
    "total_price": "295.00",
    "current_price": "0.00",
    "storage_cost": "35.00",
    "days": 7,
    "container": 45,
    "ths": "80.00",
    "unload_fee": "0.00",
    "delivery_fee": "0.00",
    "loading_fee": "0.00",
    "docs_fee": "0.00",
    "transfer_fee": "0.00",
    "transit_declaration": "0.00",
    "export_declaration": "0.00",
    "extra_costs": "0.00",
    "dekl": null,
    "proft": "20.00",
    "free_days": 5,
    "rate": "5.00",
    "complex_fee": "160.00",
    "price": null,
    "auction_fee": null,
    "transport_usa": null,
    "ocean_freight": null,
    "transport_kz": null,
    "broker_fee": null,
    "additional_expenses": null
  }
},
{
  "model": "core.car",
  "pk": 138,
  "fields": {
    "year": 2024,
    "brand": "GMC TERRAIN",
    "vin": "3GKALVEG5RL174911",
    "client": 3,
    "status": "TRANSFERRED",
    "warehouse": 1,
    "line": null,
    "carrier": null,
    "unload_date": "2025-08-14",
    "transfer_date": "2025-08-14",
    "has_title": true,
    "title_notes": "",
    "total_price": "260.00",
    "current_price": "0.00",
    "storage_cost": "0.00",
    "days": 0,
    "container": 46,
    "ths": "80.00",
    "unload_fee": "0.00",
    "delivery_fee": "0.00",
    "loading_fee": "0.00",
    "docs_fee": "0.00",
    "transfer_fee": "0.00",
    "transit_declaration": "0.00",
    "export_declaration": "0.00",
    "extra_costs": "0.00",
    "dekl": null,
    "proft": "20.00",
    "free_days": 5,
    "rate": "5.00",
    "complex_fee": "160.00",
    "price": null,
    "auction_fee": null,
    "transport_usa": null,
    "ocean_freight": null,
    "transport_kz": null,
    "broker_fee": null,
    "additional_expenses": null
  }
},
{
  "model": "core.car",
  "pk": 139,
  "fields": {
    "year": 2023,
    "brand": "CHEVROLET MALIBU",
    "vin": "1G1ZC5ST1PF210013",
    "client": 3,
    "status": "TRANSFERRED",
    "warehouse": 1,
    "line": null,
    "carrier": null,
    "unload_date": "2025-08-14",
    "transfer_date": "2025-08-14",
    "has_title": true,
    "title_notes": "",
    "total_price": "260.00",
    "current_price": "0.00",
    "storage_cost": "0.00",
    "days": 0,
    "container": 46,
    "ths": "80.00",
    "unload_fee": "0.00",
    "delivery_fee": "0.00",
    "loading_fee": "0.00",
    "docs_fee": "0.00",
    "transfer_fee": "0.00",
    "transit_declaration": "0.00",
    "export_declaration": "0.00",
    "extra_costs": "0.00",
    "dekl": null,
    "proft": "20.00",
    "free_days": 5,
    "rate": "5.00",
    "complex_fee": "160.00",
    "price": null,
    "auction_fee": null,
    "transport_usa": null,
    "ocean_freight": null,
    "transport_kz": null,
    "broker_fee": null,
    "additional_expenses": null
  }
},
{
  "model": "core.car",
  "pk": 140,
  "fields": {
    "year": 2016,
    "brand": "BUICK CASCADA",
    "vin": "W04WT3N55GG086358",
    "client": 3,
    "status": "TRANSFERRED",
    "warehouse": 1,
    "line": null,
    "carrier": null,
    "unload_date": "2025-08-14",
    "transfer_date": "2025-08-14",
    "has_title": true,
    "title_notes": "",
    "total_price": "260.00",
    "current_price": "0.00",
    "storage_cost": "0.00",
    "days": 0,
    "container": 46,
    "ths": "80.00",
    "unload_fee": "0.00",
    "delivery_fee": "0.00",
    "loading_fee": "0.00",
    "docs_fee": "0.00",
    "transfer_fee": "0.00",
    "transit_declaration": "0.00",
    "export_declaration": "0.00",
    "extra_costs": "0.00",
    "dekl": null,
    "proft": "20.00",
    "free_days": 5,
    "rate": "5.00",
    "complex_fee": "160.00",
    "price": null,
    "auction_fee": null,
    "transport_usa": null,
    "ocean_freight": null,
    "transport_kz": null,
    "broker_fee": null,
    "additional_expenses": null
  }
},
{
  "model": "core.car",
  "pk": 141,
  "fields": {
    "year": 2022,
    "brand": "CHEVROLET MALIBU",
    "vin": "1G1ZD5ST3NF126835",
    "client": 3,
    "status": "TRANSFERRED",
    "warehouse": 1,
    "line": null,
    "carrier": null,
    "unload_date": "2025-08-14",
    "transfer_date": "2025-08-14",
    "has_title": true,
    "title_notes": "",
    "total_price": "260.00",
    "current_price": "0.00",
    "storage_cost": "0.00",
    "days": 0,
    "container": 46,
    "ths": "80.00",
    "unload_fee": "0.00",
    "delivery_fee": "0.00",
    "loading_fee": "0.00",
    "docs_fee": "0.00",
    "transfer_fee": "0.00",
    "transit_declaration": "0.00",
    "export_declaration": "0.00",
    "extra_costs": "0.00",
    "dekl": null,
    "proft": "20.00",
    "free_days": 5,
    "rate": "5.00",
    "complex_fee": "160.00",
    "price": null,
    "auction_fee": null,
    "transport_usa": null,
    "ocean_freight": null,
    "transport_kz": null,
    "broker_fee": null,
    "additional_expenses": null
  }
},
{
  "model": "core.car",
  "pk": 142,
  "fields": {
    "year": 2016,
    "brand": "BMW 5",
    "vin": "5UXKT0C54G0S77413",
    "client": 12,
    "status": "TRANSFERRED",
    "warehouse": 1,
    "line": null,
    "carrier": null,
    "unload_date": "2025-08-18",
    "transfer_date": "2025-08-26",
    "has_title": true,
    "title_notes": "",
    "total_price": "280.00",
    "current_price": "0.00",
    "storage_cost": "20.00",
    "days": 4,
    "container": 47,
    "ths": "80.00",
    "unload_fee": "0.00",
    "delivery_fee": "0.00",
    "loading_fee": "0.00",
    "docs_fee": "0.00",
    "transfer_fee": "0.00",
    "transit_declaration": "0.00",
    "export_declaration": "0.00",
    "extra_costs": "0.00",
    "dekl": null,
    "proft": "20.00",
    "free_days": 5,
    "rate": "5.00",
    "complex_fee": "160.00",
    "price": null,
    "auction_fee": null,
    "transport_usa": null,
    "ocean_freight": null,
    "transport_kz": null,
    "broker_fee": null,
    "additional_expenses": null
  }
},
{
  "model": "core.car",
  "pk": 143,
  "fields": {
    "year": 2018,
    "brand": "AUDI A5",
    "vin": "WAUENCF57JA017804",
    "client": 12,
    "status": "TRANSFERRED",
    "warehouse": 1,
    "line": null,
    "carrier": null,
    "unload_date": "2025-08-18",
    "transfer_date": "2025-08-26",
    "has_title": true,
    "title_notes": "",
    "total_price": "280.00",
    "current_price": "0.00",
    "storage_cost": "20.00",
    "days": 4,
    "container": 47,
    "ths": "80.00",
    "unload_fee": "0.00",
    "delivery_fee": "0.00",
    "loading_fee": "0.00",
    "docs_fee": "0.00",
    "transfer_fee": "0.00",
    "transit_declaration": "0.00",
    "export_declaration": "0.00",
    "extra_costs": "0.00",
    "dekl": null,
    "proft": "20.00",
    "free_days": 5,
    "rate": "5.00",
    "complex_fee": "160.00",
    "price": null,
    "auction_fee": null,
    "transport_usa": null,
    "ocean_freight": null,
    "transport_kz": null,
    "broker_fee": null,
    "additional_expenses": null
  }
},
{
  "model": "core.car",
  "pk": 144,
  "fields": {
    "year": 2018,
    "brand": "BMW 330I",
    "vin": "WBA8Z9C5XJG828406",
    "client": 12,
    "status": "TRANSFERRED",
    "warehouse": 1,
    "line": null,
    "carrier": null,
    "unload_date": "2025-08-18",
    "transfer_date": "2025-08-26",
    "has_title": true,
    "title_notes": "",
    "total_price": "280.00",
    "current_price": "0.00",
    "storage_cost": "20.00",
    "days": 4,
    "container": 47,
    "ths": "80.00",
    "unload_fee": "0.00",
    "delivery_fee": "0.00",
    "loading_fee": "0.00",
    "docs_fee": "0.00",
    "transfer_fee": "0.00",
    "transit_declaration": "0.00",
    "export_declaration": "0.00",
    "extra_costs": "0.00",
    "dekl": null,
    "proft": "20.00",
    "free_days": 5,
    "rate": "5.00",
    "complex_fee": "160.00",
    "price": null,
    "auction_fee": null,
    "transport_usa": null,
    "ocean_freight": null,
    "transport_kz": null,
    "broker_fee": null,
    "additional_expenses": null
  }
},
{
  "model": "core.car",
  "pk": 145,
  "fields": {
    "year": 2017,
    "brand": "CHEVROLET BOLT",
    "vin": "1G1FW6S01H4190638",
    "client": 4,
    "status": "TRANSFERRED",
    "warehouse": 1,
    "line": null,
    "carrier": null,
    "unload_date": "2025-08-18",
    "transfer_date": "2025-08-21",
    "has_title": true,
    "title_notes": "",
    "total_price": "260.00",
    "current_price": "0.00",
    "storage_cost": "0.00",
    "days": 0,
    "container": 47,
    "ths": "80.00",
    "unload_fee": "0.00",
    "delivery_fee": "0.00",
    "loading_fee": "0.00",
    "docs_fee": "0.00",
    "transfer_fee": "0.00",
    "transit_declaration": "0.00",
    "export_declaration": "0.00",
    "extra_costs": "0.00",
    "dekl": null,
    "proft": "20.00",
    "free_days": 5,
    "rate": "5.00",
    "complex_fee": "160.00",
    "price": null,
    "auction_fee": null,
    "transport_usa": null,
    "ocean_freight": null,
    "transport_kz": null,
    "broker_fee": null,
    "additional_expenses": null
  }
},
{
  "model": "core.car",
  "pk": 154,
  "fields": {
    "year": 2016,
    "brand": "AUDI A3",
    "vin": "WAUA7GFF7G1058662",
    "client": 12,
    "status": "TRANSFERRED",
    "warehouse": 1,
    "line": null,
    "carrier": null,
    "unload_date": "2025-08-21",
    "transfer_date": "2025-08-26",
    "has_title": true,
    "title_notes": "",
    "total_price": "265.00",
    "current_price": "0.00",
    "storage_cost": "5.00",
    "days": 1,
    "container": 49,
    "ths": "80.00",
    "unload_fee": "0.00",
    "delivery_fee": "0.00",
    "loading_fee": "0.00",
    "docs_fee": "0.00",
    "transfer_fee": "0.00",
    "transit_declaration": "0.00",
    "export_declaration": "0.00",
    "extra_costs": "0.00",
    "dekl": null,
    "proft": "20.00",
    "free_days": 5,
    "rate": "5.00",
    "complex_fee": "160.00",
    "price": null,
    "auction_fee": null,
    "transport_usa": null,
    "ocean_freight": null,
    "transport_kz": null,
    "broker_fee": null,
    "additional_expenses": null
  }
},
{
  "model": "core.car",
  "pk": 155,
  "fields": {
    "year": 2020,
    "brand": "BMW 330XI",
    "vin": "3MW5R7J04L8B21544",
    "client": 12,
    "status": "TRANSFERRED",
    "warehouse": 1,
    "line": null,
    "carrier": null,
    "unload_date": "2025-08-21",
    "transfer_date": "2025-08-26",
    "has_title": true,
    "title_notes": "",
    "total_price": "265.00",
    "current_price": "0.00",
    "storage_cost": "5.00",
    "days": 1,
    "container": 49,
    "ths": "80.00",
    "unload_fee": "0.00",
    "delivery_fee": "0.00",
    "loading_fee": "0.00",
    "docs_fee": "0.00",
    "transfer_fee": "0.00",
    "transit_declaration": "0.00",
    "export_declaration": "0.00",
    "extra_costs": "0.00",
    "dekl": null,
    "proft": "20.00",
    "free_days": 5,
    "rate": "5.00",
    "complex_fee": "160.00",
    "price": null,
    "auction_fee": null,
    "transport_usa": null,
    "ocean_freight": null,
    "transport_kz": null,
    "broker_fee": null,
    "additional_expenses": null
  }
},
{
  "model": "core.car",
  "pk": 156,
  "fields": {
    "year": 2023,
    "brand": "CHEVROLET EQUINOX",
    "vin": "3GNAXKEG5PS189501",
    "client": 4,
    "status": "TRANSFERRED",
    "warehouse": 1,
    "line": null,
    "carrier": null,
    "unload_date": "2025-08-21",
    "transfer_date": "2025-08-22",
    "has_title": true,
    "title_notes": "",
    "total_price": "260.00",
    "current_price": "0.00",
    "storage_cost": "0.00",
    "days": 0,
    "container": 49,
    "ths": "80.00",
    "unload_fee": "0.00",
    "delivery_fee": "0.00",
    "loading_fee": "0.00",
    "docs_fee": "0.00",
    "transfer_fee": "0.00",
    "transit_declaration": "0.00",
    "export_declaration": "0.00",
    "extra_costs": "0.00",
    "dekl": null,
    "proft": "20.00",
    "free_days": 5,
    "rate": "5.00",
    "complex_fee": "160.00",
    "price": null,
    "auction_fee": null,
    "transport_usa": null,
    "ocean_freight": null,
    "transport_kz": null,
    "broker_fee": null,
    "additional_expenses": null
  }
},
{
  "model": "core.car",
  "pk": 157,
  "fields": {
    "year": 2022,
    "brand": "FORD ESCAPE",
    "vin": "1FMCU9G64NUA61136",
    "client": 4,
    "status": "TRANSFERRED",
    "warehouse": 1,
    "line": null,
    "carrier": null,
    "unload_date": "2025-08-21",
    "transfer_date": "2025-08-22",
    "has_title": true,
    "title_notes": "",
    "total_price": "260.00",
    "current_price": "0.00",
    "storage_cost": "0.00",
    "days": 0,
    "container": 49,
    "ths": "80.00",
    "unload_fee": "0.00",
    "delivery_fee": "0.00",
    "loading_fee": "0.00",
    "docs_fee": "0.00",
    "transfer_fee": "0.00",
    "transit_declaration": "0.00",
    "export_declaration": "0.00",
    "extra_costs": "0.00",
    "dekl": null,
    "proft": "20.00",
    "free_days": 5,
    "rate": "5.00",
    "complex_fee": "160.00",
    "price": null,
    "auction_fee": null,
    "transport_usa": null,
    "ocean_freight": null,
    "transport_kz": null,
    "broker_fee": null,
    "additional_expenses": null
  }
},
{
  "model": "core.car",
  "pk": 158,
  "fields": {
    "year": 2018,
    "brand": "AUDI Q7",
    "vin": "WA1LHAF78JD053176",
    "client": 12,
    "status": "TRANSFERRED",
    "warehouse": 1,
    "line": null,
    "carrier": null,
    "unload_date": "2025-08-26",
    "transfer_date": "2025-09-05",
    "has_title": true,
    "title_notes": "В офис нето передал",
    "total_price": "290.00",
    "current_price": "0.00",
    "storage_cost": "30.00",
    "days": 6,
    "container": 50,
    "ths": "80.00",
    "unload_fee": "0.00",
    "delivery_fee": "0.00",
    "loading_fee": "0.00",
    "docs_fee": "0.00",
    "transfer_fee": "0.00",
    "transit_declaration": "0.00",
    "export_declaration": "0.00",
    "extra_costs": "0.00",
    "dekl": null,
    "proft": "20.00",
    "free_days": 5,
    "rate": "5.00",
    "complex_fee": "160.00",
    "price": null,
    "auction_fee": null,
    "transport_usa": null,
    "ocean_freight": null,
    "transport_kz": null,
    "broker_fee": null,
    "additional_expenses": null
  }
},
{
  "model": "core.car",
  "pk": 159,
  "fields": {
    "year": 2018,
    "brand": "AUDI Q5",
    "vin": "WA1BNAFY0J2191240",
    "client": 12,
    "status": "TRANSFERRED",
    "warehouse": 1,
    "line": null,
    "carrier": null,
    "unload_date": "2025-08-26",
    "transfer_date": "2025-08-28",
    "has_title": true,
    "title_notes": "",
    "total_price": "260.00",
    "current_price": "0.00",
    "storage_cost": "0.00",
    "days": 0,
    "container": 50,
    "ths": "80.00",
    "unload_fee": "0.00",
    "delivery_fee": "0.00",
    "loading_fee": "0.00",
    "docs_fee": "0.00",
    "transfer_fee": "0.00",
    "transit_declaration": "0.00",
    "export_declaration": "0.00",
    "extra_costs": "0.00",
    "dekl": null,
    "proft": "20.00",
    "free_days": 5,
    "rate": "5.00",
    "complex_fee": "160.00",
    "price": null,
    "auction_fee": null,
    "transport_usa": null,
    "ocean_freight": null,
    "transport_kz": null,
    "broker_fee": null,
    "additional_expenses": null
  }
},
{
  "model": "core.car",
  "pk": 160,
  "fields": {
    "year": 2019,
    "brand": "BMW 530E",
    "vin": "WBAJA9C57KB399703",
    "client": 12,
    "status": "TRANSFERRED",
    "warehouse": 1,
    "line": null,
    "carrier": null,
    "unload_date": "2025-08-26",
    "transfer_date": "2025-09-05",
    "has_title": true,
    "title_notes": "В офис нето передал",
    "total_price": "290.00",
    "current_price": "0.00",
    "storage_cost": "30.00",
    "days": 6,
    "container": 50,
    "ths": "80.00",
    "unload_fee": "0.00",
    "delivery_fee": "0.00",
    "loading_fee": "0.00",
    "docs_fee": "0.00",
    "transfer_fee": "0.00",
    "transit_declaration": "0.00",
    "export_declaration": "0.00",
    "extra_costs": "0.00",
    "dekl": null,
    "proft": "20.00",
    "free_days": 5,
    "rate": "5.00",
    "complex_fee": "160.00",
    "price": null,
    "auction_fee": null,
    "transport_usa": null,
    "ocean_freight": null,
    "transport_kz": null,
    "broker_fee": null,
    "additional_expenses": null
  }
},
{
  "model": "core.car",
  "pk": 161,
  "fields": {
    "year": 2019,
    "brand": "BMW I8",
    "vin": "WBY2Z6C51KVB82985",
    "client": 4,
    "status": "TRANSFERRED",
    "warehouse": 1,
    "line": null,
    "carrier": null,
    "unload_date": "2025-08-26",
    "transfer_date": "2025-09-02",
    "has_title": true,
    "title_notes": "отдал Ajurvete",
    "total_price": "275.00",
    "current_price": "0.00",
    "storage_cost": "15.00",
    "days": 3,
    "container": 50,
    "ths": "80.00",
    "unload_fee": "0.00",
    "delivery_fee": "0.00",
    "loading_fee": "0.00",
    "docs_fee": "0.00",
    "transfer_fee": "0.00",
    "transit_declaration": "0.00",
    "export_declaration": "0.00",
    "extra_costs": "0.00",
    "dekl": null,
    "proft": "20.00",
    "free_days": 5,
    "rate": "5.00",
    "complex_fee": "160.00",
    "price": null,
    "auction_fee": null,
    "transport_usa": null,
    "ocean_freight": null,
    "transport_kz": null,
    "broker_fee": null,
    "additional_expenses": null
  }
},
{
  "model": "core.car",
  "pk": 162,
  "fields": {
    "year": 2017,
    "brand": "BMW 430I",
    "vin": "WBA4F9C59HG792337",
    "client": 12,
    "status": "TRANSFERRED",
    "warehouse": 1,
    "line": null,
    "carrier": null,
    "unload_date": "2025-08-22",
    "transfer_date": "2025-08-28",
    "has_title": true,
    "title_notes": "",
    "total_price": "260.00",
    "current_price": "0.00",
    "storage_cost": "10.00",
    "days": 2,
    "container": 51,
    "ths": "70.00",
    "unload_fee": "0.00",
    "delivery_fee": "0.00",
    "loading_fee": "0.00",
    "docs_fee": "0.00",
    "transfer_fee": "0.00",
    "transit_declaration": "0.00",
    "export_declaration": "0.00",
    "extra_costs": "0.00",
    "dekl": null,
    "proft": "20.00",
    "free_days": 5,
    "rate": "5.00",
    "complex_fee": "160.00",
    "price": null,
    "auction_fee": null,
    "transport_usa": null,
    "ocean_freight": null,
    "transport_kz": null,
    "broker_fee": null,
    "additional_expenses": null
  }
},
{
  "model": "core.car",
  "pk": 163,
  "fields": {
    "year": 2023,
    "brand": "BMW 530E",
    "vin": "WBA13AG07PCL98367",
    "client": 12,
    "status": "TRANSFERRED",
    "warehouse": 1,
    "line": null,
    "carrier": null,
    "unload_date": "2025-08-22",
    "transfer_date": "2025-08-26",
    "has_title": true,
    "title_notes": "",
    "total_price": "250.00",
    "current_price": "0.00",
    "storage_cost": "0.00",
    "days": 0,
    "container": 51,
    "ths": "70.00",
    "unload_fee": "0.00",
    "delivery_fee": "0.00",
    "loading_fee": "0.00",
    "docs_fee": "0.00",
    "transfer_fee": "0.00",
    "transit_declaration": "0.00",
    "export_declaration": "0.00",
    "extra_costs": "0.00",
    "dekl": null,
    "proft": "20.00",
    "free_days": 5,
    "rate": "5.00",
    "complex_fee": "160.00",
    "price": null,
    "auction_fee": null,
    "transport_usa": null,
    "ocean_freight": null,
    "transport_kz": null,
    "broker_fee": null,
    "additional_expenses": null
  }
},
{
  "model": "core.car",
  "pk": 164,
  "fields": {
    "year": 2017,
    "brand": "BMW 530I",
    "vin": "WBAJA7C31HG903693",
    "client": 12,
    "status": "TRANSFERRED",
    "warehouse": 1,
    "line": null,
    "carrier": null,
    "unload_date": "2025-08-22",
    "transfer_date": "2025-08-28",
    "has_title": true,
    "title_notes": "",
    "total_price": "260.00",
    "current_price": "0.00",
    "storage_cost": "10.00",
    "days": 2,
    "container": 51,
    "ths": "70.00",
    "unload_fee": "0.00",
    "delivery_fee": "0.00",
    "loading_fee": "0.00",
    "docs_fee": "0.00",
    "transfer_fee": "0.00",
    "transit_declaration": "0.00",
    "export_declaration": "0.00",
    "extra_costs": "0.00",
    "dekl": null,
    "proft": "20.00",
    "free_days": 5,
    "rate": "5.00",
    "complex_fee": "160.00",
    "price": null,
    "auction_fee": null,
    "transport_usa": null,
    "ocean_freight": null,
    "transport_kz": null,
    "broker_fee": null,
    "additional_expenses": null
  }
},
{
  "model": "core.car",
  "pk": 165,
  "fields": {
    "year": 2017,
    "brand": "AUDI Q5",
    "vin": "WA1M2AFP3HA053538",
    "client": 12,
    "status": "TRANSFERRED",
    "warehouse": 1,
    "line": null,
    "carrier": null,
    "unload_date": "2025-08-22",
    "transfer_date": "2025-08-26",
    "has_title": true,
    "title_notes": "",
    "total_price": "250.00",
    "current_price": "0.00",
    "storage_cost": "0.00",
    "days": 0,
    "container": 51,
    "ths": "70.00",
    "unload_fee": "0.00",
    "delivery_fee": "0.00",
    "loading_fee": "0.00",
    "docs_fee": "0.00",
    "transfer_fee": "0.00",
    "transit_declaration": "0.00",
    "export_declaration": "0.00",
    "extra_costs": "0.00",
    "dekl": null,
    "proft": "20.00",
    "free_days": 5,
    "rate": "5.00",
    "complex_fee": "160.00",
    "price": null,
    "auction_fee": null,
    "transport_usa": null,
    "ocean_freight": null,
    "transport_kz": null,
    "broker_fee": null,
    "additional_expenses": null
  }
},
{
  "model": "core.car",
  "pk": 166,
  "fields": {
    "year": 2024,
    "brand": "FORD ESCAPE",
    "vin": "1FMCU9MN7RUA58877",
    "client": 4,
    "status": "TRANSFERRED",
    "warehouse": 1,
    "line": null,
    "carrier": null,
    "unload_date": "2025-08-26",
    "transfer_date": "2025-08-29",
    "has_title": true,
    "title_notes": "",
    "total_price": "260.00",
    "current_price": "0.00",
    "storage_cost": "0.00",
    "days": 0,
    "container": 52,
    "ths": "80.00",
    "unload_fee": "0.00",
    "delivery_fee": "0.00",
    "loading_fee": "0.00",
    "docs_fee": "0.00",
    "transfer_fee": "0.00",
    "transit_declaration": "0.00",
    "export_declaration": "0.00",
    "extra_costs": "0.00",
    "dekl": null,
    "proft": "20.00",
    "free_days": 5,
    "rate": "5.00",
    "complex_fee": "160.00",
    "price": null,
    "auction_fee": null,
    "transport_usa": null,
    "ocean_freight": null,
    "transport_kz": null,
    "broker_fee": null,
    "additional_expenses": null
  }
},
{
  "model": "core.car",
  "pk": 167,
  "fields": {
    "year": 2024,
    "brand": "VW JETTA",
    "vin": "3VWBM7BU8RM007601",
    "client": 4,
    "status": "TRANSFERRED",
    "warehouse": 1,
    "line": null,
    "carrier": null,
    "unload_date": "2025-08-26",
    "transfer_date": "2025-08-29",
    "has_title": true,
    "title_notes": "",
    "total_price": "260.00",
    "current_price": "0.00",
    "storage_cost": "0.00",
    "days": 0,
    "container": 52,
    "ths": "80.00",
    "unload_fee": "0.00",
    "delivery_fee": "0.00",
    "loading_fee": "0.00",
    "docs_fee": "0.00",
    "transfer_fee": "0.00",
    "transit_declaration": "0.00",
    "export_declaration": "0.00",
    "extra_costs": "0.00",
    "dekl": null,
    "proft": "20.00",
    "free_days": 5,
    "rate": "5.00",
    "complex_fee": "160.00",
    "price": null,
    "auction_fee": null,
    "transport_usa": null,
    "ocean_freight": null,
    "transport_kz": null,
    "broker_fee": null,
    "additional_expenses": null
  }
},
{
  "model": "core.car",
  "pk": 168,
  "fields": {
    "year": 2022,
    "brand": "VW TAOS",
    "vin": "3VVLX7B22NM066801",
    "client": 3,
    "status": "TRANSFERRED",
    "warehouse": 1,
    "line": null,
    "carrier": null,
    "unload_date": "2025-08-26",
    "transfer_date": null,
    "has_title": true,
    "title_notes": "",
    "total_price": "0.00",
    "current_price": "260.00",
    "storage_cost": "0.00",
    "days": 0,
    "container": 52,
    "ths": "80.00",
    "unload_fee": "0.00",
    "delivery_fee": "0.00",
    "loading_fee": "0.00",
    "docs_fee": "0.00",
    "transfer_fee": "0.00",
    "transit_declaration": "0.00",
    "export_declaration": "0.00",
    "extra_costs": "0.00",
    "dekl": null,
    "proft": "20.00",
    "free_days": 5,
    "rate": "5.00",
    "complex_fee": "160.00",
    "price": null,
    "auction_fee": null,
    "transport_usa": null,
    "ocean_freight": null,
    "transport_kz": null,
    "broker_fee": null,
    "additional_expenses": null
  }
},
{
  "model": "core.car",
  "pk": 169,
  "fields": {
    "year": 2022,
    "brand": "VW TAOS",
    "vin": "3VVSX7B24NM094482",
    "client": 3,
    "status": "TRANSFERRED",
    "warehouse": 1,
    "line": null,
    "carrier": null,
    "unload_date": "2025-08-26",
    "transfer_date": null,
    "has_title": true,
    "title_notes": "",
    "total_price": "0.00",
    "current_price": "260.00",
    "storage_cost": "0.00",
    "days": 0,
    "container": 52,
    "ths": "80.00",
    "unload_fee": "0.00",
    "delivery_fee": "0.00",
    "loading_fee": "0.00",
    "docs_fee": "0.00",
    "transfer_fee": "0.00",
    "transit_declaration": "0.00",
    "export_declaration": "0.00",
    "extra_costs": "0.00",
    "dekl": null,
    "proft": "20.00",
    "free_days": 5,
    "rate": "5.00",
    "complex_fee": "160.00",
    "price": null,
    "auction_fee": null,
    "transport_usa": null,
    "ocean_freight": null,
    "transport_kz": null,
    "broker_fee": null,
    "additional_expenses": null
  }
},
{
  "model": "core.car",
  "pk": 170,
  "fields": {
    "year": 2025,
    "brand": "CHEV EQUINOX",
    "vin": "3GNAXHEG6SL231728",
    "client": 4,
    "status": "TRANSFERRED",
    "warehouse": 1,
    "line": null,
    "carrier": null,
    "unload_date": "2025-09-08",
    "transfer_date": null,
    "has_title": true,
    "title_notes": "",
    "total_price": "0.00",
    "current_price": "286.67",
    "storage_cost": "0.00",
    "days": 0,
    "container": 53,
    "ths": "106.67",
    "unload_fee": "0.00",
    "delivery_fee": "0.00",
    "loading_fee": "0.00",
    "docs_fee": "0.00",
    "transfer_fee": "0.00",
    "transit_declaration": "0.00",
    "export_declaration": "0.00",
    "extra_costs": "0.00",
    "dekl": null,
    "proft": "20.00",
    "free_days": 5,
    "rate": "5.00",
    "complex_fee": "160.00",
    "price": null,
    "auction_fee": null,
    "transport_usa": null,
    "ocean_freight": null,
    "transport_kz": null,
    "broker_fee": null,
    "additional_expenses": null
  }
},
{
  "model": "core.car",
  "pk": 171,
  "fields": {
    "year": 2023,
    "brand": "NISSAN ROUGE",
    "vin": "JN8BT3BBXPW218412",
    "client": 4,
    "status": "TRANSFERRED",
    "warehouse": 1,
    "line": null,
    "carrier": null,
    "unload_date": "2025-09-08",
    "transfer_date": null,
    "has_title": true,
    "title_notes": "",
    "total_price": "0.00",
    "current_price": "286.67",
    "storage_cost": "0.00",
    "days": 0,
    "container": 53,
    "ths": "106.67",
    "unload_fee": "0.00",
    "delivery_fee": "0.00",
    "loading_fee": "0.00",
    "docs_fee": "0.00",
    "transfer_fee": "0.00",
    "transit_declaration": "0.00",
    "export_declaration": "0.00",
    "extra_costs": "0.00",
    "dekl": null,
    "proft": "20.00",
    "free_days": 5,
    "rate": "5.00",
    "complex_fee": "160.00",
    "price": null,
    "auction_fee": null,
    "transport_usa": null,
    "ocean_freight": null,
    "transport_kz": null,
    "broker_fee": null,
    "additional_expenses": null
  }
},
{
  "model": "core.car",
  "pk": 172,
  "fields": {
    "year": 2021,
    "brand": "CHEV EQUINOX",
    "vin": "3GNAXKEV3MS107940",
    "client": 4,
    "status": "TRANSFERRED",
    "warehouse": 1,
    "line": null,
    "carrier": null,
    "unload_date": "2025-09-08",
    "transfer_date": null,
    "has_title": true,
    "title_notes": "",
    "total_price": "0.00",
    "current_price": "286.67",
    "storage_cost": "0.00",
    "days": 0,
    "container": 53,
    "ths": "106.67",
    "unload_fee": "0.00",
    "delivery_fee": "0.00",
    "loading_fee": "0.00",
    "docs_fee": "0.00",
    "transfer_fee": "0.00",
    "transit_declaration": "0.00",
    "export_declaration": "0.00",
    "extra_costs": "0.00",
    "dekl": null,
    "proft": "20.00",
    "free_days": 5,
    "rate": "5.00",
    "complex_fee": "160.00",
    "price": null,
    "auction_fee": null,
    "transport_usa": null,
    "ocean_freight": null,
    "transport_kz": null,
    "broker_fee": null,
    "additional_expenses": null
  }
},
{
  "model": "core.car",
  "pk": 173,
  "fields": {
    "year": 2005,
    "brand": "HARLEY",
    "vin": "1HD1GPW185K315227",
    "client": 4,
    "status": "TRANSFERRED",
    "warehouse": 1,
    "line": null,
    "carrier": null,
    "unload_date": "2025-08-26",
    "transfer_date": "2025-08-29",
    "has_title": true,
    "title_notes": "",
    "total_price": "244.00",
    "current_price": "0.00",
    "storage_cost": "0.00",
    "days": 0,
    "container": 54,
    "ths": "64.00",
    "unload_fee": "0.00",
    "delivery_fee": "0.00",
    "loading_fee": "0.00",
    "docs_fee": "0.00",
    "transfer_fee": "0.00",
    "transit_declaration": "0.00",
    "export_declaration": "0.00",
    "extra_costs": "0.00",
    "dekl": null,
    "proft": "20.00",
    "free_days": 5,
    "rate": "5.00",
    "complex_fee": "160.00",
    "price": null,
    "auction_fee": null,
    "transport_usa": null,
    "ocean_freight": null,
    "transport_kz": null,
    "broker_fee": null,
    "additional_expenses": null
  }
},
{
  "model": "core.car",
  "pk": 174,
  "fields": {
    "year": 2021,
    "brand": "KIA K5",
    "vin": "5XXG24J21MG001419",
    "client": 4,
    "status": "TRANSFERRED",
    "warehouse": 1,
    "line": null,
    "carrier": null,
    "unload_date": "2025-08-26",
    "transfer_date": "2025-08-29",
    "has_title": true,
    "title_notes": "",
    "total_price": "244.00",
    "current_price": "0.00",
    "storage_cost": "0.00",
    "days": 0,
    "container": 54,
    "ths": "64.00",
    "unload_fee": "0.00",
    "delivery_fee": "0.00",
    "loading_fee": "0.00",
    "docs_fee": "0.00",
    "transfer_fee": "0.00",
    "transit_declaration": "0.00",
    "export_declaration": "0.00",
    "extra_costs": "0.00",
    "dekl": null,
    "proft": "20.00",
    "free_days": 5,
    "rate": "5.00",
    "complex_fee": "160.00",
    "price": null,
    "auction_fee": null,
    "transport_usa": null,
    "ocean_freight": null,
    "transport_kz": null,
    "broker_fee": null,
    "additional_expenses": null
  }
},
{
  "model": "core.car",
  "pk": 175,
  "fields": {
    "year": 2018,
    "brand": "BUICK REGAL",
    "vin": "W04GU8SX0J1111665",
    "client": 3,
    "status": "TRANSFERRED",
    "warehouse": 1,
    "line": null,
    "carrier": null,
    "unload_date": "2025-08-26",
    "transfer_date": null,
    "has_title": true,
    "title_notes": "",
    "total_price": "0.00",
    "current_price": "244.00",
    "storage_cost": "0.00",
    "days": 0,
    "container": 54,
    "ths": "64.00",
    "unload_fee": "0.00",
    "delivery_fee": "0.00",
    "loading_fee": "0.00",
    "docs_fee": "0.00",
    "transfer_fee": "0.00",
    "transit_declaration": "0.00",
    "export_declaration": "0.00",
    "extra_costs": "0.00",
    "dekl": null,
    "proft": "20.00",
    "free_days": 5,
    "rate": "5.00",
    "complex_fee": "160.00",
    "price": null,
    "auction_fee": null,
    "transport_usa": null,
    "ocean_freight": null,
    "transport_kz": null,
    "broker_fee": null,
    "additional_expenses": null
  }
},
{
  "model": "core.car",
  "pk": 176,
  "fields": {
    "year": 2019,
    "brand": "AUDI Q5",
    "vin": "WA1CNAFY1K2118707",
    "client": 17,
    "status": "TRANSFERRED",
    "warehouse": 1,
    "line": null,
    "carrier": null,
    "unload_date": "2025-08-26",
    "transfer_date": "2025-09-04",
    "has_title": true,
    "title_notes": "В офис нето передал",
    "total_price": "269.00",
    "current_price": "0.00",
    "storage_cost": "25.00",
    "days": 5,
    "container": 54,
    "ths": "64.00",
    "unload_fee": "0.00",
    "delivery_fee": "0.00",
    "loading_fee": "0.00",
    "docs_fee": "0.00",
    "transfer_fee": "0.00",
    "transit_declaration": "0.00",
    "export_declaration": "0.00",
    "extra_costs": "0.00",
    "dekl": null,
    "proft": "20.00",
    "free_days": 5,
    "rate": "5.00",
    "complex_fee": "160.00",
    "price": null,
    "auction_fee": null,
    "transport_usa": null,
    "ocean_freight": null,
    "transport_kz": null,
    "broker_fee": null,
    "additional_expenses": null
  }
},
{
  "model": "core.car",
  "pk": 177,
  "fields": {
    "year": 2023,
    "brand": "DUCATI MONSTER",
    "vin": "ZDMMAMDT5PB008320",
    "client": 7,
    "status": "TRANSFERRED",
    "warehouse": 1,
    "line": null,
    "carrier": null,
    "unload_date": "2025-08-26",
    "transfer_date": "2025-08-28",
    "has_title": true,
    "title_notes": "",
    "total_price": "244.00",
    "current_price": "0.00",
    "storage_cost": "0.00",
    "days": 0,
    "container": 54,
    "ths": "64.00",
    "unload_fee": "0.00",
    "delivery_fee": "0.00",
    "loading_fee": "0.00",
    "docs_fee": "0.00",
    "transfer_fee": "0.00",
    "transit_declaration": "0.00",
    "export_declaration": "0.00",
    "extra_costs": "0.00",
    "dekl": null,
    "proft": "20.00",
    "free_days": 5,
    "rate": "5.00",
    "complex_fee": "160.00",
    "price": null,
    "auction_fee": null,
    "transport_usa": null,
    "ocean_freight": null,
    "transport_kz": null,
    "broker_fee": null,
    "additional_expenses": null
  }
},
{
  "model": "core.car",
  "pk": 178,
  "fields": {
    "year": 2020,
    "brand": "BMW X7",
    "vin": "5UXCW2C0XL9C59941",
    "client": 12,
    "status": "TRANSFERRED",
    "warehouse": 1,
    "line": null,
    "carrier": null,
    "unload_date": "2025-09-05",
    "transfer_date": "2025-09-05",
    "has_title": true,
    "title_notes": "",
    "total_price": "260.00",
    "current_price": "0.00",
    "storage_cost": "0.00",
    "days": 0,
    "container": 55,
    "ths": "80.00",
    "unload_fee": "0.00",
    "delivery_fee": "0.00",
    "loading_fee": "0.00",
    "docs_fee": "0.00",
    "transfer_fee": "0.00",
    "transit_declaration": "0.00",
    "export_declaration": "0.00",
    "extra_costs": "0.00",
    "dekl": null,
    "proft": "20.00",
    "free_days": 5,
    "rate": "5.00",
    "complex_fee": "160.00",
    "price": null,
    "auction_fee": null,
    "transport_usa": null,
    "ocean_freight": null,
    "transport_kz": null,
    "broker_fee": null,
    "additional_expenses": null
  }
},
{
  "model": "core.car",
  "pk": 179,
  "fields": {
    "year": 2022,
    "brand": "TRIUMPH",
    "vin": "SMTD46HL9NTAF5110",
    "client": 4,
    "status": "TRANSFERRED",
    "warehouse": 1,
    "line": null,
    "carrier": null,
    "unload_date": "2025-09-05",
    "transfer_date": null,
    "has_title": true,
    "title_notes": "",
    "total_price": "0.00",
    "current_price": "260.00",
    "storage_cost": "0.00",
    "days": 0,
    "container": 55,
    "ths": "80.00",
    "unload_fee": "0.00",
    "delivery_fee": "0.00",
    "loading_fee": "0.00",
    "docs_fee": "0.00",
    "transfer_fee": "0.00",
    "transit_declaration": "0.00",
    "export_declaration": "0.00",
    "extra_costs": "0.00",
    "dekl": null,
    "proft": "20.00",
    "free_days": 5,
    "rate": "5.00",
    "complex_fee": "160.00",
    "price": null,
    "auction_fee": null,
    "transport_usa": null,
    "ocean_freight": null,
    "transport_kz": null,
    "broker_fee": null,
    "additional_expenses": null
  }
},
{
  "model": "core.car",
  "pk": 180,
  "fields": {
    "year": 2021,
    "brand": "CHEV EQUINOX",
    "vin": "2GNAXUEV8M6165746",
    "client": 4,
    "status": "TRANSFERRED",
    "warehouse": 1,
    "line": null,
    "carrier": null,
    "unload_date": "2025-09-05",
    "transfer_date": null,
    "has_title": true,
    "title_notes": "",
    "total_price": "0.00",
    "current_price": "260.00",
    "storage_cost": "0.00",
    "days": 0,
    "container": 55,
    "ths": "80.00",
    "unload_fee": "0.00",
    "delivery_fee": "0.00",
    "loading_fee": "0.00",
    "docs_fee": "0.00",
    "transfer_fee": "0.00",
    "transit_declaration": "0.00",
    "export_declaration": "0.00",
    "extra_costs": "0.00",
    "dekl": null,
    "proft": "20.00",
    "free_days": 5,
    "rate": "5.00",
    "complex_fee": "160.00",
    "price": null,
    "auction_fee": null,
    "transport_usa": null,
    "ocean_freight": null,
    "transport_kz": null,
    "broker_fee": null,
    "additional_expenses": null
  }
},
{
  "model": "core.car",
  "pk": 181,
  "fields": {
    "year": 2018,
    "brand": "HARLEY",
    "vin": "1HD1KKD17JB669030",
    "client": 18,
    "status": "TRANSFERRED",
    "warehouse": 1,
    "line": null,
    "carrier": null,
    "unload_date": "2025-09-05",
    "transfer_date": null,
    "has_title": true,
    "title_notes": "",
    "total_price": "0.00",
    "current_price": "260.00",
    "storage_cost": "0.00",
    "days": 0,
    "container": 55,
    "ths": "80.00",
    "unload_fee": "0.00",
    "delivery_fee": "0.00",
    "loading_fee": "0.00",
    "docs_fee": "0.00",
    "transfer_fee": "0.00",
    "transit_declaration": "0.00",
    "export_declaration": "0.00",
    "extra_costs": "0.00",
    "dekl": null,
    "proft": "20.00",
    "free_days": 5,
    "rate": "5.00",
    "complex_fee": "160.00",
    "price": null,
    "auction_fee": null,
    "transport_usa": null,
    "ocean_freight": null,
    "transport_kz": null,
    "broker_fee": null,
    "additional_expenses": null
  }
},
{
  "model": "core.car",
  "pk": 182,
  "fields": {
    "year": 2024,
    "brand": "VW JETTA",
    "vin": "3VWEM7BU3RM036078",
    "client": 4,
    "status": "TRANSFERRED",
    "warehouse": 1,
    "line": null,
    "carrier": null,
    "unload_date": "2025-09-02",
    "transfer_date": "2025-09-05",
    "has_title": true,
    "title_notes": "",
    "total_price": "260.00",
    "current_price": "0.00",
    "storage_cost": "0.00",
    "days": 0,
    "container": 56,
    "ths": "80.00",
    "unload_fee": "0.00",
    "delivery_fee": "0.00",
    "loading_fee": "0.00",
    "docs_fee": "0.00",
    "transfer_fee": "0.00",
    "transit_declaration": "0.00",
    "export_declaration": "0.00",
    "extra_costs": "0.00",
    "dekl": null,
    "proft": "20.00",
    "free_days": 5,
    "rate": "5.00",
    "complex_fee": "160.00",
    "price": null,
    "auction_fee": null,
    "transport_usa": null,
    "ocean_freight": null,
    "transport_kz": null,
    "broker_fee": null,
    "additional_expenses": null
  }
},
{
  "model": "core.car",
  "pk": 183,
  "fields": {
    "year": 2019,
    "brand": "TESLA 3",
    "vin": "5YJ3E1EB5KF454456",
    "client": 4,
    "status": "TRANSFERRED",
    "warehouse": 1,
    "line": null,
    "carrier": null,
    "unload_date": "2025-09-02",
    "transfer_date": "2025-09-05",
    "has_title": true,
    "title_notes": "",
    "total_price": "260.00",
    "current_price": "0.00",
    "storage_cost": "0.00",
    "days": 0,
    "container": 56,
    "ths": "80.00",
    "unload_fee": "0.00",
    "delivery_fee": "0.00",
    "loading_fee": "0.00",
    "docs_fee": "0.00",
    "transfer_fee": "0.00",
    "transit_declaration": "0.00",
    "export_declaration": "0.00",
    "extra_costs": "0.00",
    "dekl": null,
    "proft": "20.00",
    "free_days": 5,
    "rate": "5.00",
    "complex_fee": "160.00",
    "price": null,
    "auction_fee": null,
    "transport_usa": null,
    "ocean_freight": null,
    "transport_kz": null,
    "broker_fee": null,
    "additional_expenses": null
  }
},
{
  "model": "core.car",
  "pk": 184,
  "fields": {
    "year": 2018,
    "brand": "HONDA C-RV",
    "vin": "7FARW1H9XJE001467",
    "client": 4,
    "status": "TRANSFERRED",
    "warehouse": 1,
    "line": null,
    "carrier": null,
    "unload_date": "2025-09-02",
    "transfer_date": "2025-09-03",
    "has_title": true,
    "title_notes": "",
    "total_price": "260.00",
    "current_price": "0.00",
    "storage_cost": "0.00",
    "days": 0,
    "container": 56,
    "ths": "80.00",
    "unload_fee": "0.00",
    "delivery_fee": "0.00",
    "loading_fee": "0.00",
    "docs_fee": "0.00",
    "transfer_fee": "0.00",
    "transit_declaration": "0.00",
    "export_declaration": "0.00",
    "extra_costs": "0.00",
    "dekl": null,
    "proft": "20.00",
    "free_days": 5,
    "rate": "5.00",
    "complex_fee": "160.00",
    "price": null,
    "auction_fee": null,
    "transport_usa": null,
    "ocean_freight": null,
    "transport_kz": null,
    "broker_fee": null,
    "additional_expenses": null
  }
},
{
  "model": "core.car",
  "pk": 185,
  "fields": {
    "year": 2021,
    "brand": "TESLA Y",
    "vin": "5YJYGDEE8MF202568",
    "client": 17,
    "status": "TRANSFERRED",
    "warehouse": 1,
    "line": null,
    "carrier": null,
    "unload_date": "2025-09-02",
    "transfer_date": null,
    "has_title": true,
    "title_notes": "",
    "total_price": "0.00",
    "current_price": "260.00",
    "storage_cost": "0.00",
    "days": 0,
    "container": 56,
    "ths": "80.00",
    "unload_fee": "0.00",
    "delivery_fee": "0.00",
    "loading_fee": "0.00",
    "docs_fee": "0.00",
    "transfer_fee": "0.00",
    "transit_declaration": "0.00",
    "export_declaration": "0.00",
    "extra_costs": "0.00",
    "dekl": null,
    "proft": "20.00",
    "free_days": 5,
    "rate": "5.00",
    "complex_fee": "160.00",
    "price": null,
    "auction_fee": null,
    "transport_usa": null,
    "ocean_freight": null,
    "transport_kz": null,
    "broker_fee": null,
    "additional_expenses": null
  }
},
{
  "model": "core.car",
  "pk": 186,
  "fields": {
    "year": 2024,
    "brand": "CHEV EQUINOX",
    "vin": "3GNAXUEG5RL124687",
    "client": 5,
    "status": "TRANSFERRED",
    "warehouse": 1,
    "line": null,
    "carrier": null,
    "unload_date": "2025-08-25",
    "transfer_date": "2025-08-29",
    "has_title": true,
    "title_notes": "",
    "total_price": "286.67",
    "current_price": "0.00",
    "storage_cost": "0.00",
    "days": 0,
    "container": 57,
    "ths": "106.67",
    "unload_fee": "0.00",
    "delivery_fee": "0.00",
    "loading_fee": "0.00",
    "docs_fee": "0.00",
    "transfer_fee": "0.00",
    "transit_declaration": "0.00",
    "export_declaration": "0.00",
    "extra_costs": "0.00",
    "dekl": null,
    "proft": "20.00",
    "free_days": 5,
    "rate": "5.00",
    "complex_fee": "160.00",
    "price": null,
    "auction_fee": null,
    "transport_usa": null,
    "ocean_freight": null,
    "transport_kz": null,
    "broker_fee": null,
    "additional_expenses": null
  }
},
{
  "model": "core.car",
  "pk": 187,
  "fields": {
    "year": 2025,
    "brand": "CHEV EQUINOX",
    "vin": "3GNAXPEG7SL257474",
    "client": 4,
    "status": "TRANSFERRED",
    "warehouse": 1,
    "line": null,
    "carrier": null,
    "unload_date": "2025-08-25",
    "transfer_date": "2025-09-03",
    "has_title": true,
    "title_notes": "В офис нето передал",
    "total_price": "311.67",
    "current_price": "0.00",
    "storage_cost": "25.00",
    "days": 5,
    "container": 57,
    "ths": "106.67",
    "unload_fee": "0.00",
    "delivery_fee": "0.00",
    "loading_fee": "0.00",
    "docs_fee": "0.00",
    "transfer_fee": "0.00",
    "transit_declaration": "0.00",
    "export_declaration": "0.00",
    "extra_costs": "0.00",
    "dekl": null,
    "proft": "20.00",
    "free_days": 5,
    "rate": "5.00",
    "complex_fee": "160.00",
    "price": null,
    "auction_fee": null,
    "transport_usa": null,
    "ocean_freight": null,
    "transport_kz": null,
    "broker_fee": null,
    "additional_expenses": null
  }
},
{
  "model": "core.car",
  "pk": 188,
  "fields": {
    "year": 2020,
    "brand": "MERCEDEZ",
    "vin": "4JGFF5KE0LA080232",
    "client": 17,
    "status": "TRANSFERRED",
    "warehouse": 1,
    "line": null,
    "carrier": null,
    "unload_date": "2025-08-25",
    "transfer_date": "2025-09-04",
    "has_title": true,
    "title_notes": "В офис нето передал",
    "total_price": "316.67",
    "current_price": "0.00",
    "storage_cost": "30.00",
    "days": 6,
    "container": 57,
    "ths": "106.67",
    "unload_fee": "0.00",
    "delivery_fee": "0.00",
    "loading_fee": "0.00",
    "docs_fee": "0.00",
    "transfer_fee": "0.00",
    "transit_declaration": "0.00",
    "export_declaration": "0.00",
    "extra_costs": "0.00",
    "dekl": null,
    "proft": "20.00",
    "free_days": 5,
    "rate": "5.00",
    "complex_fee": "160.00",
    "price": null,
    "auction_fee": null,
    "transport_usa": null,
    "ocean_freight": null,
    "transport_kz": null,
    "broker_fee": null,
    "additional_expenses": null
  }
},
{
  "model": "core.car",
  "pk": 189,
  "fields": {
    "year": 2022,
    "brand": "AUDI A6",
    "vin": "WAUM2BF25NN064087",
    "client": 12,
    "status": "TRANSFERRED",
    "warehouse": 1,
    "line": null,
    "carrier": null,
    "unload_date": "2025-08-26",
    "transfer_date": "2025-09-05",
    "has_title": true,
    "title_notes": "В офис нето передал",
    "total_price": "316.67",
    "current_price": "0.00",
    "storage_cost": "30.00",
    "days": 6,
    "container": 58,
    "ths": "106.67",
    "unload_fee": "0.00",
    "delivery_fee": "0.00",
    "loading_fee": "0.00",
    "docs_fee": "0.00",
    "transfer_fee": "0.00",
    "transit_declaration": "0.00",
    "export_declaration": "0.00",
    "extra_costs": "0.00",
    "dekl": null,
    "proft": "20.00",
    "free_days": 5,
    "rate": "5.00",
    "complex_fee": "160.00",
    "price": null,
    "auction_fee": null,
    "transport_usa": null,
    "ocean_freight": null,
    "transport_kz": null,
    "broker_fee": null,
    "additional_expenses": null
  }
},
{
  "model": "core.car",
  "pk": 190,
  "fields": {
    "year": 2024,
    "brand": "FORD RANGER",
    "vin": "1FTER4HH0RLE22570",
    "client": 12,
    "status": "TRANSFERRED",
    "warehouse": 1,
    "line": null,
    "carrier": null,
    "unload_date": "2025-08-26",
    "transfer_date": "2025-09-04",
    "has_title": true,
    "title_notes": "В офис нето передал",
    "total_price": "311.67",
    "current_price": "0.00",
    "storage_cost": "25.00",
    "days": 5,
    "container": 58,
    "ths": "106.67",
    "unload_fee": "0.00",
    "delivery_fee": "0.00",
    "loading_fee": "0.00",
    "docs_fee": "0.00",
    "transfer_fee": "0.00",
    "transit_declaration": "0.00",
    "export_declaration": "0.00",
    "extra_costs": "0.00",
    "dekl": null,
    "proft": "20.00",
    "free_days": 5,
    "rate": "5.00",
    "complex_fee": "160.00",
    "price": null,
    "auction_fee": null,
    "transport_usa": null,
    "ocean_freight": null,
    "transport_kz": null,
    "broker_fee": null,
    "additional_expenses": null
  }
},
{
  "model": "core.car",
  "pk": 191,
  "fields": {
    "year": 2019,
    "brand": "AUDI Q8",
    "vin": "WA1CVAF10KD011090",
    "client": 12,
    "status": "TRANSFERRED",
    "warehouse": 1,
    "line": null,
    "carrier": null,
    "unload_date": "2025-08-26",
    "transfer_date": "2025-08-28",
    "has_title": true,
    "title_notes": "",
    "total_price": "286.67",
    "current_price": "0.00",
    "storage_cost": "0.00",
    "days": 0,
    "container": 58,
    "ths": "106.67",
    "unload_fee": "0.00",
    "delivery_fee": "0.00",
    "loading_fee": "0.00",
    "docs_fee": "0.00",
    "transfer_fee": "0.00",
    "transit_declaration": "0.00",
    "export_declaration": "0.00",
    "extra_costs": "0.00",
    "dekl": null,
    "proft": "20.00",
    "free_days": 5,
    "rate": "5.00",
    "complex_fee": "160.00",
    "price": null,
    "auction_fee": null,
    "transport_usa": null,
    "ocean_freight": null,
    "transport_kz": null,
    "broker_fee": null,
    "additional_expenses": null
  }
},
{
  "model": "core.car",
  "pk": 192,
  "fields": {
    "year": 2022,
    "brand": "JEEP CHEROKEE",
    "vin": "1C4RJYB66N8757210",
    "client": 12,
    "status": "TRANSFERRED",
    "warehouse": 1,
    "line": null,
    "carrier": null,
    "unload_date": "2025-08-26",
    "transfer_date": "2025-08-28",
    "has_title": true,
    "title_notes": "",
    "total_price": "286.67",
    "current_price": "0.00",
    "storage_cost": "0.00",
    "days": 0,
    "container": 59,
    "ths": "106.67",
    "unload_fee": "0.00",
    "delivery_fee": "0.00",
    "loading_fee": "0.00",
    "docs_fee": "0.00",
    "transfer_fee": "0.00",
    "transit_declaration": "0.00",
    "export_declaration": "0.00",
    "extra_costs": "0.00",
    "dekl": null,
    "proft": "20.00",
    "free_days": 5,
    "rate": "5.00",
    "complex_fee": "160.00",
    "price": null,
    "auction_fee": null,
    "transport_usa": null,
    "ocean_freight": null,
    "transport_kz": null,
    "broker_fee": null,
    "additional_expenses": null
  }
},
{
  "model": "core.car",
  "pk": 193,
  "fields": {
    "year": 2023,
    "brand": "TOYOTA CROWN",
    "vin": "JTDAFAAF2P3001655",
    "client": 12,
    "status": "TRANSFERRED",
    "warehouse": 1,
    "line": null,
    "carrier": null,
    "unload_date": "2025-08-26",
    "transfer_date": "2025-09-05",
    "has_title": true,
    "title_notes": "В офис нето передал",
    "total_price": "316.67",
    "current_price": "0.00",
    "storage_cost": "30.00",
    "days": 6,
    "container": 59,
    "ths": "106.67",
    "unload_fee": "0.00",
    "delivery_fee": "0.00",
    "loading_fee": "0.00",
    "docs_fee": "0.00",
    "transfer_fee": "0.00",
    "transit_declaration": "0.00",
    "export_declaration": "0.00",
    "extra_costs": "0.00",
    "dekl": null,
    "proft": "20.00",
    "free_days": 5,
    "rate": "5.00",
    "complex_fee": "160.00",
    "price": null,
    "auction_fee": null,
    "transport_usa": null,
    "ocean_freight": null,
    "transport_kz": null,
    "broker_fee": null,
    "additional_expenses": null
  }
},
{
  "model": "core.car",
  "pk": 194,
  "fields": {
    "year": 2025,
    "brand": "TOYOTA CROWN",
    "vin": "JTDACAAJ1S3018405",
    "client": 12,
    "status": "TRANSFERRED",
    "warehouse": 1,
    "line": null,
    "carrier": null,
    "unload_date": "2025-08-26",
    "transfer_date": "2025-09-05",
    "has_title": true,
    "title_notes": "В офис нето передал",
    "total_price": "316.67",
    "current_price": "0.00",
    "storage_cost": "30.00",
    "days": 6,
    "container": 59,
    "ths": "106.67",
    "unload_fee": "0.00",
    "delivery_fee": "0.00",
    "loading_fee": "0.00",
    "docs_fee": "0.00",
    "transfer_fee": "0.00",
    "transit_declaration": "0.00",
    "export_declaration": "0.00",
    "extra_costs": "0.00",
    "dekl": null,
    "proft": "20.00",
    "free_days": 5,
    "rate": "5.00",
    "complex_fee": "160.00",
    "price": null,
    "auction_fee": null,
    "transport_usa": null,
    "ocean_freight": null,
    "transport_kz": null,
    "broker_fee": null,
    "additional_expenses": null
  }
},
{
  "model": "core.car",
  "pk": 196,
  "fields": {
    "year": 2018,
    "brand": "PORSCHE PANAMERA",
    "vin": "WP0AE2A7XJL174378",
    "client": 12,
    "status": "TRANSFERRED",
    "warehouse": 1,
    "line": null,
    "carrier": null,
    "unload_date": "2025-08-13",
    "transfer_date": "2025-08-15",
    "has_title": true,
    "title_notes": "",
    "total_price": "1500.00",
    "current_price": "0.00",
    "storage_cost": "0.00",
    "days": 0,
    "container": 60,
    "ths": "320.00",
    "unload_fee": "0.00",
    "delivery_fee": "0.00",
    "loading_fee": "0.00",
    "docs_fee": "0.00",
    "transfer_fee": "0.00",
    "transit_declaration": "255.00",
    "export_declaration": "0.00",
    "extra_costs": "745.00",
    "dekl": null,
    "proft": "20.00",
    "free_days": 5,
    "rate": "5.00",
    "complex_fee": "160.00",
    "price": null,
    "auction_fee": null,
    "transport_usa": null,
    "ocean_freight": null,
    "transport_kz": null,
    "broker_fee": null,
    "additional_expenses": null
  }
},
{
  "model": "core.car",
  "pk": 197,
  "fields": {
    "year": 2017,
    "brand": "BMW 5",
    "vin": "WBAJA5C3XHG895193",
    "client": 12,
    "status": "TRANSFERRED",
    "warehouse": 1,
    "line": null,
    "carrier": null,
    "unload_date": "2025-09-02",
    "transfer_date": "2025-09-05",
    "has_title": true,
    "title_notes": "",
    "total_price": "260.00",
    "current_price": "0.00",
    "storage_cost": "0.00",
    "days": 0,
    "container": 61,
    "ths": "80.00",
    "unload_fee": "0.00",
    "delivery_fee": "0.00",
    "loading_fee": "0.00",
    "docs_fee": "0.00",
    "transfer_fee": "0.00",
    "transit_declaration": "0.00",
    "export_declaration": "0.00",
    "extra_costs": "0.00",
    "dekl": null,
    "proft": "20.00",
    "free_days": 5,
    "rate": "5.00",
    "complex_fee": "160.00",
    "price": null,
    "auction_fee": null,
    "transport_usa": null,
    "ocean_freight": null,
    "transport_kz": null,
    "broker_fee": null,
    "additional_expenses": null
  }
},
{
  "model": "core.car",
  "pk": 198,
  "fields": {
    "year": 2018,
    "brand": "TRIUMPH",
    "vin": "SMTD53HL8JT886105",
    "client": 12,
    "status": "TRANSFERRED",
    "warehouse": 1,
    "line": null,
    "carrier": null,
    "unload_date": "2025-09-02",
    "transfer_date": "2025-09-05",
    "has_title": true,
    "title_notes": "",
    "total_price": "260.00",
    "current_price": "0.00",
    "storage_cost": "0.00",
    "days": 0,
    "container": 61,
    "ths": "80.00",
    "unload_fee": "0.00",
    "delivery_fee": "0.00",
    "loading_fee": "0.00",
    "docs_fee": "0.00",
    "transfer_fee": "0.00",
    "transit_declaration": "0.00",
    "export_declaration": "0.00",
    "extra_costs": "0.00",
    "dekl": null,
    "proft": "20.00",
    "free_days": 5,
    "rate": "5.00",
    "complex_fee": "160.00",
    "price": null,
    "auction_fee": null,
    "transport_usa": null,
    "ocean_freight": null,
    "transport_kz": null,
    "broker_fee": null,
    "additional_expenses": null
  }
},
{
  "model": "core.car",
  "pk": 199,
  "fields": {
    "year": 2023,
    "brand": "FORD BRONCO",
    "vin": "3FMCR9C67PRD21398",
    "client": 4,
    "status": "TRANSFERRED",
    "warehouse": 1,
    "line": null,
    "carrier": null,
    "unload_date": "2025-09-02",
    "transfer_date": "2025-09-05",
    "has_title": true,
    "title_notes": "",
    "total_price": "260.00",
    "current_price": "0.00",
    "storage_cost": "0.00",
    "days": 0,
    "container": 61,
    "ths": "80.00",
    "unload_fee": "0.00",
    "delivery_fee": "0.00",
    "loading_fee": "0.00",
    "docs_fee": "0.00",
    "transfer_fee": "0.00",
    "transit_declaration": "0.00",
    "export_declaration": "0.00",
    "extra_costs": "0.00",
    "dekl": null,
    "proft": "20.00",
    "free_days": 5,
    "rate": "5.00",
    "complex_fee": "160.00",
    "price": null,
    "auction_fee": null,
    "transport_usa": null,
    "ocean_freight": null,
    "transport_kz": null,
    "broker_fee": null,
    "additional_expenses": null
  }
},
{
  "model": "core.car",
  "pk": 200,
  "fields": {
    "year": 2022,
    "brand": "GMC TERRAIN",
    "vin": "3GKALVEV4NL162239",
    "client": 4,
    "status": "TRANSFERRED",
    "warehouse": 1,
    "line": null,
    "carrier": null,
    "unload_date": "2025-09-02",
    "transfer_date": "2025-09-05",
    "has_title": true,
    "title_notes": "",
    "total_price": "260.00",
    "current_price": "0.00",
    "storage_cost": "0.00",
    "days": 0,
    "container": 61,
    "ths": "80.00",
    "unload_fee": "0.00",
    "delivery_fee": "0.00",
    "loading_fee": "0.00",
    "docs_fee": "0.00",
    "transfer_fee": "0.00",
    "transit_declaration": "0.00",
    "export_declaration": "0.00",
    "extra_costs": "0.00",
    "dekl": null,
    "proft": "20.00",
    "free_days": 5,
    "rate": "5.00",
    "complex_fee": "160.00",
    "price": null,
    "auction_fee": null,
    "transport_usa": null,
    "ocean_freight": null,
    "transport_kz": null,
    "broker_fee": null,
    "additional_expenses": null
  }
},
{
  "model": "core.car",
  "pk": 201,
  "fields": {
    "year": 2022,
    "brand": "CHEVROLET TRAILBLAZER",
    "vin": "KL79MTSL5NB099010",
    "client": 4,
    "status": "TRANSFERRED",
    "warehouse": 1,
    "line": null,
    "carrier": null,
    "unload_date": "2025-09-08",
    "transfer_date": null,
    "has_title": true,
    "title_notes": "",
    "total_price": "0.00",
    "current_price": "260.00",
    "storage_cost": "0.00",
    "days": 0,
    "container": 62,
    "ths": "80.00",
    "unload_fee": "0.00",
    "delivery_fee": "0.00",
    "loading_fee": "0.00",
    "docs_fee": "0.00",
    "transfer_fee": "0.00",
    "transit_declaration": "0.00",
    "export_declaration": "0.00",
    "extra_costs": "0.00",
    "dekl": null,
    "proft": "20.00",
    "free_days": 5,
    "rate": "5.00",
    "complex_fee": "160.00",
    "price": null,
    "auction_fee": null,
    "transport_usa": null,
    "ocean_freight": null,
    "transport_kz": null,
    "broker_fee": null,
    "additional_expenses": null
  }
},
{
  "model": "core.car",
  "pk": 202,
  "fields": {
    "year": 2024,
    "brand": "BUICK ENCORE",
    "vin": "KL4AMBS29RB091333",
    "client": 4,
    "status": "TRANSFERRED",
    "warehouse": 1,
    "line": null,
    "carrier": null,
    "unload_date": "2025-09-08",
    "transfer_date": null,
    "has_title": true,
    "title_notes": "",
    "total_price": "0.00",
    "current_price": "260.00",
    "storage_cost": "0.00",
    "days": 0,
    "container": 62,
    "ths": "80.00",
    "unload_fee": "0.00",
    "delivery_fee": "0.00",
    "loading_fee": "0.00",
    "docs_fee": "0.00",
    "transfer_fee": "0.00",
    "transit_declaration": "0.00",
    "export_declaration": "0.00",
    "extra_costs": "0.00",
    "dekl": null,
    "proft": "20.00",
    "free_days": 5,
    "rate": "5.00",
    "complex_fee": "160.00",
    "price": null,
    "auction_fee": null,
    "transport_usa": null,
    "ocean_freight": null,
    "transport_kz": null,
    "broker_fee": null,
    "additional_expenses": null
  }
},
{
  "model": "core.car",
  "pk": 203,
  "fields": {
    "year": 2003,
    "brand": "HARLEY-DAVIDSON",
    "vin": "1HD1FDV1X3Y727484",
    "client": 4,
    "status": "TRANSFERRED",
    "warehouse": 1,
    "line": null,
    "carrier": null,
    "unload_date": "2025-09-08",
    "transfer_date": null,
    "has_title": true,
    "title_notes": "",
    "total_price": "0.00",
    "current_price": "260.00",
    "storage_cost": "0.00",
    "days": 0,
    "container": 62,
    "ths": "80.00",
    "unload_fee": "0.00",
    "delivery_fee": "0.00",
    "loading_fee": "0.00",
    "docs_fee": "0.00",
    "transfer_fee": "0.00",
    "transit_declaration": "0.00",
    "export_declaration": "0.00",
    "extra_costs": "0.00",
    "dekl": null,
    "proft": "20.00",
    "free_days": 5,
    "rate": "5.00",
    "complex_fee": "160.00",
    "price": null,
    "auction_fee": null,
    "transport_usa": null,
    "ocean_freight": null,
    "transport_kz": null,
    "broker_fee": null,
    "additional_expenses": null
  }
},
{
  "model": "core.car",
  "pk": 204,
  "fields": {
    "year": 2022,
    "brand": "FORD ESCAPE",
    "vin": "1FMCU0H69NUB12611",
    "client": 6,
    "status": "TRANSFERRED",
    "warehouse": 1,
    "line": null,
    "carrier": null,
    "unload_date": "2025-09-08",
    "transfer_date": null,
    "has_title": true,
    "title_notes": "",
    "total_price": "0.00",
    "current_price": "260.00",
    "storage_cost": "0.00",
    "days": 0,
    "container": 62,
    "ths": "80.00",
    "unload_fee": "0.00",
    "delivery_fee": "0.00",
    "loading_fee": "0.00",
    "docs_fee": "0.00",
    "transfer_fee": "0.00",
    "transit_declaration": "0.00",
    "export_declaration": "0.00",
    "extra_costs": "0.00",
    "dekl": null,
    "proft": "20.00",
    "free_days": 5,
    "rate": "5.00",
    "complex_fee": "160.00",
    "price": null,
    "auction_fee": null,
    "transport_usa": null,
    "ocean_freight": null,
    "transport_kz": null,
    "broker_fee": null,
    "additional_expenses": null
  }
},
{
  "model": "core.car",
  "pk": 205,
  "fields": {
    "year": 2024,
    "brand": "CHEVROLET TRAX",
    "vin": "KL77LJE24RC173700",
    "client": 3,
    "status": "TRANSFERRED",
    "warehouse": 1,
    "line": null,
    "carrier": null,
    "unload_date": "2025-09-08",
    "transfer_date": "2025-09-17",
    "has_title": true,
    "title_notes": "",
    "total_price": "445.00",
    "current_price": "0.00",
    "storage_cost": "0.00",
    "days": 0,
    "container": 63,
    "ths": "80.00",
    "unload_fee": "0.00",
    "delivery_fee": "0.00",
    "loading_fee": "0.00",
    "docs_fee": "0.00",
    "transfer_fee": "0.00",
    "transit_declaration": "0.00",
    "export_declaration": "0.00",
    "extra_costs": "0.00",
    "dekl": null,
    "proft": "20.00",
    "free_days": 5,
    "rate": "5.00",
    "complex_fee": "160.00",
    "price": null,
    "auction_fee": null,
    "transport_usa": null,
    "ocean_freight": null,
    "transport_kz": null,
    "broker_fee": null,
    "additional_expenses": null
  }
},
{
  "model": "core.car",
  "pk": 206,
  "fields": {
    "year": 2017,
    "brand": "VOLVO S60",
    "vin": "LYV402TK4HB125625",
    "client": 3,
    "status": "TRANSFERRED",
    "warehouse": 1,
    "line": null,
    "carrier": null,
    "unload_date": "2025-09-08",
    "transfer_date": null,
    "has_title": true,
    "title_notes": "",
    "total_price": "0.00",
    "current_price": "260.00",
    "storage_cost": "0.00",
    "days": 0,
    "container": 63,
    "ths": "80.00",
    "unload_fee": "0.00",
    "delivery_fee": "0.00",
    "loading_fee": "0.00",
    "docs_fee": "0.00",
    "transfer_fee": "0.00",
    "transit_declaration": "0.00",
    "export_declaration": "0.00",
    "extra_costs": "0.00",
    "dekl": null,
    "proft": "20.00",
    "free_days": 5,
    "rate": "5.00",
    "complex_fee": "160.00",
    "price": null,
    "auction_fee": null,
    "transport_usa": null,
    "ocean_freight": null,
    "transport_kz": null,
    "broker_fee": null,
    "additional_expenses": null
  }
},
{
  "model": "core.car",
  "pk": 207,
  "fields": {
    "year": 2024,
    "brand": "FORD BRONCO",
    "vin": "3FMCR9B67RRE17231",
    "client": 3,
    "status": "TRANSFERRED",
    "warehouse": 1,
    "line": null,
    "carrier": null,
    "unload_date": "2025-09-08",
    "transfer_date": null,
    "has_title": true,
    "title_notes": "",
    "total_price": "0.00",
    "current_price": "260.00",
    "storage_cost": "0.00",
    "days": 0,
    "container": 63,
    "ths": "80.00",
    "unload_fee": "0.00",
    "delivery_fee": "0.00",
    "loading_fee": "0.00",
    "docs_fee": "0.00",
    "transfer_fee": "0.00",
    "transit_declaration": "0.00",
    "export_declaration": "0.00",
    "extra_costs": "0.00",
    "dekl": null,
    "proft": "20.00",
    "free_days": 5,
    "rate": "5.00",
    "complex_fee": "160.00",
    "price": null,
    "auction_fee": null,
    "transport_usa": null,
    "ocean_freight": null,
    "transport_kz": null,
    "broker_fee": null,
    "additional_expenses": null
  }
},
{
  "model": "core.car",
  "pk": 208,
  "fields": {
    "year": 2022,
    "brand": "CHEVROLET MALIBU",
    "vin": "1G1ZD5ST7NF158008",
    "client": 3,
    "status": "TRANSFERRED",
    "warehouse": 1,
    "line": 12,
    "carrier": null,
    "unload_date": "2025-09-08",
    "transfer_date": "2025-09-25",
    "has_title": true,
    "title_notes": "",
    "total_price": "0.00",
    "current_price": "485.00",
    "storage_cost": "65.00",
    "days": 13,
    "container": 63,
    "ths": "80.00",
    "unload_fee": "0.00",
    "delivery_fee": "0.00",
    "loading_fee": "0.00",
    "docs_fee": "0.00",
    "transfer_fee": "0.00",
    "transit_declaration": "0.00",
    "export_declaration": "0.00",
    "extra_costs": "0.00",
    "dekl": null,
    "proft": "20.00",
    "free_days": 5,
    "rate": "5.00",
    "complex_fee": "160.00",
    "price": null,
    "auction_fee": null,
    "transport_usa": null,
    "ocean_freight": null,
    "transport_kz": null,
    "broker_fee": null,
    "additional_expenses": null
  }
},
{
  "model": "core.car",
  "pk": 209,
  "fields": {
    "year": 2020,
    "brand": "MERCEDES",
    "vin": "WDDYJ7HA5LA025745",
    "client": 12,
    "status": "UNLOADED",
    "warehouse": 1,
    "line": 12,
    "carrier": null,
    "unload_date": null,
    "transfer_date": null,
    "has_title": true,
    "title_notes": "",
    "total_price": "0.00",
    "current_price": "965.00",
    "storage_cost": "0.00",
    "days": 0,
    "container": 64,
    "ths": "80.00",
    "unload_fee": "0.00",
    "delivery_fee": "0.00",
    "loading_fee": "0.00",
    "docs_fee": "0.00",
    "transfer_fee": "0.00",
    "transit_declaration": "0.00",
    "export_declaration": "0.00",
    "extra_costs": "0.00",
    "dekl": null,
    "proft": "20.00",
    "free_days": 5,
    "rate": "5.00",
    "complex_fee": "160.00",
    "price": null,
    "auction_fee": null,
    "transport_usa": null,
    "ocean_freight": null,
    "transport_kz": null,
    "broker_fee": null,
    "additional_expenses": null
  }
},
{
  "model": "core.car",
  "pk": 210,
  "fields": {
    "year": 2019,
    "brand": "MERCEDES",
    "vin": "WDDZF4KBXKA673571",
    "client": 12,
    "status": "UNLOADED",
    "warehouse": 1,
    "line": 12,
    "carrier": null,
    "unload_date": null,
    "transfer_date": null,
    "has_title": true,
    "title_notes": "",
    "total_price": "0.00",
    "current_price": "965.00",
    "storage_cost": "0.00",
    "days": 0,
    "container": 64,
    "ths": "80.00",
    "unload_fee": "0.00",
    "delivery_fee": "0.00",
    "loading_fee": "0.00",
    "docs_fee": "0.00",
    "transfer_fee": "0.00",
    "transit_declaration": "0.00",
    "export_declaration": "0.00",
    "extra_costs": "0.00",
    "dekl": null,
    "proft": "20.00",
    "free_days": 5,
    "rate": "5.00",
    "complex_fee": "160.00",
    "price": null,
    "auction_fee": null,
    "transport_usa": null,
    "ocean_freight": null,
    "transport_kz": null,
    "broker_fee": null,
    "additional_expenses": null
  }
},
{
  "model": "core.car",
  "pk": 211,
  "fields": {
    "year": 2020,
    "brand": "BMW 7",
    "vin": "WBA7T4C00LGF97123",
    "client": 12,
    "status": "UNLOADED",
    "warehouse": 1,
    "line": 12,
    "carrier": null,
    "unload_date": null,
    "transfer_date": null,
    "has_title": true,
    "title_notes": "",
    "total_price": "0.00",
    "current_price": "965.00",
    "storage_cost": "0.00",
    "days": 0,
    "container": 64,
    "ths": "80.00",
    "unload_fee": "0.00",
    "delivery_fee": "0.00",
    "loading_fee": "0.00",
    "docs_fee": "0.00",
    "transfer_fee": "0.00",
    "transit_declaration": "0.00",
    "export_declaration": "0.00",
    "extra_costs": "0.00",
    "dekl": null,
    "proft": "20.00",
    "free_days": 5,
    "rate": "5.00",
    "complex_fee": "160.00",
    "price": null,
    "auction_fee": null,
    "transport_usa": null,
    "ocean_freight": null,
    "transport_kz": null,
    "broker_fee": null,
    "additional_expenses": null
  }
},
{
  "model": "core.car",
  "pk": 212,
  "fields": {
    "year": 2020,
    "brand": "VW TIGUAN",
    "vin": "3VV1B7AX1LM110352",
    "client": 12,
    "status": "UNLOADED",
    "warehouse": 1,
    "line": 12,
    "carrier": null,
    "unload_date": "2025-09-30",
    "transfer_date": null,
    "has_title": true,
    "title_notes": "",
    "total_price": "0.00",
    "current_price": "260.00",
    "storage_cost": "0.00",
    "days": 0,
    "container": 64,
    "ths": "80.00",
    "unload_fee": "0.00",
    "delivery_fee": "0.00",
    "loading_fee": "0.00",
    "docs_fee": "0.00",
    "transfer_fee": "0.00",
    "transit_declaration": "0.00",
    "export_declaration": "0.00",
    "extra_costs": "0.00",
    "dekl": null,
    "proft": "20.00",
    "free_days": 5,
    "rate": "5.00",
    "complex_fee": "160.00",
    "price": null,
    "auction_fee": null,
    "transport_usa": null,
    "ocean_freight": null,
    "transport_kz": null,
    "broker_fee": null,
    "additional_expenses": null
  }
},
{
  "model": "core.car",
  "pk": 213,
  "fields": {
    "year": 2003,
    "brand": "CHEV EXPRESS",
    "vin": "1GBFG15T831233951",
    "client": 6,
    "status": "TRANSFERRED",
    "warehouse": 1,
    "line": null,
    "carrier": null,
    "unload_date": null,
    "transfer_date": "2025-09-23",
    "has_title": true,
    "title_notes": "",
    "total_price": "500.00",
    "current_price": "0.00",
    "storage_cost": "0.00",
    "days": 0,
    "container": 65,
    "ths": "160.00",
    "unload_fee": "0.00",
    "delivery_fee": "0.00",
    "loading_fee": "0.00",
    "docs_fee": "0.00",
    "transfer_fee": "0.00",
    "transit_declaration": "0.00",
    "export_declaration": "0.00",
    "extra_costs": "0.00",
    "dekl": null,
    "proft": "20.00",
    "free_days": 5,
    "rate": "5.00",
    "complex_fee": "160.00",
    "price": null,
    "auction_fee": null,
    "transport_usa": null,
    "ocean_freight": null,
    "transport_kz": null,
    "broker_fee": null,
    "additional_expenses": null
  }
},
{
  "model": "core.car",
  "pk": 214,
  "fields": {
    "year": 2024,
    "brand": "BMW X5",
    "vin": "5UX23EU02R9S28600",
    "client": 17,
    "status": "TRANSFERRED",
    "warehouse": 1,
    "line": null,
    "carrier": null,
    "unload_date": null,
    "transfer_date": "2025-09-22",
    "has_title": true,
    "title_notes": "",
    "total_price": "500.00",
    "current_price": "0.00",
    "storage_cost": "0.00",
    "days": 0,
    "container": 65,
    "ths": "160.00",
    "unload_fee": "0.00",
    "delivery_fee": "0.00",
    "loading_fee": "0.00",
    "docs_fee": "0.00",
    "transfer_fee": "0.00",
    "transit_declaration": "0.00",
    "export_declaration": "0.00",
    "extra_costs": "0.00",
    "dekl": null,
    "proft": "20.00",
    "free_days": 5,
    "rate": "5.00",
    "complex_fee": "160.00",
    "price": null,
    "auction_fee": null,
    "transport_usa": null,
    "ocean_freight": null,
    "transport_kz": null,
    "broker_fee": null,
    "additional_expenses": null
  }
},
{
  "model": "core.car",
  "pk": 215,
  "fields": {
    "year": 2018,
    "brand": "TESLA MODEL S",
    "vin": "5YJSA1E28JF298208",
    "client": 33,
    "status": "UNLOADED",
    "warehouse": 1,
    "line": 12,
    "carrier": null,
    "unload_date": "2025-09-23",
    "transfer_date": null,
    "has_title": true,
    "title_notes": "",
    "total_price": "0.00",
    "current_price": "305.00",
    "storage_cost": "5.00",
    "days": 1,
    "container": 74,
    "ths": null,
    "unload_fee": "0.00",
    "delivery_fee": "0.00",
    "loading_fee": "0.00",
    "docs_fee": "0.00",
    "transfer_fee": "0.00",
    "transit_declaration": "0.00",
    "export_declaration": "0.00",
    "extra_costs": "0.00",
    "dekl": null,
    "proft": "20.00",
    "free_days": 5,
    "rate": "5.00",
    "complex_fee": "160.00",
    "price": null,
    "auction_fee": null,
    "transport_usa": null,
    "ocean_freight": null,
    "transport_kz": null,
    "broker_fee": null,
    "additional_expenses": null
  }
},
{
  "model": "core.car",
  "pk": 216,
  "fields": {
    "year": 2022,
    "brand": "TESLA MODEL X",
    "vin": "7SAXCBE69NF354836",
    "client": 17,
    "status": "UNLOADED",
    "warehouse": 1,
    "line": 12,
    "carrier": null,
    "unload_date": "2025-09-24",
    "transfer_date": null,
    "has_title": true,
    "title_notes": "",
    "total_price": "0.00",
    "current_price": "295.00",
    "storage_cost": "0.00",
    "days": 0,
    "container": 74,
    "ths": null,
    "unload_fee": "0.00",
    "delivery_fee": "0.00",
    "loading_fee": "0.00",
    "docs_fee": "0.00",
    "transfer_fee": "0.00",
    "transit_declaration": "0.00",
    "export_declaration": "0.00",
    "extra_costs": "0.00",
    "dekl": null,
    "proft": "20.00",
    "free_days": 5,
    "rate": "5.00",
    "complex_fee": "160.00",
    "price": null,
    "auction_fee": null,
    "transport_usa": null,
    "ocean_freight": null,
    "transport_kz": null,
    "broker_fee": null,
    "additional_expenses": null
  }
},
{
  "model": "core.car",
  "pk": 217,
  "fields": {
    "year": 2019,
    "brand": "CHEV BOLT",
    "vin": "1G1FZ6S00K4105674",
    "client": 3,
    "status": "UNLOADED",
    "warehouse": 1,
    "line": 12,
    "carrier": 1,
    "unload_date": "2025-09-24",
    "transfer_date": null,
    "has_title": true,
    "title_notes": "",
    "total_price": "0.00",
    "current_price": "785.00",
    "storage_cost": "5.00",
    "days": 1,
    "container": 74,
    "ths": null,
    "unload_fee": "0.00",
    "delivery_fee": "0.00",
    "loading_fee": "0.00",
    "docs_fee": "0.00",
    "transfer_fee": "0.00",
    "transit_declaration": "0.00",
    "export_declaration": "0.00",
    "extra_costs": "0.00",
    "dekl": null,
    "proft": "40.00",
    "free_days": 5,
    "rate": "5.00",
    "complex_fee": "160.00",
    "price": null,
    "auction_fee": null,
    "transport_usa": null,
    "ocean_freight": null,
    "transport_kz": null,
    "broker_fee": null,
    "additional_expenses": null
  }
},
{
  "model": "core.car",
  "pk": 218,
  "fields": {
    "year": 2022,
    "brand": "PORSCE CAYMAN",
    "vin": "WP0AD2A84NS268585",
    "client": 12,
    "status": "TRANSFERRED",
    "warehouse": 1,
    "line": 12,
    "carrier": null,
    "unload_date": "2025-09-24",
    "transfer_date": "2025-09-25",
    "has_title": true,
    "title_notes": "",
    "total_price": "285.00",
    "current_price": "0.00",
    "storage_cost": "5.00",
    "days": 1,
    "container": 77,
    "ths": null,
    "unload_fee": "0.00",
    "delivery_fee": "0.00",
    "loading_fee": "0.00",
    "docs_fee": "0.00",
    "transfer_fee": "0.00",
    "transit_declaration": "0.00",
    "export_declaration": "0.00",
    "extra_costs": "0.00",
    "dekl": null,
    "proft": "20.00",
    "free_days": 5,
    "rate": "5.00",
    "complex_fee": "0.00",
    "price": null,
    "auction_fee": null,
    "transport_usa": null,
    "ocean_freight": null,
    "transport_kz": null,
    "broker_fee": null,
    "additional_expenses": null
  }
},
{
  "model": "core.car",
  "pk": 219,
  "fields": {
    "year": 2023,
    "brand": "FORD BRONCO",
    "vin": "3FMCR9B67PRD56671",
    "client": 3,
    "status": "UNLOADED",
    "warehouse": 1,
    "line": 12,
    "carrier": 1,
    "unload_date": "2025-09-24",
    "transfer_date": null,
    "has_title": true,
    "title_notes": "",
    "total_price": "0.00",
    "current_price": "765.00",
    "storage_cost": "5.00",
    "days": 1,
    "container": 77,
    "ths": null,
    "unload_fee": "0.00",
    "delivery_fee": "0.00",
    "loading_fee": "0.00",
    "docs_fee": "0.00",
    "transfer_fee": "0.00",
    "transit_declaration": "0.00",
    "export_declaration": "0.00",
    "extra_costs": "0.00",
    "dekl": null,
    "proft": "20.00",
    "free_days": 5,
    "rate": "5.00",
    "complex_fee": "0.00",
    "price": null,
    "auction_fee": null,
    "transport_usa": null,
    "ocean_freight": null,
    "transport_kz": null,
    "broker_fee": null,
    "additional_expenses": null
  }
},
{
  "model": "core.car",
  "pk": 220,
  "fields": {
    "year": 2022,
    "brand": "DIAX SCOOTER",
    "vin": "L37MMGFV1NZ040163",
    "client": 3,
    "status": "UNLOADED",
    "warehouse": 1,
    "line": 12,
    "carrier": 1,
    "unload_date": "2025-09-24",
    "transfer_date": null,
    "has_title": true,
    "title_notes": "",
    "total_price": "0.00",
    "current_price": "330.00",
    "storage_cost": "5.00",
    "days": 1,
    "container": 77,
    "ths": null,
    "unload_fee": "0.00",
    "delivery_fee": "0.00",
    "loading_fee": "0.00",
    "docs_fee": "0.00",
    "transfer_fee": "0.00",
    "transit_declaration": "0.00",
    "export_declaration": "0.00",
    "extra_costs": "0.00",
    "dekl": null,
    "proft": "20.00",
    "free_days": 5,
    "rate": "5.00",
    "complex_fee": "0.00",
    "price": null,
    "auction_fee": null,
    "transport_usa": null,
    "ocean_freight": null,
    "transport_kz": null,
    "broker_fee": null,
    "additional_expenses": null
  }
},
{
  "model": "core.car",
  "pk": 221,
  "fields": {
    "year": 2022,
    "brand": "CHEV TRAX",
    "vin": "KL7CJNSM3NB513582",
    "client": 3,
    "status": "UNLOADED",
    "warehouse": 1,
    "line": 12,
    "carrier": 1,
    "unload_date": "2025-09-24",
    "transfer_date": null,
    "has_title": true,
    "title_notes": "",
    "total_price": "0.00",
    "current_price": "765.00",
    "storage_cost": "5.00",
    "days": 1,
    "container": 77,
    "ths": null,
    "unload_fee": "0.00",
    "delivery_fee": "0.00",
    "loading_fee": "0.00",
    "docs_fee": "0.00",
    "transfer_fee": "0.00",
    "transit_declaration": "0.00",
    "export_declaration": "0.00",
    "extra_costs": "0.00",
    "dekl": null,
    "proft": "20.00",
    "free_days": 5,
    "rate": "5.00",
    "complex_fee": "0.00",
    "price": null,
    "auction_fee": null,
    "transport_usa": null,
    "ocean_freight": null,
    "transport_kz": null,
    "broker_fee": null,
    "additional_expenses": null
  }
},
{
  "model": "core.car",
  "pk": 222,
  "fields": {
    "year": 2025,
    "brand": "NISSAN ROGUE",
    "vin": "5N1BT3BB4SC821762",
    "client": 4,
    "status": "TRANSFERRED",
    "warehouse": 1,
    "line": null,
    "carrier": null,
    "unload_date": "2025-09-24",
    "transfer_date": "2025-09-24",
    "has_title": true,
    "title_notes": "",
    "total_price": "180.00",
    "current_price": "0.00",
    "storage_cost": "5.00",
    "days": 1,
    "container": 78,
    "ths": null,
    "unload_fee": "0.00",
    "delivery_fee": "0.00",
    "loading_fee": "0.00",
    "docs_fee": "0.00",
    "transfer_fee": "0.00",
    "transit_declaration": "0.00",
    "export_declaration": "0.00",
    "extra_costs": "0.00",
    "dekl": null,
    "proft": "20.00",
    "free_days": 5,
    "rate": "5.00",
    "complex_fee": "0.00",
    "price": null,
    "auction_fee": null,
    "transport_usa": null,
    "ocean_freight": null,
    "transport_kz": null,
    "broker_fee": null,
    "additional_expenses": null
  }
},
{
  "model": "core.car",
  "pk": 223,
  "fields": {
    "year": 2025,
    "brand": "FORD ESCAPE",
    "vin": "1FMCU0MN1SUA53479",
    "client": 4,
    "status": "TRANSFERRED",
    "warehouse": 1,
    "line": null,
    "carrier": null,
    "unload_date": "2025-09-24",
    "transfer_date": "2025-09-24",
    "has_title": true,
    "title_notes": "",
    "total_price": "180.00",
    "current_price": "0.00",
    "storage_cost": "5.00",
    "days": 1,
    "container": 78,
    "ths": null,
    "unload_fee": "0.00",
    "delivery_fee": "0.00",
    "loading_fee": "0.00",
    "docs_fee": "0.00",
    "transfer_fee": "0.00",
    "transit_declaration": "0.00",
    "export_declaration": "0.00",
    "extra_costs": "0.00",
    "dekl": null,
    "proft": "20.00",
    "free_days": 5,
    "rate": "5.00",
    "complex_fee": "0.00",
    "price": null,
    "auction_fee": null,
    "transport_usa": null,
    "ocean_freight": null,
    "transport_kz": null,
    "broker_fee": null,
    "additional_expenses": null
  }
},
{
  "model": "core.car",
  "pk": 224,
  "fields": {
    "year": 2019,
    "brand": "CHEV EQUINOX",
    "vin": "3GNAXSEV9KL269661",
    "client": 4,
    "status": "TRANSFERRED",
    "warehouse": 1,
    "line": null,
    "carrier": null,
    "unload_date": "2025-09-24",
    "transfer_date": "2025-09-24",
    "has_title": true,
    "title_notes": "",
    "total_price": "180.00",
    "current_price": "0.00",
    "storage_cost": "5.00",
    "days": 1,
    "container": 78,
    "ths": null,
    "unload_fee": "0.00",
    "delivery_fee": "0.00",
    "loading_fee": "0.00",
    "docs_fee": "0.00",
    "transfer_fee": "0.00",
    "transit_declaration": "0.00",
    "export_declaration": "0.00",
    "extra_costs": "0.00",
    "dekl": null,
    "proft": "20.00",
    "free_days": 5,
    "rate": "5.00",
    "complex_fee": "0.00",
    "price": null,
    "auction_fee": null,
    "transport_usa": null,
    "ocean_freight": null,
    "transport_kz": null,
    "broker_fee": null,
    "additional_expenses": null
  }
},
{
  "model": "core.car",
  "pk": 225,
  "fields": {
    "year": 2022,
    "brand": "PORSCHE 911",
    "vin": "WP0AA2A97NS205224",
    "client": 12,
    "status": "TRANSFERRED",
    "warehouse": 1,
    "line": 12,
    "carrier": null,
    "unload_date": "2025-09-24",
    "transfer_date": "2025-09-25",
    "has_title": true,
    "title_notes": "",
    "total_price": "285.00",
    "current_price": "0.00",
    "storage_cost": "5.00",
    "days": 1,
    "container": 79,
    "ths": null,
    "unload_fee": "0.00",
    "delivery_fee": "0.00",
    "loading_fee": "0.00",
    "docs_fee": "0.00",
    "transfer_fee": "0.00",
    "transit_declaration": "0.00",
    "export_declaration": "0.00",
    "extra_costs": "0.00",
    "dekl": null,
    "proft": "20.00",
    "free_days": 5,
    "rate": "5.00",
    "complex_fee": "0.00",
    "price": null,
    "auction_fee": null,
    "transport_usa": null,
    "ocean_freight": null,
    "transport_kz": null,
    "broker_fee": null,
    "additional_expenses": null
  }
},
{
  "model": "core.car",
  "pk": 226,
  "fields": {
    "year": 2021,
    "brand": "CHEV EQUINOX",
    "vin": "3GNAXHEV9MS140072",
    "client": 3,
    "status": "UNLOADED",
    "warehouse": 1,
    "line": 12,
    "carrier": 1,
    "unload_date": "2025-09-24",
    "transfer_date": null,
    "has_title": true,
    "title_notes": "",
    "total_price": "0.00",
    "current_price": "765.00",
    "storage_cost": "5.00",
    "days": 1,
    "container": 79,
    "ths": null,
    "unload_fee": "0.00",
    "delivery_fee": "0.00",
    "loading_fee": "0.00",
    "docs_fee": "0.00",
    "transfer_fee": "0.00",
    "transit_declaration": "0.00",
    "export_declaration": "0.00",
    "extra_costs": "0.00",
    "dekl": null,
    "proft": "20.00",
    "free_days": 5,
    "rate": "5.00",
    "complex_fee": "0.00",
    "price": null,
    "auction_fee": null,
    "transport_usa": null,
    "ocean_freight": null,
    "transport_kz": null,
    "broker_fee": null,
    "additional_expenses": null
  }
},
{
  "model": "core.car",
  "pk": 227,
  "fields": {
    "year": 2022,
    "brand": "FORD ESCAPE",
    "vin": "1FMCU0H67NUA79320",
    "client": 3,
    "status": "UNLOADED",
    "warehouse": 1,
    "line": 12,
    "carrier": 1,
    "unload_date": "2025-09-24",
    "transfer_date": null,
    "has_title": true,
    "title_notes": "",
    "total_price": "0.00",
    "current_price": "765.00",
    "storage_cost": "5.00",
    "days": 1,
    "container": 79,
    "ths": null,
    "unload_fee": "0.00",
    "delivery_fee": "0.00",
    "loading_fee": "0.00",
    "docs_fee": "0.00",
    "transfer_fee": "0.00",
    "transit_declaration": "0.00",
    "export_declaration": "0.00",
    "extra_costs": "0.00",
    "dekl": null,
    "proft": "20.00",
    "free_days": 5,
    "rate": "5.00",
    "complex_fee": "0.00",
    "price": null,
    "auction_fee": null,
    "transport_usa": null,
    "ocean_freight": null,
    "transport_kz": null,
    "broker_fee": null,
    "additional_expenses": null
  }
},
{
  "model": "core.car",
  "pk": 228,
  "fields": {
    "year": 2018,
    "brand": "PORSCHE MACAN",
    "vin": "WP1AA2A51JLB23070",
    "client": 12,
    "status": "UNLOADED",
    "warehouse": 1,
    "line": 12,
    "carrier": null,
    "unload_date": "2025-09-29",
    "transfer_date": null,
    "has_title": true,
    "title_notes": "",
    "total_price": "0.00",
    "current_price": "270.00",
    "storage_cost": "0.00",
    "days": 0,
    "container": 80,
    "ths": null,
    "unload_fee": "0.00",
    "delivery_fee": "0.00",
    "loading_fee": "0.00",
    "docs_fee": "0.00",
    "transfer_fee": "0.00",
    "transit_declaration": "0.00",
    "export_declaration": "0.00",
    "extra_costs": "0.00",
    "dekl": null,
    "proft": "30.00",
    "free_days": 5,
    "rate": "5.00",
    "complex_fee": "0.00",
    "price": null,
    "auction_fee": null,
    "transport_usa": null,
    "ocean_freight": null,
    "transport_kz": null,
    "broker_fee": null,
    "additional_expenses": null
  }
},
{
  "model": "core.car",
  "pk": 229,
  "fields": {
    "year": 2023,
    "brand": "TESLA 3",
    "vin": "5YJ3E1EA6PF656608",
    "client": 12,
    "status": "UNLOADED",
    "warehouse": 1,
    "line": 12,
    "carrier": null,
    "unload_date": "2025-09-29",
    "transfer_date": null,
    "has_title": true,
    "title_notes": "",
    "total_price": "0.00",
    "current_price": "260.00",
    "storage_cost": "0.00",
    "days": 0,
    "container": 80,
    "ths": null,
    "unload_fee": "0.00",
    "delivery_fee": "0.00",
    "loading_fee": "0.00",
    "docs_fee": "0.00",
    "transfer_fee": "0.00",
    "transit_declaration": "0.00",
    "export_declaration": "0.00",
    "extra_costs": "0.00",
    "dekl": null,
    "proft": "20.00",
    "free_days": 5,
    "rate": "5.00",
    "complex_fee": "0.00",
    "price": null,
    "auction_fee": null,
    "transport_usa": null,
    "ocean_freight": null,
    "transport_kz": null,
    "broker_fee": null,
    "additional_expenses": null
  }
},
{
  "model": "core.car",
  "pk": 230,
  "fields": {
    "year": 2019,
    "brand": "HYNDAI IONIQ",
    "vin": "KMHC75LD1KU172405",
    "client": 12,
    "status": "UNLOADED",
    "warehouse": 1,
    "line": 12,
    "carrier": null,
    "unload_date": "2025-09-29",
    "transfer_date": null,
    "has_title": true,
    "title_notes": "",
    "total_price": "0.00",
    "current_price": "260.00",
    "storage_cost": "0.00",
    "days": 0,
    "container": 80,
    "ths": null,
    "unload_fee": "0.00",
    "delivery_fee": "0.00",
    "loading_fee": "0.00",
    "docs_fee": "0.00",
    "transfer_fee": "0.00",
    "transit_declaration": "0.00",
    "export_declaration": "0.00",
    "extra_costs": "0.00",
    "dekl": null,
    "proft": "20.00",
    "free_days": 5,
    "rate": "5.00",
    "complex_fee": "0.00",
    "price": null,
    "auction_fee": null,
    "transport_usa": null,
    "ocean_freight": null,
    "transport_kz": null,
    "broker_fee": null,
    "additional_expenses": null
  }
},
{
  "model": "core.car",
  "pk": 231,
  "fields": {
    "year": 2020,
    "brand": "KIA NIRO",
    "vin": "KNDCC3LD0L5439033",
    "client": 17,
    "status": "UNLOADED",
    "warehouse": 1,
    "line": 12,
    "carrier": null,
    "unload_date": "2025-09-29",
    "transfer_date": null,
    "has_title": true,
    "title_notes": "",
    "total_price": "0.00",
    "current_price": "260.00",
    "storage_cost": "0.00",
    "days": 0,
    "container": 80,
    "ths": null,
    "unload_fee": "0.00",
    "delivery_fee": "0.00",
    "loading_fee": "0.00",
    "docs_fee": "0.00",
    "transfer_fee": "0.00",
    "transit_declaration": "0.00",
    "export_declaration": "0.00",
    "extra_costs": "0.00",
    "dekl": null,
    "proft": "20.00",
    "free_days": 5,
    "rate": "5.00",
    "complex_fee": "0.00",
    "price": null,
    "auction_fee": null,
    "transport_usa": null,
    "ocean_freight": null,
    "transport_kz": null,
    "broker_fee": null,
    "additional_expenses": null
  }
},
{
  "model": "core.car",
  "pk": 232,
  "fields": {
    "year": 2019,
    "brand": "GMC TERRAIN",
    "vin": "3GKALTEV3KL334650",
    "client": 4,
    "status": "UNLOADED",
    "warehouse": 1,
    "line": 12,
    "carrier": null,
    "unload_date": "2025-09-29",
    "transfer_date": null,
    "has_title": true,
    "title_notes": "",
    "total_price": "0.00",
    "current_price": "285.00",
    "storage_cost": "0.00",
    "days": 0,
    "container": 81,
    "ths": null,
    "unload_fee": "0.00",
    "delivery_fee": "0.00",
    "loading_fee": "0.00",
    "docs_fee": "0.00",
    "transfer_fee": "0.00",
    "transit_declaration": "0.00",
    "export_declaration": "0.00",
    "extra_costs": "0.00",
    "dekl": null,
    "proft": "20.00",
    "free_days": 5,
    "rate": "5.00",
    "complex_fee": "0.00",
    "price": null,
    "auction_fee": null,
    "transport_usa": null,
    "ocean_freight": null,
    "transport_kz": null,
    "broker_fee": null,
    "additional_expenses": null
  }
},
{
  "model": "core.car",
  "pk": 233,
  "fields": {
    "year": 2023,
    "brand": "NISSAN ROGUE",
    "vin": "JN8BT3BB5PW463957",
    "client": 4,
    "status": "UNLOADED",
    "warehouse": 1,
    "line": 12,
    "carrier": null,
    "unload_date": "2025-09-29",
    "transfer_date": null,
    "has_title": true,
    "title_notes": "",
    "total_price": "0.00",
    "current_price": "285.00",
    "storage_cost": "25.00",
    "days": 5,
    "container": 81,
    "ths": null,
    "unload_fee": "0.00",
    "delivery_fee": "0.00",
    "loading_fee": "0.00",
    "docs_fee": "0.00",
    "transfer_fee": "0.00",
    "transit_declaration": "0.00",
    "export_declaration": "0.00",
    "extra_costs": "0.00",
    "dekl": null,
    "proft": "20.00",
    "free_days": 3,
    "rate": "5.00",
    "complex_fee": "0.00",
    "price": null,
    "auction_fee": null,
    "transport_usa": null,
    "ocean_freight": null,
    "transport_kz": null,
    "broker_fee": null,
    "additional_expenses": null
  }
},
{
  "model": "core.car",
  "pk": 234,
  "fields": {
    "year": 2016,
    "brand": "TOYOTA HIGHLANDER",
    "vin": "5TDDKRFH1GS278653",
    "client": 17,
    "status": "UNLOADED",
    "warehouse": 1,
    "line": 12,
    "carrier": null,
    "unload_date": "2025-09-29",
    "transfer_date": null,
    "has_title": true,
    "title_notes": "",
    "total_price": "0.00",
    "current_price": "285.00",
    "storage_cost": "0.00",
    "days": 0,
    "container": 81,
    "ths": null,
    "unload_fee": "0.00",
    "delivery_fee": "0.00",
    "loading_fee": "0.00",
    "docs_fee": "0.00",
    "transfer_fee": "0.00",
    "transit_declaration": "0.00",
    "export_declaration": "0.00",
    "extra_costs": "0.00",
    "dekl": null,
    "proft": "20.00",
    "free_days": 5,
    "rate": "5.00",
    "complex_fee": "0.00",
    "price": null,
    "auction_fee": null,
    "transport_usa": null,
    "ocean_freight": null,
    "transport_kz": null,
    "broker_fee": null,
    "additional_expenses": null
  }
},
{
  "model": "core.car",
  "pk": 235,
  "fields": {
    "year": 2021,
    "brand": "BMW M3",
    "vin": "WBS33AY03MFL38129",
    "client": 12,
    "status": "UNLOADED",
    "warehouse": 1,
    "line": 12,
    "carrier": null,
    "unload_date": "2025-09-29",
    "transfer_date": null,
    "has_title": true,
    "title_notes": "",
    "total_price": "0.00",
    "current_price": "260.00",
    "storage_cost": "0.00",
    "days": 0,
    "container": 82,
    "ths": null,
    "unload_fee": "0.00",
    "delivery_fee": "0.00",
    "loading_fee": "0.00",
    "docs_fee": "0.00",
    "transfer_fee": "0.00",
    "transit_declaration": "0.00",
    "export_declaration": "0.00",
    "extra_costs": "0.00",
    "dekl": null,
    "proft": "20.00",
    "free_days": 5,
    "rate": "5.00",
    "complex_fee": "0.00",
    "price": null,
    "auction_fee": null,
    "transport_usa": null,
    "ocean_freight": null,
    "transport_kz": null,
    "broker_fee": null,
    "additional_expenses": null
  }
},
{
  "model": "core.car",
  "pk": 236,
  "fields": {
    "year": 2018,
    "brand": "VW TIGUAN",
    "vin": "3VV2B7AXXJM046085",
    "client": 12,
    "status": "UNLOADED",
    "warehouse": 1,
    "line": 12,
    "carrier": null,
    "unload_date": "2025-09-29",
    "transfer_date": null,
    "has_title": true,
    "title_notes": "",
    "total_price": "0.00",
    "current_price": "260.00",
    "storage_cost": "0.00",
    "days": 0,
    "container": 82,
    "ths": null,
    "unload_fee": "0.00",
    "delivery_fee": "0.00",
    "loading_fee": "0.00",
    "docs_fee": "0.00",
    "transfer_fee": "0.00",
    "transit_declaration": "0.00",
    "export_declaration": "0.00",
    "extra_costs": "0.00",
    "dekl": null,
    "proft": "20.00",
    "free_days": 5,
    "rate": "5.00",
    "complex_fee": "0.00",
    "price": null,
    "auction_fee": null,
    "transport_usa": null,
    "ocean_freight": null,
    "transport_kz": null,
    "broker_fee": null,
    "additional_expenses": null
  }
},
{
  "model": "core.car",
  "pk": 237,
  "fields": {
    "year": 2019,
    "brand": "MINI COOPER",
    "vin": "WMZYV5C53K3F57563",
    "client": 4,
    "status": "UNLOADED",
    "warehouse": 1,
    "line": 12,
    "carrier": null,
    "unload_date": "2025-09-29",
    "transfer_date": null,
    "has_title": true,
    "title_notes": "",
    "total_price": "0.00",
    "current_price": "260.00",
    "storage_cost": "0.00",
    "days": 0,
    "container": 82,
    "ths": null,
    "unload_fee": "0.00",
    "delivery_fee": "0.00",
    "loading_fee": "0.00",
    "docs_fee": "0.00",
    "transfer_fee": "0.00",
    "transit_declaration": "0.00",
    "export_declaration": "0.00",
    "extra_costs": "0.00",
    "dekl": null,
    "proft": "20.00",
    "free_days": 5,
    "rate": "5.00",
    "complex_fee": "0.00",
    "price": null,
    "auction_fee": null,
    "transport_usa": null,
    "ocean_freight": null,
    "transport_kz": null,
    "broker_fee": null,
    "additional_expenses": null
  }
},
{
  "model": "core.car",
  "pk": 238,
  "fields": {
    "year": 2019,
    "brand": "MINI COOPER",
    "vin": "WMWXU1C58K2J01243",
    "client": 4,
    "status": "UNLOADED",
    "warehouse": 1,
    "line": 12,
    "carrier": null,
    "unload_date": "2025-09-29",
    "transfer_date": null,
    "has_title": true,
    "title_notes": "",
    "total_price": "0.00",
    "current_price": "260.00",
    "storage_cost": "0.00",
    "days": 0,
    "container": 82,
    "ths": null,
    "unload_fee": "0.00",
    "delivery_fee": "0.00",
    "loading_fee": "0.00",
    "docs_fee": "0.00",
    "transfer_fee": "0.00",
    "transit_declaration": "0.00",
    "export_declaration": "0.00",
    "extra_costs": "0.00",
    "dekl": null,
    "proft": "20.00",
    "free_days": 5,
    "rate": "5.00",
    "complex_fee": "0.00",
    "price": null,
    "auction_fee": null,
    "transport_usa": null,
    "ocean_freight": null,
    "transport_kz": null,
    "broker_fee": null,
    "additional_expenses": null
  }
},
{
  "model": "core.company",
  "pk": 1,
  "fields": {
    "name": "Caromoto Lithuania",
    "invoice_balance": "0.00",
    "cash_balance": "0.00",
    "card_balance": "0.00",
    "created_at": "2025-08-10T22:34:54.565Z",
    "updated_at": "2025-08-28T06:09:05.620Z"
  }
},
{
  "model": "core.company",
  "pk": 7,
  "fields": {
    "name": "Тестовая компания",
    "invoice_balance": "0.00",
    "cash_balance": "0.00",
    "card_balance": "0.00",
    "created_at": "2025-09-16T14:51:07.053Z",
    "updated_at": "2025-09-16T14:51:07.053Z"
  }
},
{
  "model": "core.lineservice",
  "pk": 4,
  "fields": {
    "line": 11,
    "name": "Океанский фрахт",
    "description": "Перевозка автомобиля морем",
    "default_price": "100.00",
    "is_active": true
  }
},
{
  "model": "core.lineservice",
  "pk": 5,
  "fields": {
    "line": 11,
    "name": "THS сбор",
    "description": "Terminal Handling Surcharge",
    "default_price": "50.00",
    "is_active": true
  }
},
{
  "model": "core.lineservice",
  "pk": 11,
  "fields": {
    "line": 2,
    "name": "THS на КОНТЕЙНЕР",
    "description": "",
    "default_price": "320.00",
    "is_active": true
  }
},
{
  "model": "core.lineservice",
  "pk": 12,
  "fields": {
    "line": 2,
    "name": "THS за АВТО (3шт.)",
    "description": "",
    "default_price": "105.00",
    "is_active": true
  }
},
{
  "model": "core.lineservice",
  "pk": 13,
  "fields": {
    "line": 2,
    "name": "THS за МОТО",
    "description": "",
    "default_price": "40.00",
    "is_active": true
  }
},
{
  "model": "core.lineservice",
  "pk": 14,
  "fields": {
    "line": 2,
    "name": "THS за АВТО (4шт,)",
    "description": "",
    "default_price": "80.00",
    "is_active": true
  }
},
{
  "model": "core.lineservice",
  "pk": 15,
  "fields": {
    "line": 5,
    "name": "THS на КОНТЕЙНЕР",
    "description": "",
    "default_price": "320.00",
    "is_active": true
  }
},
{
  "model": "core.lineservice",
  "pk": 16,
  "fields": {
    "line": 5,
    "name": "THS за АВТО (3шт.)",
    "description": "",
    "default_price": "105.00",
    "is_active": true
  }
},
{
  "model": "core.lineservice",
  "pk": 17,
  "fields": {
    "line": 5,
    "name": "THS за МОТО",
    "description": "",
    "default_price": "40.00",
    "is_active": true
  }
},
{
  "model": "core.lineservice",
  "pk": 18,
  "fields": {
    "line": 5,
    "name": "THS за АВТО (4шт,)",
    "description": "",
    "default_price": "80.00",
    "is_active": true
  }
},
{
  "model": "core.lineservice",
  "pk": 19,
  "fields": {
    "line": 4,
    "name": "THS на КОНТЕЙНЕР",
    "description": "",
    "default_price": "320.00",
    "is_active": true
  }
},
{
  "model": "core.lineservice",
  "pk": 20,
  "fields": {
    "line": 4,
    "name": "THS за АВТО (3шт.)",
    "description": "",
    "default_price": "105.00",
    "is_active": true
  }
},
{
  "model": "core.lineservice",
  "pk": 21,
  "fields": {
    "line": 4,
    "name": "THS за МОТО",
    "description": "",
    "default_price": "40.00",
    "is_active": true
  }
},
{
  "model": "core.lineservice",
  "pk": 22,
  "fields": {
    "line": 4,
    "name": "THS за АВТО (4шт,)",
    "description": "",
    "default_price": "80.00",
    "is_active": true
  }
},
{
  "model": "core.lineservice",
  "pk": 23,
  "fields": {
    "line": 3,
    "name": "THS на КОНТЕЙНЕР",
    "description": "",
    "default_price": "320.00",
    "is_active": true
  }
},
{
  "model": "core.lineservice",
  "pk": 24,
  "fields": {
    "line": 3,
    "name": "THS за АВТО (3шт.)",
    "description": "",
    "default_price": "105.00",
    "is_active": true
  }
},
{
  "model": "core.lineservice",
  "pk": 25,
  "fields": {
    "line": 3,
    "name": "THS за МОТО",
    "description": "",
    "default_price": "40.00",
    "is_active": true
  }
},
{
  "model": "core.lineservice",
  "pk": 26,
  "fields": {
    "line": 3,
    "name": "THS за АВТО (4шт,)",
    "description": "",
    "default_price": "80.00",
    "is_active": true
  }
},
{
  "model": "core.lineservice",
  "pk": 28,
  "fields": {
    "line": 12,
    "name": "THS на КОНТЕЙНЕР",
    "description": "",
    "default_price": "320.00",
    "is_active": true
  }
},
{
  "model": "core.lineservice",
  "pk": 29,
  "fields": {
    "line": 12,
    "name": "THS за АВТО (3шт.)",
    "description": "",
    "default_price": "105.00",
    "is_active": true
  }
},
{
  "model": "core.lineservice",
  "pk": 30,
  "fields": {
    "line": 12,
    "name": "THS за МОТО",
    "description": "",
    "default_price": "40.00",
    "is_active": true
  }
},
{
  "model": "core.lineservice",
  "pk": 31,
  "fields": {
    "line": 12,
    "name": "THS за АВТО (4шт,)",
    "description": "",
    "default_price": "80.00",
    "is_active": true
  }
},
{
  "model": "core.carrierservice",
  "pk": 1,
  "fields": {
    "carrier": 1,
    "name": "Клайпеда-Минск",
    "description": "",
    "default_price": "470.00",
    "is_active": true
  }
},
{
  "model": "core.carrierservice",
  "pk": 2,
  "fields": {
    "carrier": 1,
    "name": "Погрузка",
    "description": "",
    "default_price": "150.00",
    "is_active": true
  }
},
{
  "model": "core.carrierservice",
  "pk": 3,
  "fields": {
    "carrier": 1,
    "name": "Перевозка",
    "description": "",
    "default_price": "200.00",
    "is_active": true
  }
},
{
  "model": "core.carrierservice",
  "pk": 4,
  "fields": {
    "carrier": 1,
    "name": "Доп. сборы",
    "description": "",
    "default_price": "100.00",
    "is_active": true
  }
},
{
  "model": "core.carrierservice",
  "pk": 5,
  "fields": {
    "carrier": 1,
    "name": "Калатушка",
    "description": "",
    "default_price": "22.00",
    "is_active": true
  }
},
{
  "model": "core.carrierservice",
  "pk": 7,
  "fields": {
    "carrier": 1,
    "name": "Роберт",
    "description": "",
    "default_price": "33.00",
    "is_active": true
  }
},
{
  "model": "core.carrierservice",
  "pk": 8,
  "fields": {
    "carrier": 2,
    "name": "Клайпеда-Минск",
    "description": "",
    "default_price": "450.00",
    "is_active": true
  }
},
{
  "model": "core.warehouseservice",
  "pk": 14,
  "fields": {
    "warehouse": 2,
    "name": "Комплекс",
    "description": "",
    "default_price": "160.00",
    "is_active": true
  }
},
{
  "model": "core.warehouseservice",
  "pk": 15,
  "fields": {
    "warehouse": 1,
    "name": "Комплекс",
    "description": "",
    "default_price": "160.00",
    "is_active": true
  }
},
{
  "model": "core.warehouseservice",
  "pk": 16,
  "fields": {
    "warehouse": 1,
    "name": "Доставка до склада",
    "description": "",
    "default_price": "0.00",
    "is_active": true
  }
},
{
  "model": "core.warehouseservice",
  "pk": 17,
  "fields": {
    "warehouse": 1,
    "name": "Погрузка на трал",
    "description": "",
    "default_price": "0.00",
    "is_active": true
  }
},
{
  "model": "core.warehouseservice",
  "pk": 18,
  "fields": {
    "warehouse": 1,
    "name": "Документы",
    "description": "",
    "default_price": "0.00",
    "is_active": true
  }
},
{
  "model": "core.warehouseservice",
  "pk": 19,
  "fields": {
    "warehouse": 1,
    "name": "Плата за передачу",
    "description": "",
    "default_price": "0.00",
    "is_active": true
  }
},
{
  "model": "core.warehouseservice",
  "pk": 20,
  "fields": {
    "warehouse": 1,
    "name": "Цена за разгрузку",
    "description": "",
    "default_price": "0.00",
    "is_active": true
  }
},
{
  "model": "core.warehouseservice",
  "pk": 21,
  "fields": {
    "warehouse": 1,
    "name": "Транзитная декл.",
    "description": "",
    "default_price": "0.00",
    "is_active": true
  }
},
{
  "model": "core.warehouseservice",
  "pk": 22,
  "fields": {
    "warehouse": 1,
    "name": "Экспортная декл.",
    "description": "",
    "default_price": "0.00",
    "is_active": true
  }
},
{
  "model": "core.warehouseservice",
  "pk": 23,
  "fields": {
    "warehouse": 1,
    "name": "Доп. расходы",
    "description": "",
    "default_price": "0.00",
    "is_active": true
  }
},
{
  "model": "core.warehouseservice",
  "pk": 26,
  "fields": {
    "warehouse": 2,
    "name": "Ставка за сутки",
    "description": "",
    "default_price": "4.00",
    "is_active": true
  }
},
{
  "model": "core.warehouseservice",
  "pk": 27,
  "fields": {
    "warehouse": 2,
    "name": "Бесплатные дни",
    "description": "",
    "default_price": "0.00",
    "is_active": true
  }
},
{
  "model": "core.warehouseservice",
  "pk": 28,
  "fields": {
    "warehouse": 2,
    "name": "Доп. расходы",
    "description": "",
    "default_price": "0.00",
    "is_active": true
  }
},
{
  "model": "core.deletedcarservice",
  "pk": 1,
  "fields": {
    "car": 217,
    "service_type": "WAREHOUSE",
    "service_id": 24,
    "deleted_at": "2025-09-25T17:35:41.285Z"
  }
},
{
  "model": "core.deletedcarservice",
  "pk": 2,
  "fields": {
    "car": 217,
    "service_type": "WAREHOUSE",
    "service_id": 25,
    "deleted_at": "2025-09-25T17:35:41.335Z"
  }
},
{
  "model": "core.deletedcarservice",
  "pk": 3,
  "fields": {
    "car": 217,
    "service_type": "LINE",
    "service_id": 6,
    "deleted_at": "2025-09-25T17:35:59.003Z"
  }
},
{
  "model": "core.deletedcarservice",
  "pk": 4,
  "fields": {
    "car": 217,
    "service_type": "LINE",
    "service_id": 9,
    "deleted_at": "2025-09-25T17:35:59.012Z"
  }
},
{
  "model": "core.deletedcarservice",
  "pk": 5,
  "fields": {
    "car": 217,
    "service_type": "LINE",
    "service_id": 10,
    "deleted_at": "2025-09-25T17:35:59.020Z"
  }
},
{
  "model": "core.deletedcarservice",
  "pk": 6,
  "fields": {
    "car": 216,
    "service_type": "LINE",
    "service_id": 6,
    "deleted_at": "2025-09-25T17:36:43.658Z"
  }
},
{
  "model": "core.deletedcarservice",
  "pk": 7,
  "fields": {
    "car": 216,
    "service_type": "LINE",
    "service_id": 10,
    "deleted_at": "2025-09-25T17:36:43.673Z"
  }
},
{
  "model": "core.deletedcarservice",
  "pk": 8,
  "fields": {
    "car": 216,
    "service_type": "WAREHOUSE",
    "service_id": 24,
    "deleted_at": "2025-09-25T17:36:43.682Z"
  }
},
{
  "model": "core.deletedcarservice",
  "pk": 9,
  "fields": {
    "car": 216,
    "service_type": "WAREHOUSE",
    "service_id": 25,
    "deleted_at": "2025-09-25T17:36:43.691Z"
  }
},
{
  "model": "core.deletedcarservice",
  "pk": 10,
  "fields": {
    "car": 216,
    "service_type": "LINE",
    "service_id": 9,
    "deleted_at": "2025-09-25T17:36:53.420Z"
  }
},
{
  "model": "core.deletedcarservice",
  "pk": 11,
  "fields": {
    "car": 217,
    "service_type": "WAREHOUSE",
    "service_id": 21,
    "deleted_at": "2025-09-25T17:39:52.122Z"
  }
},
{
  "model": "core.deletedcarservice",
  "pk": 12,
  "fields": {
    "car": 216,
    "service_type": "WAREHOUSE",
    "service_id": 21,
    "deleted_at": "2025-09-25T17:43:04.230Z"
  }
},
{
  "model": "core.deletedcarservice",
  "pk": 13,
  "fields": {
    "car": 216,
    "service_type": "CARRIER",
    "service_id": 8,
    "deleted_at": "2025-09-25T17:43:04.242Z"
  }
},
{
  "model": "core.deletedcarservice",
  "pk": 14,
  "fields": {
    "car": 217,
    "service_type": "WAREHOUSE",
    "service_id": 26,
    "deleted_at": "2025-09-25T17:57:19.553Z"
  }
},
{
  "model": "core.deletedcarservice",
  "pk": 15,
  "fields": {
    "car": 217,
    "service_type": "CARRIER",
    "service_id": 8,
    "deleted_at": "2025-09-25T17:57:19.559Z"
  }
},
{
  "model": "core.deletedcarservice",
  "pk": 16,
  "fields": {
    "car": 225,
    "service_type": "LINE",
    "service_id": 11,
    "deleted_at": "2025-09-29T17:20:54.417Z"
  }
},
{
  "model": "core.deletedcarservice",
  "pk": 17,
  "fields": {
    "car": 225,
    "service_type": "LINE",
    "service_id": 13,
    "deleted_at": "2025-09-29T17:20:54.432Z"
  }
},
{
  "model": "core.deletedcarservice",
  "pk": 18,
  "fields": {
    "car": 225,
    "service_type": "LINE",
    "service_id": 14,
    "deleted_at": "2025-09-29T17:20:54.446Z"
  }
},
{
  "model": "core.deletedcarservice",
  "pk": 19,
  "fields": {
    "car": 215,
    "service_type": "LINE",
    "service_id": 6,
    "deleted_at": "2025-09-29T17:36:45.205Z"
  }
},
{
  "model": "core.deletedcarservice",
  "pk": 20,
  "fields": {
    "car": 215,
    "service_type": "LINE",
    "service_id": 8,
    "deleted_at": "2025-09-29T17:36:45.217Z"
  }
},
{
  "model": "core.deletedcarservice",
  "pk": 21,
  "fields": {
    "car": 215,
    "service_type": "LINE",
    "service_id": 9,
    "deleted_at": "2025-09-29T17:36:45.225Z"
  }
},
{
  "model": "core.deletedcarservice",
  "pk": 22,
  "fields": {
    "car": 215,
    "service_type": "LINE",
    "service_id": 10,
    "deleted_at": "2025-09-29T17:36:45.233Z"
  }
},
{
  "model": "core.deletedcarservice",
  "pk": 23,
  "fields": {
    "car": 215,
    "service_type": "LINE",
    "service_id": 30,
    "deleted_at": "2025-09-29T17:41:59.443Z"
  }
},
{
  "model": "core.deletedcarservice",
  "pk": 24,
  "fields": {
    "car": 215,
    "service_type": "LINE",
    "service_id": 28,
    "deleted_at": "2025-09-29T17:41:59.455Z"
  }
},
{
  "model": "core.deletedcarservice",
  "pk": 25,
  "fields": {
    "car": 215,
    "service_type": "LINE",
    "service_id": 31,
    "deleted_at": "2025-09-29T17:41:59.463Z"
  }
},
{
  "model": "core.deletedcarservice",
  "pk": 26,
  "fields": {
    "car": 215,
    "service_type": "WAREHOUSE",
    "service_id": 26,
    "deleted_at": "2025-09-29T17:59:46.749Z"
  }
},
{
  "model": "core.deletedcarservice",
  "pk": 27,
  "fields": {
    "car": 215,
    "service_type": "LINE",
    "service_id": 29,
    "deleted_at": "2025-09-29T18:28:40.814Z"
  }
},
{
  "model": "core.deletedcarservice",
  "pk": 28,
  "fields": {
    "car": 228,
    "service_type": "LINE",
    "service_id": 30,
    "deleted_at": "2025-09-29T18:53:06.529Z"
  }
},
{
  "model": "core.deletedcarservice",
  "pk": 29,
  "fields": {
    "car": 228,
    "service_type": "LINE",
    "service_id": 28,
    "deleted_at": "2025-09-29T18:53:06.541Z"
  }
},
{
  "model": "core.deletedcarservice",
  "pk": 30,
  "fields": {
    "car": 228,
    "service_type": "LINE",
    "service_id": 31,
    "deleted_at": "2025-09-29T18:53:06.556Z"
  }
},
{
  "model": "core.deletedcarservice",
  "pk": 31,
  "fields": {
    "car": 218,
    "service_type": "LINE",
    "service_id": 30,
    "deleted_at": "2025-09-29T18:56:35.715Z"
  }
},
{
  "model": "core.deletedcarservice",
  "pk": 32,
  "fields": {
    "car": 218,
    "service_type": "LINE",
    "service_id": 28,
    "deleted_at": "2025-09-29T18:56:35.763Z"
  }
},
{
  "model": "core.deletedcarservice",
  "pk": 33,
  "fields": {
    "car": 218,
    "service_type": "LINE",
    "service_id": 31,
    "deleted_at": "2025-09-29T18:56:35.804Z"
  }
},
{
  "model": "core.deletedcarservice",
  "pk": 34,
  "fields": {
    "car": 233,
    "service_type": "LINE",
    "service_id": 28,
    "deleted_at": "2025-09-29T19:00:18.147Z"
  }
},
{
  "model": "core.deletedcarservice",
  "pk": 35,
  "fields": {
    "car": 233,
    "service_type": "LINE",
    "service_id": 30,
    "deleted_at": "2025-09-29T19:00:18.187Z"
  }
},
{
  "model": "core.deletedcarservice",
  "pk": 36,
  "fields": {
    "car": 233,
    "service_type": "LINE",
    "service_id": 31,
    "deleted_at": "2025-09-29T19:00:18.220Z"
  }
},
{
  "model": "core.deletedcarservice",
  "pk": 37,
  "fields": {
    "car": 233,
    "service_type": "WAREHOUSE",
    "service_id": 26,
    "deleted_at": "2025-09-29T19:00:58.833Z"
  }
},
{
  "model": "core.deletedcarservice",
  "pk": 38,
  "fields": {
    "car": 238,
    "service_type": "LINE",
    "service_id": 29,
    "deleted_at": "2025-09-29T19:44:03.204Z"
  }
},
{
  "model": "core.deletedcarservice",
  "pk": 39,
  "fields": {
    "car": 238,
    "service_type": "LINE",
    "service_id": 28,
    "deleted_at": "2025-09-29T19:44:03.278Z"
  }
},
{
  "model": "core.deletedcarservice",
  "pk": 40,
  "fields": {
    "car": 238,
    "service_type": "LINE",
    "service_id": 30,
    "deleted_at": "2025-09-29T19:44:03.351Z"
  }
},
{
  "model": "core.deletedcarservice",
  "pk": 41,
  "fields": {
    "car": 237,
    "service_type": "LINE",
    "service_id": 29,
    "deleted_at": "2025-09-29T19:44:16.771Z"
  }
},
{
  "model": "core.deletedcarservice",
  "pk": 42,
  "fields": {
    "car": 237,
    "service_type": "LINE",
    "service_id": 28,
    "deleted_at": "2025-09-29T19:44:16.839Z"
  }
},
{
  "model": "core.deletedcarservice",
  "pk": 43,
  "fields": {
    "car": 237,
    "service_type": "LINE",
    "service_id": 30,
    "deleted_at": "2025-09-29T19:44:16.947Z"
  }
},
{
  "model": "core.deletedcarservice",
  "pk": 44,
  "fields": {
    "car": 236,
    "service_type": "LINE",
    "service_id": 29,
    "deleted_at": "2025-09-29T19:44:30.951Z"
  }
},
{
  "model": "core.deletedcarservice",
  "pk": 45,
  "fields": {
    "car": 236,
    "service_type": "LINE",
    "service_id": 28,
    "deleted_at": "2025-09-29T19:44:31.025Z"
  }
},
{
  "model": "core.deletedcarservice",
  "pk": 46,
  "fields": {
    "car": 236,
    "service_type": "LINE",
    "service_id": 30,
    "deleted_at": "2025-09-29T19:44:31.099Z"
  }
},
{
  "model": "core.deletedcarservice",
  "pk": 47,
  "fields": {
    "car": 235,
    "service_type": "LINE",
    "service_id": 29,
    "deleted_at": "2025-09-29T19:44:41.737Z"
  }
},
{
  "model": "core.deletedcarservice",
  "pk": 48,
  "fields": {
    "car": 235,
    "service_type": "LINE",
    "service_id": 28,
    "deleted_at": "2025-09-29T19:44:41.815Z"
  }
},
{
  "model": "core.deletedcarservice",
  "pk": 49,
  "fields": {
    "car": 235,
    "service_type": "LINE",
    "service_id": 30,
    "deleted_at": "2025-09-29T19:44:41.887Z"
  }
},
{
  "model": "core.deletedcarservice",
  "pk": 50,
  "fields": {
    "car": 234,
    "service_type": "LINE",
    "service_id": 28,
    "deleted_at": "2025-09-29T19:45:02.951Z"
  }
},
{
  "model": "core.deletedcarservice",
  "pk": 51,
  "fields": {
    "car": 234,
    "service_type": "LINE",
    "service_id": 30,
    "deleted_at": "2025-09-29T19:45:03.022Z"
  }
},
{
  "model": "core.deletedcarservice",
  "pk": 52,
  "fields": {
    "car": 234,
    "service_type": "LINE",
    "service_id": 31,
    "deleted_at": "2025-09-29T19:45:03.094Z"
  }
},
{
  "model": "core.deletedcarservice",
  "pk": 53,
  "fields": {
    "car": 232,
    "service_type": "LINE",
    "service_id": 28,
    "deleted_at": "2025-09-29T19:47:52.669Z"
  }
},
{
  "model": "core.deletedcarservice",
  "pk": 54,
  "fields": {
    "car": 232,
    "service_type": "LINE",
    "service_id": 30,
    "deleted_at": "2025-09-29T19:47:52.761Z"
  }
},
{
  "model": "core.deletedcarservice",
  "pk": 55,
  "fields": {
    "car": 232,
    "service_type": "LINE",
    "service_id": 31,
    "deleted_at": "2025-09-29T19:47:52.868Z"
  }
},
{
  "model": "core.deletedcarservice",
  "pk": 56,
  "fields": {
    "car": 231,
    "service_type": "LINE",
    "service_id": 29,
    "deleted_at": "2025-09-29T19:53:07.983Z"
  }
},
{
  "model": "core.deletedcarservice",
  "pk": 57,
  "fields": {
    "car": 231,
    "service_type": "LINE",
    "service_id": 30,
    "deleted_at": "2025-09-29T19:53:08.017Z"
  }
},
{
  "model": "core.deletedcarservice",
  "pk": 58,
  "fields": {
    "car": 231,
    "service_type": "LINE",
    "service_id": 28,
    "deleted_at": "2025-09-29T19:53:08.051Z"
  }
},
{
  "model": "core.deletedcarservice",
  "pk": 59,
  "fields": {
    "car": 230,
    "service_type": "LINE",
    "service_id": 29,
    "deleted_at": "2025-09-29T19:53:24.942Z"
  }
},
{
  "model": "core.deletedcarservice",
  "pk": 60,
  "fields": {
    "car": 230,
    "service_type": "LINE",
    "service_id": 28,
    "deleted_at": "2025-09-29T19:53:25.012Z"
  }
},
{
  "model": "core.deletedcarservice",
  "pk": 61,
  "fields": {
    "car": 230,
    "service_type": "LINE",
    "service_id": 30,
    "deleted_at": "2025-09-29T19:53:25.082Z"
  }
},
{
  "model": "core.deletedcarservice",
  "pk": 62,
  "fields": {
    "car": 229,
    "service_type": "LINE",
    "service_id": 29,
    "deleted_at": "2025-09-29T19:53:59.881Z"
  }
},
{
  "model": "core.deletedcarservice",
  "pk": 63,
  "fields": {
    "car": 229,
    "service_type": "LINE",
    "service_id": 30,
    "deleted_at": "2025-09-29T19:53:59.926Z"
  }
},
{
  "model": "core.deletedcarservice",
  "pk": 64,
  "fields": {
    "car": 229,
    "service_type": "LINE",
    "service_id": 28,
    "deleted_at": "2025-09-29T19:53:59.962Z"
  }
},
{
  "model": "core.deletedcarservice",
  "pk": 65,
  "fields": {
    "car": 228,
    "service_type": "LINE",
    "service_id": 29,
    "deleted_at": "2025-09-29T19:54:59.756Z"
  }
},
{
  "model": "core.deletedcarservice",
  "pk": 66,
  "fields": {
    "car": 227,
    "service_type": "LINE",
    "service_id": 28,
    "deleted_at": "2025-09-29T19:57:23.547Z"
  }
},
{
  "model": "core.deletedcarservice",
  "pk": 67,
  "fields": {
    "car": 227,
    "service_type": "LINE",
    "service_id": 30,
    "deleted_at": "2025-09-29T19:57:23.617Z"
  }
},
{
  "model": "core.deletedcarservice",
  "pk": 68,
  "fields": {
    "car": 227,
    "service_type": "LINE",
    "service_id": 31,
    "deleted_at": "2025-09-29T19:57:23.690Z"
  }
},
{
  "model": "core.deletedcarservice",
  "pk": 69,
  "fields": {
    "car": 227,
    "service_type": "CARRIER",
    "service_id": 2,
    "deleted_at": "2025-09-29T20:00:20.166Z"
  }
},
{
  "model": "core.deletedcarservice",
  "pk": 70,
  "fields": {
    "car": 227,
    "service_type": "CARRIER",
    "service_id": 3,
    "deleted_at": "2025-09-29T20:00:20.213Z"
  }
},
{
  "model": "core.deletedcarservice",
  "pk": 71,
  "fields": {
    "car": 227,
    "service_type": "CARRIER",
    "service_id": 4,
    "deleted_at": "2025-09-29T20:00:20.279Z"
  }
},
{
  "model": "core.deletedcarservice",
  "pk": 72,
  "fields": {
    "car": 227,
    "service_type": "CARRIER",
    "service_id": 5,
    "deleted_at": "2025-09-29T20:00:20.374Z"
  }
},
{
  "model": "core.deletedcarservice",
  "pk": 73,
  "fields": {
    "car": 227,
    "service_type": "CARRIER",
    "service_id": 7,
    "deleted_at": "2025-09-29T20:00:20.475Z"
  }
},
{
  "model": "core.deletedcarservice",
  "pk": 74,
  "fields": {
    "car": 226,
    "service_type": "LINE",
    "service_id": 28,
    "deleted_at": "2025-09-29T20:02:35.675Z"
  }
},
{
  "model": "core.deletedcarservice",
  "pk": 75,
  "fields": {
    "car": 226,
    "service_type": "LINE",
    "service_id": 30,
    "deleted_at": "2025-09-29T20:02:35.756Z"
  }
},
{
  "model": "core.deletedcarservice",
  "pk": 76,
  "fields": {
    "car": 226,
    "service_type": "LINE",
    "service_id": 31,
    "deleted_at": "2025-09-29T20:02:35.837Z"
  }
},
{
  "model": "core.deletedcarservice",
  "pk": 77,
  "fields": {
    "car": 226,
    "service_type": "CARRIER",
    "service_id": 2,
    "deleted_at": "2025-09-29T20:02:48.771Z"
  }
},
{
  "model": "core.deletedcarservice",
  "pk": 78,
  "fields": {
    "car": 226,
    "service_type": "CARRIER",
    "service_id": 3,
    "deleted_at": "2025-09-29T20:02:48.853Z"
  }
},
{
  "model": "core.deletedcarservice",
  "pk": 79,
  "fields": {
    "car": 226,
    "service_type": "CARRIER",
    "service_id": 4,
    "deleted_at": "2025-09-29T20:02:48.933Z"
  }
},
{
  "model": "core.deletedcarservice",
  "pk": 80,
  "fields": {
    "car": 226,
    "service_type": "CARRIER",
    "service_id": 5,
    "deleted_at": "2025-09-29T20:02:49.009Z"
  }
},
{
  "model": "core.deletedcarservice",
  "pk": 81,
  "fields": {
    "car": 226,
    "service_type": "CARRIER",
    "service_id": 7,
    "deleted_at": "2025-09-29T20:02:49.090Z"
  }
},
{
  "model": "core.deletedcarservice",
  "pk": 82,
  "fields": {
    "car": 225,
    "service_type": "LINE",
    "service_id": 28,
    "deleted_at": "2025-09-29T20:05:02.784Z"
  }
},
{
  "model": "core.deletedcarservice",
  "pk": 83,
  "fields": {
    "car": 225,
    "service_type": "LINE",
    "service_id": 30,
    "deleted_at": "2025-09-29T20:05:02.879Z"
  }
},
{
  "model": "core.deletedcarservice",
  "pk": 84,
  "fields": {
    "car": 225,
    "service_type": "LINE",
    "service_id": 31,
    "deleted_at": "2025-09-29T20:05:03.021Z"
  }
},
{
  "model": "core.deletedcarservice",
  "pk": 85,
  "fields": {
    "car": 221,
    "service_type": "LINE",
    "service_id": 28,
    "deleted_at": "2025-09-29T20:06:55.171Z"
  }
},
{
  "model": "core.deletedcarservice",
  "pk": 86,
  "fields": {
    "car": 221,
    "service_type": "LINE",
    "service_id": 30,
    "deleted_at": "2025-09-29T20:06:55.239Z"
  }
},
{
  "model": "core.deletedcarservice",
  "pk": 87,
  "fields": {
    "car": 221,
    "service_type": "LINE",
    "service_id": 31,
    "deleted_at": "2025-09-29T20:06:55.302Z"
  }
},
{
  "model": "core.deletedcarservice",
  "pk": 88,
  "fields": {
    "car": 221,
    "service_type": "CARRIER",
    "service_id": 2,
    "deleted_at": "2025-09-29T20:07:15.427Z"
  }
},
{
  "model": "core.deletedcarservice",
  "pk": 89,
  "fields": {
    "car": 221,
    "service_type": "CARRIER",
    "service_id": 3,
    "deleted_at": "2025-09-29T20:07:15.514Z"
  }
},
{
  "model": "core.deletedcarservice",
  "pk": 90,
  "fields": {
    "car": 221,
    "service_type": "CARRIER",
    "service_id": 4,
    "deleted_at": "2025-09-29T20:07:15.599Z"
  }
},
{
  "model": "core.deletedcarservice",
  "pk": 91,
  "fields": {
    "car": 221,
    "service_type": "CARRIER",
    "service_id": 5,
    "deleted_at": "2025-09-29T20:07:15.687Z"
  }
},
{
  "model": "core.deletedcarservice",
  "pk": 92,
  "fields": {
    "car": 221,
    "service_type": "CARRIER",
    "service_id": 7,
    "deleted_at": "2025-09-29T20:07:15.774Z"
  }
},
{
  "model": "core.deletedcarservice",
  "pk": 93,
  "fields": {
    "car": 220,
    "service_type": "LINE",
    "service_id": 29,
    "deleted_at": "2025-09-29T20:09:36.530Z"
  }
},
{
  "model": "core.deletedcarservice",
  "pk": 94,
  "fields": {
    "car": 220,
    "service_type": "LINE",
    "service_id": 28,
    "deleted_at": "2025-09-29T20:09:36.604Z"
  }
},
{
  "model": "core.deletedcarservice",
  "pk": 95,
  "fields": {
    "car": 220,
    "service_type": "LINE",
    "service_id": 31,
    "deleted_at": "2025-09-29T20:09:36.669Z"
  }
},
{
  "model": "core.deletedcarservice",
  "pk": 96,
  "fields": {
    "car": 220,
    "service_type": "CARRIER",
    "service_id": 7,
    "deleted_at": "2025-09-29T20:10:09.548Z"
  }
},
{
  "model": "core.deletedcarservice",
  "pk": 97,
  "fields": {
    "car": 220,
    "service_type": "CARRIER",
    "service_id": 1,
    "deleted_at": "2025-09-29T20:10:09.635Z"
  }
},
{
  "model": "core.deletedcarservice",
  "pk": 98,
  "fields": {
    "car": 220,
    "service_type": "CARRIER",
    "service_id": 2,
    "deleted_at": "2025-09-29T20:10:09.720Z"
  }
},
{
  "model": "core.deletedcarservice",
  "pk": 99,
  "fields": {
    "car": 220,
    "service_type": "CARRIER",
    "service_id": 3,
    "deleted_at": "2025-09-29T20:10:09.799Z"
  }
},
{
  "model": "core.deletedcarservice",
  "pk": 100,
  "fields": {
    "car": 220,
    "service_type": "CARRIER",
    "service_id": 5,
    "deleted_at": "2025-09-29T20:10:09.880Z"
  }
},
{
  "model": "core.deletedcarservice",
  "pk": 101,
  "fields": {
    "car": 219,
    "service_type": "LINE",
    "service_id": 28,
    "deleted_at": "2025-09-29T20:13:34.146Z"
  }
},
{
  "model": "core.deletedcarservice",
  "pk": 102,
  "fields": {
    "car": 219,
    "service_type": "LINE",
    "service_id": 30,
    "deleted_at": "2025-09-29T20:13:34.187Z"
  }
},
{
  "model": "core.deletedcarservice",
  "pk": 103,
  "fields": {
    "car": 219,
    "service_type": "LINE",
    "service_id": 31,
    "deleted_at": "2025-09-29T20:13:34.228Z"
  }
},
{
  "model": "core.deletedcarservice",
  "pk": 104,
  "fields": {
    "car": 219,
    "service_type": "CARRIER",
    "service_id": 2,
    "deleted_at": "2025-09-29T20:13:45.113Z"
  }
},
{
  "model": "core.deletedcarservice",
  "pk": 105,
  "fields": {
    "car": 219,
    "service_type": "CARRIER",
    "service_id": 3,
    "deleted_at": "2025-09-29T20:13:45.200Z"
  }
},
{
  "model": "core.deletedcarservice",
  "pk": 106,
  "fields": {
    "car": 219,
    "service_type": "CARRIER",
    "service_id": 4,
    "deleted_at": "2025-09-29T20:13:45.281Z"
  }
},
{
  "model": "core.deletedcarservice",
  "pk": 107,
  "fields": {
    "car": 219,
    "service_type": "CARRIER",
    "service_id": 5,
    "deleted_at": "2025-09-29T20:13:45.364Z"
  }
},
{
  "model": "core.deletedcarservice",
  "pk": 108,
  "fields": {
    "car": 219,
    "service_type": "CARRIER",
    "service_id": 7,
    "deleted_at": "2025-09-29T20:13:45.447Z"
  }
},
{
  "model": "core.deletedcarservice",
  "pk": 109,
  "fields": {
    "car": 217,
    "service_type": "LINE",
    "service_id": 28,
    "deleted_at": "2025-09-29T20:15:16.913Z"
  }
},
{
  "model": "core.deletedcarservice",
  "pk": 110,
  "fields": {
    "car": 217,
    "service_type": "LINE",
    "service_id": 30,
    "deleted_at": "2025-09-29T20:15:16.998Z"
  }
},
{
  "model": "core.deletedcarservice",
  "pk": 111,
  "fields": {
    "car": 217,
    "service_type": "LINE",
    "service_id": 31,
    "deleted_at": "2025-09-29T20:15:17.080Z"
  }
},
{
  "model": "core.deletedcarservice",
  "pk": 112,
  "fields": {
    "car": 217,
    "service_type": "CARRIER",
    "service_id": 2,
    "deleted_at": "2025-09-29T20:15:37.816Z"
  }
},
{
  "model": "core.deletedcarservice",
  "pk": 113,
  "fields": {
    "car": 217,
    "service_type": "CARRIER",
    "service_id": 3,
    "deleted_at": "2025-09-29T20:15:37.907Z"
  }
},
{
  "model": "core.deletedcarservice",
  "pk": 114,
  "fields": {
    "car": 217,
    "service_type": "CARRIER",
    "service_id": 4,
    "deleted_at": "2025-09-29T20:15:37.946Z"
  }
},
{
  "model": "core.deletedcarservice",
  "pk": 115,
  "fields": {
    "car": 217,
    "service_type": "CARRIER",
    "service_id": 5,
    "deleted_at": "2025-09-29T20:15:37.985Z"
  }
},
{
  "model": "core.deletedcarservice",
  "pk": 116,
  "fields": {
    "car": 217,
    "service_type": "CARRIER",
    "service_id": 7,
    "deleted_at": "2025-09-29T20:15:38.025Z"
  }
},
{
  "model": "core.deletedcarservice",
  "pk": 117,
  "fields": {
    "car": 216,
    "service_type": "LINE",
    "service_id": 28,
    "deleted_at": "2025-09-29T20:16:48.761Z"
  }
},
{
  "model": "core.deletedcarservice",
  "pk": 118,
  "fields": {
    "car": 216,
    "service_type": "LINE",
    "service_id": 30,
    "deleted_at": "2025-09-29T20:16:48.831Z"
  }
},
{
  "model": "core.deletedcarservice",
  "pk": 119,
  "fields": {
    "car": 216,
    "service_type": "LINE",
    "service_id": 31,
    "deleted_at": "2025-09-29T20:16:48.903Z"
  }
},
{
  "model": "core.deletedcarservice",
  "pk": 120,
  "fields": {
    "car": 212,
    "service_type": "LINE",
    "service_id": 29,
    "deleted_at": "2025-09-30T11:37:55.413Z"
  }
},
{
  "model": "core.deletedcarservice",
  "pk": 121,
  "fields": {
    "car": 212,
    "service_type": "LINE",
    "service_id": 30,
    "deleted_at": "2025-09-30T11:37:55.492Z"
  }
},
{
  "model": "core.deletedcarservice",
  "pk": 122,
  "fields": {
    "car": 212,
    "service_type": "LINE",
    "service_id": 28,
    "deleted_at": "2025-09-30T11:37:55.549Z"
  }
},
{
  "model": "core.carservice",
  "pk": 5,
  "fields": {
    "car": 187,
    "service_type": "WAREHOUSE",
    "service_id": 4,
    "custom_price": "160.00",
    "quantity": 1,
    "notes": "Мигрировано из старого поля complex_fee",
    "created_at": "2025-09-17T17:38:21.081Z",
    "updated_at": "2025-09-17T17:38:21.081Z"
  }
},
{
  "model": "core.carservice",
  "pk": 6,
  "fields": {
    "car": 163,
    "service_type": "WAREHOUSE",
    "service_id": 4,
    "custom_price": "160.00",
    "quantity": 1,
    "notes": "Мигрировано из старого поля complex_fee",
    "created_at": "2025-09-17T17:38:21.092Z",
    "updated_at": "2025-09-17T17:38:21.092Z"
  }
},
{
  "model": "core.carservice",
  "pk": 7,
  "fields": {
    "car": 127,
    "service_type": "WAREHOUSE",
    "service_id": 4,
    "custom_price": "160.00",
    "quantity": 1,
    "notes": "Мигрировано из старого поля complex_fee",
    "created_at": "2025-09-17T17:38:21.099Z",
    "updated_at": "2025-09-17T17:38:21.099Z"
  }
},
{
  "model": "core.carservice",
  "pk": 8,
  "fields": {
    "car": 134,
    "service_type": "WAREHOUSE",
    "service_id": 4,
    "custom_price": "160.00",
    "quantity": 1,
    "notes": "Мигрировано из старого поля complex_fee",
    "created_at": "2025-09-17T17:38:21.109Z",
    "updated_at": "2025-09-17T17:38:21.109Z"
  }
},
{
  "model": "core.carservice",
  "pk": 9,
  "fields": {
    "car": 128,
    "service_type": "WAREHOUSE",
    "service_id": 4,
    "custom_price": "160.00",
    "quantity": 1,
    "notes": "Мигрировано из старого поля complex_fee",
    "created_at": "2025-09-17T17:38:21.119Z",
    "updated_at": "2025-09-17T17:38:21.119Z"
  }
},
{
  "model": "core.carservice",
  "pk": 10,
  "fields": {
    "car": 188,
    "service_type": "WAREHOUSE",
    "service_id": 4,
    "custom_price": "160.00",
    "quantity": 1,
    "notes": "Мигрировано из старого поля complex_fee",
    "created_at": "2025-09-17T17:38:21.125Z",
    "updated_at": "2025-09-17T17:38:21.125Z"
  }
},
{
  "model": "core.carservice",
  "pk": 11,
  "fields": {
    "car": 137,
    "service_type": "WAREHOUSE",
    "service_id": 4,
    "custom_price": "160.00",
    "quantity": 1,
    "notes": "Мигрировано из старого поля complex_fee",
    "created_at": "2025-09-17T17:38:21.134Z",
    "updated_at": "2025-09-17T17:38:21.134Z"
  }
},
{
  "model": "core.carservice",
  "pk": 12,
  "fields": {
    "car": 169,
    "service_type": "WAREHOUSE",
    "service_id": 4,
    "custom_price": "160.00",
    "quantity": 1,
    "notes": "Мигрировано из старого поля complex_fee",
    "created_at": "2025-09-17T17:38:21.144Z",
    "updated_at": "2025-09-17T17:38:21.144Z"
  }
},
{
  "model": "core.carservice",
  "pk": 13,
  "fields": {
    "car": 129,
    "service_type": "WAREHOUSE",
    "service_id": 4,
    "custom_price": "160.00",
    "quantity": 1,
    "notes": "Мигрировано из старого поля complex_fee",
    "created_at": "2025-09-17T17:38:21.153Z",
    "updated_at": "2025-09-17T17:38:21.153Z"
  }
},
{
  "model": "core.carservice",
  "pk": 14,
  "fields": {
    "car": 159,
    "service_type": "WAREHOUSE",
    "service_id": 4,
    "custom_price": "160.00",
    "quantity": 1,
    "notes": "Мигрировано из старого поля complex_fee",
    "created_at": "2025-09-17T17:38:21.160Z",
    "updated_at": "2025-09-17T17:38:21.160Z"
  }
},
{
  "model": "core.carservice",
  "pk": 15,
  "fields": {
    "car": 185,
    "service_type": "WAREHOUSE",
    "service_id": 4,
    "custom_price": "160.00",
    "quantity": 1,
    "notes": "Мигрировано из старого поля complex_fee",
    "created_at": "2025-09-17T17:38:21.168Z",
    "updated_at": "2025-09-17T17:38:21.168Z"
  }
},
{
  "model": "core.carservice",
  "pk": 16,
  "fields": {
    "car": 199,
    "service_type": "WAREHOUSE",
    "service_id": 4,
    "custom_price": "160.00",
    "quantity": 1,
    "notes": "Мигрировано из старого поля complex_fee",
    "created_at": "2025-09-17T17:38:21.177Z",
    "updated_at": "2025-09-17T17:38:21.177Z"
  }
},
{
  "model": "core.carservice",
  "pk": 17,
  "fields": {
    "car": 200,
    "service_type": "WAREHOUSE",
    "service_id": 4,
    "custom_price": "160.00",
    "quantity": 1,
    "notes": "Мигрировано из старого поля complex_fee",
    "created_at": "2025-09-17T17:38:21.186Z",
    "updated_at": "2025-09-17T17:38:21.186Z"
  }
},
{
  "model": "core.carservice",
  "pk": 18,
  "fields": {
    "car": 192,
    "service_type": "WAREHOUSE",
    "service_id": 4,
    "custom_price": "160.00",
    "quantity": 1,
    "notes": "Мигрировано из старого поля complex_fee",
    "created_at": "2025-09-17T17:38:21.195Z",
    "updated_at": "2025-09-17T17:38:21.195Z"
  }
},
{
  "model": "core.carservice",
  "pk": 19,
  "fields": {
    "car": 162,
    "service_type": "WAREHOUSE",
    "service_id": 4,
    "custom_price": "160.00",
    "quantity": 1,
    "notes": "Мигрировано из старого поля complex_fee",
    "created_at": "2025-09-17T17:38:21.203Z",
    "updated_at": "2025-09-17T17:38:21.203Z"
  }
},
{
  "model": "core.carservice",
  "pk": 20,
  "fields": {
    "car": 186,
    "service_type": "WAREHOUSE",
    "service_id": 4,
    "custom_price": "160.00",
    "quantity": 1,
    "notes": "Мигрировано из старого поля complex_fee",
    "created_at": "2025-09-17T17:38:21.211Z",
    "updated_at": "2025-09-17T17:38:21.211Z"
  }
},
{
  "model": "core.carservice",
  "pk": 21,
  "fields": {
    "car": 160,
    "service_type": "WAREHOUSE",
    "service_id": 4,
    "custom_price": "160.00",
    "quantity": 1,
    "notes": "Мигрировано из старого поля complex_fee",
    "created_at": "2025-09-17T17:38:21.217Z",
    "updated_at": "2025-09-17T17:38:21.217Z"
  }
},
{
  "model": "core.carservice",
  "pk": 22,
  "fields": {
    "car": 158,
    "service_type": "WAREHOUSE",
    "service_id": 4,
    "custom_price": "160.00",
    "quantity": 1,
    "notes": "Мигрировано из старого поля complex_fee",
    "created_at": "2025-09-17T17:38:21.226Z",
    "updated_at": "2025-09-17T17:38:21.226Z"
  }
},
{
  "model": "core.carservice",
  "pk": 23,
  "fields": {
    "car": 184,
    "service_type": "WAREHOUSE",
    "service_id": 4,
    "custom_price": "160.00",
    "quantity": 1,
    "notes": "Мигрировано из старого поля complex_fee",
    "created_at": "2025-09-17T17:38:21.234Z",
    "updated_at": "2025-09-17T17:38:21.234Z"
  }
},
{
  "model": "core.carservice",
  "pk": 24,
  "fields": {
    "car": 198,
    "service_type": "WAREHOUSE",
    "service_id": 4,
    "custom_price": "160.00",
    "quantity": 1,
    "notes": "Мигрировано из старого поля complex_fee",
    "created_at": "2025-09-17T17:38:21.242Z",
    "updated_at": "2025-09-17T17:38:21.242Z"
  }
},
{
  "model": "core.carservice",
  "pk": 25,
  "fields": {
    "car": 197,
    "service_type": "WAREHOUSE",
    "service_id": 4,
    "custom_price": "160.00",
    "quantity": 1,
    "notes": "Мигрировано из старого поля complex_fee",
    "created_at": "2025-09-17T17:38:21.252Z",
    "updated_at": "2025-09-17T17:38:21.252Z"
  }
},
{
  "model": "core.carservice",
  "pk": 26,
  "fields": {
    "car": 194,
    "service_type": "WAREHOUSE",
    "service_id": 4,
    "custom_price": "160.00",
    "quantity": 1,
    "notes": "Мигрировано из старого поля complex_fee",
    "created_at": "2025-09-17T17:38:21.265Z",
    "updated_at": "2025-09-17T17:38:21.265Z"
  }
},
{
  "model": "core.carservice",
  "pk": 27,
  "fields": {
    "car": 193,
    "service_type": "WAREHOUSE",
    "service_id": 4,
    "custom_price": "160.00",
    "quantity": 1,
    "notes": "Мигрировано из старого поля complex_fee",
    "created_at": "2025-09-17T17:38:21.278Z",
    "updated_at": "2025-09-17T17:38:21.278Z"
  }
},
{
  "model": "core.carservice",
  "pk": 28,
  "fields": {
    "car": 126,
    "service_type": "WAREHOUSE",
    "service_id": 4,
    "custom_price": "160.00",
    "quantity": 1,
    "notes": "Мигрировано из старого поля complex_fee",
    "created_at": "2025-09-17T17:38:21.291Z",
    "updated_at": "2025-09-17T17:38:21.291Z"
  }
},
{
  "model": "core.carservice",
  "pk": 29,
  "fields": {
    "car": 136,
    "service_type": "WAREHOUSE",
    "service_id": 4,
    "custom_price": "160.00",
    "quantity": 1,
    "notes": "Мигрировано из старого поля complex_fee",
    "created_at": "2025-09-17T17:38:21.306Z",
    "updated_at": "2025-09-17T17:38:21.306Z"
  }
},
{
  "model": "core.carservice",
  "pk": 30,
  "fields": {
    "car": 135,
    "service_type": "WAREHOUSE",
    "service_id": 4,
    "custom_price": "160.00",
    "quantity": 1,
    "notes": "Мигрировано из старого поля complex_fee",
    "created_at": "2025-09-17T17:38:21.319Z",
    "updated_at": "2025-09-17T17:38:21.319Z"
  }
},
{
  "model": "core.carservice",
  "pk": 31,
  "fields": {
    "car": 144,
    "service_type": "WAREHOUSE",
    "service_id": 4,
    "custom_price": "160.00",
    "quantity": 1,
    "notes": "Мигрировано из старого поля complex_fee",
    "created_at": "2025-09-17T17:38:21.326Z",
    "updated_at": "2025-09-17T17:38:21.326Z"
  }
},
{
  "model": "core.carservice",
  "pk": 32,
  "fields": {
    "car": 143,
    "service_type": "WAREHOUSE",
    "service_id": 4,
    "custom_price": "160.00",
    "quantity": 1,
    "notes": "Мигрировано из старого поля complex_fee",
    "created_at": "2025-09-17T17:38:21.338Z",
    "updated_at": "2025-09-17T17:38:21.338Z"
  }
},
{
  "model": "core.carservice",
  "pk": 33,
  "fields": {
    "car": 142,
    "service_type": "WAREHOUSE",
    "service_id": 4,
    "custom_price": "160.00",
    "quantity": 1,
    "notes": "Мигрировано из старого поля complex_fee",
    "created_at": "2025-09-17T17:38:21.344Z",
    "updated_at": "2025-09-17T17:38:21.344Z"
  }
},
{
  "model": "core.carservice",
  "pk": 34,
  "fields": {
    "car": 145,
    "service_type": "WAREHOUSE",
    "service_id": 4,
    "custom_price": "160.00",
    "quantity": 1,
    "notes": "Мигрировано из старого поля complex_fee",
    "created_at": "2025-09-17T17:38:21.350Z",
    "updated_at": "2025-09-17T17:38:21.350Z"
  }
},
{
  "model": "core.carservice",
  "pk": 35,
  "fields": {
    "car": 156,
    "service_type": "WAREHOUSE",
    "service_id": 4,
    "custom_price": "160.00",
    "quantity": 1,
    "notes": "Мигрировано из старого поля complex_fee",
    "created_at": "2025-09-17T17:38:21.360Z",
    "updated_at": "2025-09-17T17:38:21.360Z"
  }
},
{
  "model": "core.carservice",
  "pk": 36,
  "fields": {
    "car": 191,
    "service_type": "WAREHOUSE",
    "service_id": 4,
    "custom_price": "160.00",
    "quantity": 1,
    "notes": "Мигрировано из старого поля complex_fee",
    "created_at": "2025-09-17T17:38:21.369Z",
    "updated_at": "2025-09-17T17:38:21.369Z"
  }
},
{
  "model": "core.carservice",
  "pk": 37,
  "fields": {
    "car": 167,
    "service_type": "WAREHOUSE",
    "service_id": 4,
    "custom_price": "160.00",
    "quantity": 1,
    "notes": "Мигрировано из старого поля complex_fee",
    "created_at": "2025-09-17T17:38:21.377Z",
    "updated_at": "2025-09-17T17:38:21.377Z"
  }
},
{
  "model": "core.carservice",
  "pk": 38,
  "fields": {
    "car": 166,
    "service_type": "WAREHOUSE",
    "service_id": 4,
    "custom_price": "160.00",
    "quantity": 1,
    "notes": "Мигрировано из старого поля complex_fee",
    "created_at": "2025-09-17T17:38:21.385Z",
    "updated_at": "2025-09-17T17:38:21.385Z"
  }
},
{
  "model": "core.carservice",
  "pk": 39,
  "fields": {
    "car": 140,
    "service_type": "WAREHOUSE",
    "service_id": 4,
    "custom_price": "160.00",
    "quantity": 1,
    "notes": "Мигрировано из старого поля complex_fee",
    "created_at": "2025-09-17T17:38:21.398Z",
    "updated_at": "2025-09-17T17:38:21.398Z"
  }
},
{
  "model": "core.carservice",
  "pk": 40,
  "fields": {
    "car": 174,
    "service_type": "WAREHOUSE",
    "service_id": 4,
    "custom_price": "160.00",
    "quantity": 1,
    "notes": "Мигрировано из старого поля complex_fee",
    "created_at": "2025-09-17T17:38:21.410Z",
    "updated_at": "2025-09-17T17:38:21.410Z"
  }
},
{
  "model": "core.carservice",
  "pk": 41,
  "fields": {
    "car": 173,
    "service_type": "WAREHOUSE",
    "service_id": 4,
    "custom_price": "160.00",
    "quantity": 1,
    "notes": "Мигрировано из старого поля complex_fee",
    "created_at": "2025-09-17T17:38:21.418Z",
    "updated_at": "2025-09-17T17:38:21.418Z"
  }
},
{
  "model": "core.carservice",
  "pk": 42,
  "fields": {
    "car": 204,
    "service_type": "WAREHOUSE",
    "service_id": 4,
    "custom_price": "160.00",
    "quantity": 1,
    "notes": "Мигрировано из старого поля complex_fee",
    "created_at": "2025-09-17T17:38:21.432Z",
    "updated_at": "2025-09-17T17:38:21.432Z"
  }
},
{
  "model": "core.carservice",
  "pk": 43,
  "fields": {
    "car": 203,
    "service_type": "WAREHOUSE",
    "service_id": 4,
    "custom_price": "160.00",
    "quantity": 1,
    "notes": "Мигрировано из старого поля complex_fee",
    "created_at": "2025-09-17T17:38:21.441Z",
    "updated_at": "2025-09-17T17:38:21.441Z"
  }
},
{
  "model": "core.carservice",
  "pk": 44,
  "fields": {
    "car": 202,
    "service_type": "WAREHOUSE",
    "service_id": 4,
    "custom_price": "160.00",
    "quantity": 1,
    "notes": "Мигрировано из старого поля complex_fee",
    "created_at": "2025-09-17T17:38:21.451Z",
    "updated_at": "2025-09-17T17:38:21.451Z"
  }
},
{
  "model": "core.carservice",
  "pk": 45,
  "fields": {
    "car": 180,
    "service_type": "WAREHOUSE",
    "service_id": 4,
    "custom_price": "160.00",
    "quantity": 1,
    "notes": "Мигрировано из старого поля complex_fee",
    "created_at": "2025-09-17T17:38:21.460Z",
    "updated_at": "2025-09-17T17:38:21.460Z"
  }
},
{
  "model": "core.carservice",
  "pk": 46,
  "fields": {
    "car": 201,
    "service_type": "WAREHOUSE",
    "service_id": 4,
    "custom_price": "160.00",
    "quantity": 1,
    "notes": "Мигрировано из старого поля complex_fee",
    "created_at": "2025-09-17T17:38:21.471Z",
    "updated_at": "2025-09-17T17:38:21.471Z"
  }
},
{
  "model": "core.carservice",
  "pk": 47,
  "fields": {
    "car": 179,
    "service_type": "WAREHOUSE",
    "service_id": 4,
    "custom_price": "160.00",
    "quantity": 1,
    "notes": "Мигрировано из старого поля complex_fee",
    "created_at": "2025-09-17T17:38:21.482Z",
    "updated_at": "2025-09-17T17:38:21.482Z"
  }
},
{
  "model": "core.carservice",
  "pk": 48,
  "fields": {
    "car": 170,
    "service_type": "WAREHOUSE",
    "service_id": 4,
    "custom_price": "160.00",
    "quantity": 1,
    "notes": "Мигрировано из старого поля complex_fee",
    "created_at": "2025-09-17T17:38:21.495Z",
    "updated_at": "2025-09-17T17:38:21.495Z"
  }
},
{
  "model": "core.carservice",
  "pk": 49,
  "fields": {
    "car": 171,
    "service_type": "WAREHOUSE",
    "service_id": 4,
    "custom_price": "160.00",
    "quantity": 1,
    "notes": "Мигрировано из старого поля complex_fee",
    "created_at": "2025-09-17T17:38:21.503Z",
    "updated_at": "2025-09-17T17:38:21.503Z"
  }
},
{
  "model": "core.carservice",
  "pk": 50,
  "fields": {
    "car": 213,
    "service_type": "WAREHOUSE",
    "service_id": 4,
    "custom_price": "160.00",
    "quantity": 1,
    "notes": "Мигрировано из старого поля complex_fee",
    "created_at": "2025-09-17T17:38:21.512Z",
    "updated_at": "2025-09-17T17:38:21.512Z"
  }
},
{
  "model": "core.carservice",
  "pk": 51,
  "fields": {
    "car": 214,
    "service_type": "WAREHOUSE",
    "service_id": 4,
    "custom_price": "160.00",
    "quantity": 1,
    "notes": "Мигрировано из старого поля complex_fee",
    "created_at": "2025-09-17T17:38:21.525Z",
    "updated_at": "2025-09-17T17:38:21.525Z"
  }
},
{
  "model": "core.carservice",
  "pk": 52,
  "fields": {
    "car": 161,
    "service_type": "WAREHOUSE",
    "service_id": 4,
    "custom_price": "160.00",
    "quantity": 1,
    "notes": "Мигрировано из старого поля complex_fee",
    "created_at": "2025-09-17T17:38:21.531Z",
    "updated_at": "2025-09-17T17:38:21.531Z"
  }
},
{
  "model": "core.carservice",
  "pk": 53,
  "fields": {
    "car": 190,
    "service_type": "WAREHOUSE",
    "service_id": 4,
    "custom_price": "160.00",
    "quantity": 1,
    "notes": "Мигрировано из старого поля complex_fee",
    "created_at": "2025-09-17T17:38:21.541Z",
    "updated_at": "2025-09-17T17:38:21.541Z"
  }
},
{
  "model": "core.carservice",
  "pk": 54,
  "fields": {
    "car": 168,
    "service_type": "WAREHOUSE",
    "service_id": 4,
    "custom_price": "160.00",
    "quantity": 1,
    "notes": "Мигрировано из старого поля complex_fee",
    "created_at": "2025-09-17T17:38:21.548Z",
    "updated_at": "2025-09-17T17:38:21.548Z"
  }
},
{
  "model": "core.carservice",
  "pk": 55,
  "fields": {
    "car": 175,
    "service_type": "WAREHOUSE",
    "service_id": 4,
    "custom_price": "160.00",
    "quantity": 1,
    "notes": "Мигрировано из старого поля complex_fee",
    "created_at": "2025-09-17T17:38:21.556Z",
    "updated_at": "2025-09-17T17:38:21.556Z"
  }
},
{
  "model": "core.carservice",
  "pk": 56,
  "fields": {
    "car": 133,
    "service_type": "WAREHOUSE",
    "service_id": 4,
    "custom_price": "160.00",
    "quantity": 1,
    "notes": "Мигрировано из старого поля complex_fee",
    "created_at": "2025-09-17T17:38:21.565Z",
    "updated_at": "2025-09-17T17:38:21.565Z"
  }
},
{
  "model": "core.carservice",
  "pk": 57,
  "fields": {
    "car": 132,
    "service_type": "WAREHOUSE",
    "service_id": 4,
    "custom_price": "160.00",
    "quantity": 1,
    "notes": "Мигрировано из старого поля complex_fee",
    "created_at": "2025-09-17T17:38:21.570Z",
    "updated_at": "2025-09-17T17:38:21.570Z"
  }
},
{
  "model": "core.carservice",
  "pk": 58,
  "fields": {
    "car": 131,
    "service_type": "WAREHOUSE",
    "service_id": 4,
    "custom_price": "160.00",
    "quantity": 1,
    "notes": "Мигрировано из старого поля complex_fee",
    "created_at": "2025-09-17T17:38:21.579Z",
    "updated_at": "2025-09-17T17:38:21.579Z"
  }
},
{
  "model": "core.carservice",
  "pk": 59,
  "fields": {
    "car": 130,
    "service_type": "WAREHOUSE",
    "service_id": 4,
    "custom_price": "160.00",
    "quantity": 1,
    "notes": "Мигрировано из старого поля complex_fee",
    "created_at": "2025-09-17T17:38:21.591Z",
    "updated_at": "2025-09-17T17:38:21.591Z"
  }
},
{
  "model": "core.carservice",
  "pk": 60,
  "fields": {
    "car": 182,
    "service_type": "WAREHOUSE",
    "service_id": 4,
    "custom_price": "160.00",
    "quantity": 1,
    "notes": "Мигрировано из старого поля complex_fee",
    "created_at": "2025-09-17T17:38:21.603Z",
    "updated_at": "2025-09-17T17:38:21.603Z"
  }
},
{
  "model": "core.carservice",
  "pk": 61,
  "fields": {
    "car": 183,
    "service_type": "WAREHOUSE",
    "service_id": 4,
    "custom_price": "160.00",
    "quantity": 1,
    "notes": "Мигрировано из старого поля complex_fee",
    "created_at": "2025-09-17T17:38:21.616Z",
    "updated_at": "2025-09-17T17:38:21.616Z"
  }
},
{
  "model": "core.carservice",
  "pk": 62,
  "fields": {
    "car": 141,
    "service_type": "WAREHOUSE",
    "service_id": 4,
    "custom_price": "160.00",
    "quantity": 1,
    "notes": "Мигрировано из старого поля complex_fee",
    "created_at": "2025-09-17T17:38:21.627Z",
    "updated_at": "2025-09-17T17:38:21.627Z"
  }
},
{
  "model": "core.carservice",
  "pk": 63,
  "fields": {
    "car": 138,
    "service_type": "WAREHOUSE",
    "service_id": 4,
    "custom_price": "160.00",
    "quantity": 1,
    "notes": "Мигрировано из старого поля complex_fee",
    "created_at": "2025-09-17T17:38:21.640Z",
    "updated_at": "2025-09-17T17:38:21.640Z"
  }
},
{
  "model": "core.carservice",
  "pk": 64,
  "fields": {
    "car": 139,
    "service_type": "WAREHOUSE",
    "service_id": 4,
    "custom_price": "160.00",
    "quantity": 1,
    "notes": "Мигрировано из старого поля complex_fee",
    "created_at": "2025-09-17T17:38:21.650Z",
    "updated_at": "2025-09-17T17:38:21.650Z"
  }
},
{
  "model": "core.carservice",
  "pk": 65,
  "fields": {
    "car": 196,
    "service_type": "WAREHOUSE",
    "service_id": 4,
    "custom_price": "160.00",
    "quantity": 1,
    "notes": "Мигрировано из старого поля complex_fee",
    "created_at": "2025-09-17T17:38:21.665Z",
    "updated_at": "2025-09-17T17:38:21.665Z"
  }
},
{
  "model": "core.carservice",
  "pk": 66,
  "fields": {
    "car": 189,
    "service_type": "WAREHOUSE",
    "service_id": 4,
    "custom_price": "160.00",
    "quantity": 1,
    "notes": "Мигрировано из старого поля complex_fee",
    "created_at": "2025-09-17T17:38:21.687Z",
    "updated_at": "2025-09-17T17:38:21.687Z"
  }
},
{
  "model": "core.carservice",
  "pk": 67,
  "fields": {
    "car": 178,
    "service_type": "WAREHOUSE",
    "service_id": 4,
    "custom_price": "160.00",
    "quantity": 1,
    "notes": "Мигрировано из старого поля complex_fee",
    "created_at": "2025-09-17T17:38:21.698Z",
    "updated_at": "2025-09-17T17:38:21.698Z"
  }
},
{
  "model": "core.carservice",
  "pk": 68,
  "fields": {
    "car": 206,
    "service_type": "WAREHOUSE",
    "service_id": 4,
    "custom_price": "160.00",
    "quantity": 1,
    "notes": "Мигрировано из старого поля complex_fee",
    "created_at": "2025-09-17T17:38:21.712Z",
    "updated_at": "2025-09-17T17:38:21.712Z"
  }
},
{
  "model": "core.carservice",
  "pk": 69,
  "fields": {
    "car": 207,
    "service_type": "WAREHOUSE",
    "service_id": 4,
    "custom_price": "160.00",
    "quantity": 1,
    "notes": "Мигрировано из старого поля complex_fee",
    "created_at": "2025-09-17T17:38:21.730Z",
    "updated_at": "2025-09-17T17:38:21.730Z"
  }
},
{
  "model": "core.carservice",
  "pk": 71,
  "fields": {
    "car": 155,
    "service_type": "WAREHOUSE",
    "service_id": 4,
    "custom_price": "160.00",
    "quantity": 1,
    "notes": "Мигрировано из старого поля complex_fee",
    "created_at": "2025-09-17T17:38:21.756Z",
    "updated_at": "2025-09-17T17:38:21.756Z"
  }
},
{
  "model": "core.carservice",
  "pk": 72,
  "fields": {
    "car": 165,
    "service_type": "WAREHOUSE",
    "service_id": 4,
    "custom_price": "160.00",
    "quantity": 1,
    "notes": "Мигрировано из старого поля complex_fee",
    "created_at": "2025-09-17T17:38:21.776Z",
    "updated_at": "2025-09-17T17:38:21.776Z"
  }
},
{
  "model": "core.carservice",
  "pk": 73,
  "fields": {
    "car": 154,
    "service_type": "WAREHOUSE",
    "service_id": 4,
    "custom_price": "160.00",
    "quantity": 1,
    "notes": "Мигрировано из старого поля complex_fee",
    "created_at": "2025-09-17T17:38:21.792Z",
    "updated_at": "2025-09-17T17:38:21.792Z"
  }
},
{
  "model": "core.carservice",
  "pk": 74,
  "fields": {
    "car": 157,
    "service_type": "WAREHOUSE",
    "service_id": 4,
    "custom_price": "160.00",
    "quantity": 1,
    "notes": "Мигрировано из старого поля complex_fee",
    "created_at": "2025-09-17T17:38:21.813Z",
    "updated_at": "2025-09-17T17:38:21.813Z"
  }
},
{
  "model": "core.carservice",
  "pk": 75,
  "fields": {
    "car": 164,
    "service_type": "WAREHOUSE",
    "service_id": 4,
    "custom_price": "160.00",
    "quantity": 1,
    "notes": "Мигрировано из старого поля complex_fee",
    "created_at": "2025-09-17T17:38:21.829Z",
    "updated_at": "2025-09-17T17:38:21.829Z"
  }
},
{
  "model": "core.carservice",
  "pk": 76,
  "fields": {
    "car": 177,
    "service_type": "WAREHOUSE",
    "service_id": 4,
    "custom_price": "160.00",
    "quantity": 1,
    "notes": "Мигрировано из старого поля complex_fee",
    "created_at": "2025-09-17T17:38:21.846Z",
    "updated_at": "2025-09-17T17:38:21.846Z"
  }
},
{
  "model": "core.carservice",
  "pk": 77,
  "fields": {
    "car": 181,
    "service_type": "WAREHOUSE",
    "service_id": 4,
    "custom_price": "160.00",
    "quantity": 1,
    "notes": "Мигрировано из старого поля complex_fee",
    "created_at": "2025-09-17T17:38:21.872Z",
    "updated_at": "2025-09-17T17:38:21.872Z"
  }
},
{
  "model": "core.carservice",
  "pk": 78,
  "fields": {
    "car": 205,
    "service_type": "WAREHOUSE",
    "service_id": 4,
    "custom_price": "160.00",
    "quantity": 1,
    "notes": "Мигрировано из старого поля complex_fee",
    "created_at": "2025-09-17T17:38:21.887Z",
    "updated_at": "2025-09-17T17:38:21.889Z"
  }
},
{
  "model": "core.carservice",
  "pk": 79,
  "fields": {
    "car": 172,
    "service_type": "WAREHOUSE",
    "service_id": 4,
    "custom_price": "160.00",
    "quantity": 1,
    "notes": "Мигрировано из старого поля complex_fee",
    "created_at": "2025-09-17T17:38:21.918Z",
    "updated_at": "2025-09-17T17:38:21.918Z"
  }
},
{
  "model": "core.carservice",
  "pk": 80,
  "fields": {
    "car": 176,
    "service_type": "WAREHOUSE",
    "service_id": 4,
    "custom_price": "160.00",
    "quantity": 1,
    "notes": "Мигрировано из старого поля complex_fee",
    "created_at": "2025-09-17T17:38:21.938Z",
    "updated_at": "2025-09-17T17:38:21.938Z"
  }
},
{
  "model": "core.carservice",
  "pk": 129,
  "fields": {
    "car": 216,
    "service_type": "LINE",
    "service_id": 8,
    "custom_price": "100.00",
    "quantity": 1,
    "notes": "",
    "created_at": "2025-09-25T15:15:08.077Z",
    "updated_at": "2025-09-29T17:34:35.194Z"
  }
},
{
  "model": "core.carservice",
  "pk": 220,
  "fields": {
    "car": 208,
    "service_type": "WAREHOUSE",
    "service_id": 15,
    "custom_price": "160.00",
    "quantity": 1,
    "notes": "",
    "created_at": "2025-09-25T16:52:12.691Z",
    "updated_at": "2025-09-25T16:52:12.691Z"
  }
},
{
  "model": "core.carservice",
  "pk": 223,
  "fields": {
    "car": 208,
    "service_type": "LINE",
    "service_id": 6,
    "custom_price": "320.00",
    "quantity": 1,
    "notes": "",
    "created_at": "2025-09-25T16:52:12.706Z",
    "updated_at": "2025-09-25T16:52:12.706Z"
  }
},
{
  "model": "core.carservice",
  "pk": 224,
  "fields": {
    "car": 208,
    "service_type": "LINE",
    "service_id": 8,
    "custom_price": "100.00",
    "quantity": 1,
    "notes": "",
    "created_at": "2025-09-25T16:52:12.711Z",
    "updated_at": "2025-09-25T16:52:12.711Z"
  }
},
{
  "model": "core.carservice",
  "pk": 225,
  "fields": {
    "car": 208,
    "service_type": "LINE",
    "service_id": 9,
    "custom_price": "40.00",
    "quantity": 1,
    "notes": "",
    "created_at": "2025-09-25T16:52:12.714Z",
    "updated_at": "2025-09-25T16:52:12.714Z"
  }
},
{
  "model": "core.carservice",
  "pk": 226,
  "fields": {
    "car": 208,
    "service_type": "LINE",
    "service_id": 10,
    "custom_price": "80.00",
    "quantity": 1,
    "notes": "",
    "created_at": "2025-09-25T16:52:12.719Z",
    "updated_at": "2025-09-25T16:52:12.719Z"
  }
},
{
  "model": "core.carservice",
  "pk": 261,
  "fields": {
    "car": 216,
    "service_type": "WAREHOUSE",
    "service_id": 15,
    "custom_price": "160.00",
    "quantity": 1,
    "notes": "",
    "created_at": "2025-09-25T17:37:23.375Z",
    "updated_at": "2025-09-29T20:18:01.917Z"
  }
},
{
  "model": "core.carservice",
  "pk": 370,
  "fields": {
    "car": 218,
    "service_type": "WAREHOUSE",
    "service_id": 15,
    "custom_price": "160.00",
    "quantity": 1,
    "notes": "",
    "created_at": "2025-09-29T11:24:02.131Z",
    "updated_at": "2025-09-29T18:56:35.820Z"
  }
},
{
  "model": "core.carservice",
  "pk": 371,
  "fields": {
    "car": 219,
    "service_type": "WAREHOUSE",
    "service_id": 15,
    "custom_price": "160.00",
    "quantity": 1,
    "notes": "",
    "created_at": "2025-09-29T11:24:51.150Z",
    "updated_at": "2025-09-29T20:13:45.463Z"
  }
},
{
  "model": "core.carservice",
  "pk": 372,
  "fields": {
    "car": 220,
    "service_type": "WAREHOUSE",
    "service_id": 15,
    "custom_price": "160.00",
    "quantity": 1,
    "notes": "",
    "created_at": "2025-09-29T11:26:12.232Z",
    "updated_at": "2025-09-29T20:12:57.766Z"
  }
},
{
  "model": "core.carservice",
  "pk": 373,
  "fields": {
    "car": 221,
    "service_type": "WAREHOUSE",
    "service_id": 15,
    "custom_price": "160.00",
    "quantity": 1,
    "notes": "",
    "created_at": "2025-09-29T11:26:12.274Z",
    "updated_at": "2025-09-29T20:08:43.562Z"
  }
},
{
  "model": "core.carservice",
  "pk": 374,
  "fields": {
    "car": 222,
    "service_type": "WAREHOUSE",
    "service_id": 15,
    "custom_price": "160.00",
    "quantity": 1,
    "notes": "",
    "created_at": "2025-09-29T11:30:34.536Z",
    "updated_at": "2025-09-29T13:34:46.797Z"
  }
},
{
  "model": "core.carservice",
  "pk": 375,
  "fields": {
    "car": 223,
    "service_type": "WAREHOUSE",
    "service_id": 15,
    "custom_price": "160.00",
    "quantity": 1,
    "notes": "",
    "created_at": "2025-09-29T11:30:34.580Z",
    "updated_at": "2025-09-29T13:35:36.007Z"
  }
},
{
  "model": "core.carservice",
  "pk": 376,
  "fields": {
    "car": 224,
    "service_type": "WAREHOUSE",
    "service_id": 15,
    "custom_price": "160.00",
    "quantity": 1,
    "notes": "",
    "created_at": "2025-09-29T11:30:34.627Z",
    "updated_at": "2025-09-29T13:34:18.943Z"
  }
},
{
  "model": "core.carservice",
  "pk": 377,
  "fields": {
    "car": 225,
    "service_type": "WAREHOUSE",
    "service_id": 15,
    "custom_price": "160.00",
    "quantity": 1,
    "notes": "",
    "created_at": "2025-09-29T11:37:01.101Z",
    "updated_at": "2025-09-29T20:05:37.083Z"
  }
},
{
  "model": "core.carservice",
  "pk": 378,
  "fields": {
    "car": 226,
    "service_type": "WAREHOUSE",
    "service_id": 15,
    "custom_price": "160.00",
    "quantity": 1,
    "notes": "",
    "created_at": "2025-09-29T11:37:01.148Z",
    "updated_at": "2025-09-29T20:02:49.106Z"
  }
},
{
  "model": "core.carservice",
  "pk": 379,
  "fields": {
    "car": 227,
    "service_type": "WAREHOUSE",
    "service_id": 15,
    "custom_price": "160.00",
    "quantity": 1,
    "notes": "",
    "created_at": "2025-09-29T11:37:01.181Z",
    "updated_at": "2025-09-29T20:02:09.498Z"
  }
},
{
  "model": "core.carservice",
  "pk": 380,
  "fields": {
    "car": 205,
    "service_type": "WAREHOUSE",
    "service_id": 15,
    "custom_price": "160.00",
    "quantity": 1,
    "notes": "",
    "created_at": "2025-09-29T11:40:19.706Z",
    "updated_at": "2025-09-29T11:40:19.706Z"
  }
},
{
  "model": "core.carservice",
  "pk": 381,
  "fields": {
    "car": 214,
    "service_type": "WAREHOUSE",
    "service_id": 15,
    "custom_price": "160.00",
    "quantity": 1,
    "notes": "",
    "created_at": "2025-09-29T12:07:08.855Z",
    "updated_at": "2025-09-29T12:07:08.855Z"
  }
},
{
  "model": "core.carservice",
  "pk": 382,
  "fields": {
    "car": 213,
    "service_type": "WAREHOUSE",
    "service_id": 15,
    "custom_price": "160.00",
    "quantity": 1,
    "notes": "",
    "created_at": "2025-09-29T12:07:30.525Z",
    "updated_at": "2025-09-29T12:07:30.525Z"
  }
},
{
  "model": "core.carservice",
  "pk": 383,
  "fields": {
    "car": 228,
    "service_type": "WAREHOUSE",
    "service_id": 15,
    "custom_price": "160.00",
    "quantity": 1,
    "notes": "",
    "created_at": "2025-09-29T12:22:03.700Z",
    "updated_at": "2025-09-29T19:55:43.875Z"
  }
},
{
  "model": "core.carservice",
  "pk": 384,
  "fields": {
    "car": 229,
    "service_type": "WAREHOUSE",
    "service_id": 15,
    "custom_price": "160.00",
    "quantity": 1,
    "notes": "",
    "created_at": "2025-09-29T12:22:03.733Z",
    "updated_at": "2025-09-29T19:53:59.970Z"
  }
},
{
  "model": "core.carservice",
  "pk": 385,
  "fields": {
    "car": 230,
    "service_type": "WAREHOUSE",
    "service_id": 15,
    "custom_price": "160.00",
    "quantity": 1,
    "notes": "",
    "created_at": "2025-09-29T12:22:03.767Z",
    "updated_at": "2025-09-29T19:53:45.172Z"
  }
},
{
  "model": "core.carservice",
  "pk": 386,
  "fields": {
    "car": 231,
    "service_type": "WAREHOUSE",
    "service_id": 15,
    "custom_price": "160.00",
    "quantity": 1,
    "notes": "",
    "created_at": "2025-09-29T12:22:03.797Z",
    "updated_at": "2025-09-29T19:53:08.059Z"
  }
},
{
  "model": "core.carservice",
  "pk": 387,
  "fields": {
    "car": 232,
    "service_type": "WAREHOUSE",
    "service_id": 15,
    "custom_price": "160.00",
    "quantity": 1,
    "notes": "",
    "created_at": "2025-09-29T12:29:12.820Z",
    "updated_at": "2025-09-29T19:47:52.893Z"
  }
},
{
  "model": "core.carservice",
  "pk": 389,
  "fields": {
    "car": 234,
    "service_type": "WAREHOUSE",
    "service_id": 15,
    "custom_price": "160.00",
    "quantity": 1,
    "notes": "",
    "created_at": "2025-09-29T12:29:12.877Z",
    "updated_at": "2025-09-29T19:46:48.993Z"
  }
},
{
  "model": "core.carservice",
  "pk": 390,
  "fields": {
    "car": 235,
    "service_type": "WAREHOUSE",
    "service_id": 15,
    "custom_price": "160.00",
    "quantity": 1,
    "notes": "",
    "created_at": "2025-09-29T12:35:04.891Z",
    "updated_at": "2025-09-29T19:44:41.900Z"
  }
},
{
  "model": "core.carservice",
  "pk": 391,
  "fields": {
    "car": 236,
    "service_type": "WAREHOUSE",
    "service_id": 15,
    "custom_price": "160.00",
    "quantity": 1,
    "notes": "",
    "created_at": "2025-09-29T12:35:04.919Z",
    "updated_at": "2025-09-29T19:44:31.112Z"
  }
},
{
  "model": "core.carservice",
  "pk": 392,
  "fields": {
    "car": 237,
    "service_type": "WAREHOUSE",
    "service_id": 15,
    "custom_price": "160.00",
    "quantity": 1,
    "notes": "",
    "created_at": "2025-09-29T12:35:04.947Z",
    "updated_at": "2025-09-29T19:44:16.970Z"
  }
},
{
  "model": "core.carservice",
  "pk": 393,
  "fields": {
    "car": 238,
    "service_type": "WAREHOUSE",
    "service_id": 15,
    "custom_price": "160.00",
    "quantity": 1,
    "notes": "",
    "created_at": "2025-09-29T12:35:04.975Z",
    "updated_at": "2025-09-29T19:44:03.367Z"
  }
},
{
  "model": "core.carservice",
  "pk": 394,
  "fields": {
    "car": 217,
    "service_type": "WAREHOUSE",
    "service_id": 15,
    "custom_price": "160.00",
    "quantity": 1,
    "notes": "",
    "created_at": "2025-09-29T16:46:48.043Z",
    "updated_at": "2025-09-29T20:15:56.728Z"
  }
},
{
  "model": "core.carservice",
  "pk": 435,
  "fields": {
    "car": 235,
    "service_type": "LINE",
    "service_id": 6,
    "custom_price": "320.00",
    "quantity": 1,
    "notes": "",
    "created_at": "2025-09-29T17:31:55.589Z",
    "updated_at": "2025-09-29T17:31:55.589Z"
  }
},
{
  "model": "core.carservice",
  "pk": 436,
  "fields": {
    "car": 235,
    "service_type": "LINE",
    "service_id": 9,
    "custom_price": "40.00",
    "quantity": 1,
    "notes": "",
    "created_at": "2025-09-29T17:31:55.596Z",
    "updated_at": "2025-09-29T17:31:55.596Z"
  }
},
{
  "model": "core.carservice",
  "pk": 437,
  "fields": {
    "car": 235,
    "service_type": "LINE",
    "service_id": 10,
    "custom_price": "80.00",
    "quantity": 1,
    "notes": "",
    "created_at": "2025-09-29T17:31:55.602Z",
    "updated_at": "2025-09-29T17:31:55.602Z"
  }
},
{
  "model": "core.carservice",
  "pk": 438,
  "fields": {
    "car": 235,
    "service_type": "LINE",
    "service_id": 8,
    "custom_price": "105.00",
    "quantity": 1,
    "notes": "",
    "created_at": "2025-09-29T17:31:55.610Z",
    "updated_at": "2025-09-29T17:31:55.610Z"
  }
},
{
  "model": "core.carservice",
  "pk": 439,
  "fields": {
    "car": 236,
    "service_type": "LINE",
    "service_id": 6,
    "custom_price": "320.00",
    "quantity": 1,
    "notes": "",
    "created_at": "2025-09-29T17:31:55.659Z",
    "updated_at": "2025-09-29T17:31:55.659Z"
  }
},
{
  "model": "core.carservice",
  "pk": 440,
  "fields": {
    "car": 236,
    "service_type": "LINE",
    "service_id": 9,
    "custom_price": "40.00",
    "quantity": 1,
    "notes": "",
    "created_at": "2025-09-29T17:31:55.666Z",
    "updated_at": "2025-09-29T17:31:55.666Z"
  }
},
{
  "model": "core.carservice",
  "pk": 441,
  "fields": {
    "car": 236,
    "service_type": "LINE",
    "service_id": 10,
    "custom_price": "80.00",
    "quantity": 1,
    "notes": "",
    "created_at": "2025-09-29T17:31:55.673Z",
    "updated_at": "2025-09-29T17:31:55.673Z"
  }
},
{
  "model": "core.carservice",
  "pk": 442,
  "fields": {
    "car": 236,
    "service_type": "LINE",
    "service_id": 8,
    "custom_price": "105.00",
    "quantity": 1,
    "notes": "",
    "created_at": "2025-09-29T17:31:55.680Z",
    "updated_at": "2025-09-29T17:31:55.680Z"
  }
},
{
  "model": "core.carservice",
  "pk": 443,
  "fields": {
    "car": 237,
    "service_type": "LINE",
    "service_id": 6,
    "custom_price": "320.00",
    "quantity": 1,
    "notes": "",
    "created_at": "2025-09-29T17:31:55.731Z",
    "updated_at": "2025-09-29T17:31:55.731Z"
  }
},
{
  "model": "core.carservice",
  "pk": 444,
  "fields": {
    "car": 237,
    "service_type": "LINE",
    "service_id": 9,
    "custom_price": "40.00",
    "quantity": 1,
    "notes": "",
    "created_at": "2025-09-29T17:31:55.738Z",
    "updated_at": "2025-09-29T17:31:55.738Z"
  }
},
{
  "model": "core.carservice",
  "pk": 445,
  "fields": {
    "car": 237,
    "service_type": "LINE",
    "service_id": 10,
    "custom_price": "80.00",
    "quantity": 1,
    "notes": "",
    "created_at": "2025-09-29T17:31:55.745Z",
    "updated_at": "2025-09-29T17:31:55.745Z"
  }
},
{
  "model": "core.carservice",
  "pk": 446,
  "fields": {
    "car": 237,
    "service_type": "LINE",
    "service_id": 8,
    "custom_price": "105.00",
    "quantity": 1,
    "notes": "",
    "created_at": "2025-09-29T17:31:55.755Z",
    "updated_at": "2025-09-29T17:31:55.755Z"
  }
},
{
  "model": "core.carservice",
  "pk": 447,
  "fields": {
    "car": 238,
    "service_type": "LINE",
    "service_id": 6,
    "custom_price": "320.00",
    "quantity": 1,
    "notes": "",
    "created_at": "2025-09-29T17:31:55.805Z",
    "updated_at": "2025-09-29T17:31:55.805Z"
  }
},
{
  "model": "core.carservice",
  "pk": 448,
  "fields": {
    "car": 238,
    "service_type": "LINE",
    "service_id": 9,
    "custom_price": "40.00",
    "quantity": 1,
    "notes": "",
    "created_at": "2025-09-29T17:31:55.814Z",
    "updated_at": "2025-09-29T17:31:55.814Z"
  }
},
{
  "model": "core.carservice",
  "pk": 449,
  "fields": {
    "car": 238,
    "service_type": "LINE",
    "service_id": 10,
    "custom_price": "80.00",
    "quantity": 1,
    "notes": "",
    "created_at": "2025-09-29T17:31:55.822Z",
    "updated_at": "2025-09-29T17:31:55.822Z"
  }
},
{
  "model": "core.carservice",
  "pk": 450,
  "fields": {
    "car": 238,
    "service_type": "LINE",
    "service_id": 8,
    "custom_price": "105.00",
    "quantity": 1,
    "notes": "",
    "created_at": "2025-09-29T17:31:55.828Z",
    "updated_at": "2025-09-29T17:31:55.828Z"
  }
},
{
  "model": "core.carservice",
  "pk": 463,
  "fields": {
    "car": 232,
    "service_type": "LINE",
    "service_id": 6,
    "custom_price": "320.00",
    "quantity": 1,
    "notes": "",
    "created_at": "2025-09-29T17:32:33.155Z",
    "updated_at": "2025-09-29T17:32:33.155Z"
  }
},
{
  "model": "core.carservice",
  "pk": 464,
  "fields": {
    "car": 232,
    "service_type": "LINE",
    "service_id": 9,
    "custom_price": "40.00",
    "quantity": 1,
    "notes": "",
    "created_at": "2025-09-29T17:32:33.162Z",
    "updated_at": "2025-09-29T17:32:33.162Z"
  }
},
{
  "model": "core.carservice",
  "pk": 465,
  "fields": {
    "car": 232,
    "service_type": "LINE",
    "service_id": 10,
    "custom_price": "80.00",
    "quantity": 1,
    "notes": "",
    "created_at": "2025-09-29T17:32:33.168Z",
    "updated_at": "2025-09-29T17:32:33.168Z"
  }
},
{
  "model": "core.carservice",
  "pk": 466,
  "fields": {
    "car": 232,
    "service_type": "LINE",
    "service_id": 8,
    "custom_price": "105.00",
    "quantity": 1,
    "notes": "",
    "created_at": "2025-09-29T17:32:33.178Z",
    "updated_at": "2025-09-29T17:32:33.178Z"
  }
},
{
  "model": "core.carservice",
  "pk": 471,
  "fields": {
    "car": 234,
    "service_type": "LINE",
    "service_id": 6,
    "custom_price": "320.00",
    "quantity": 1,
    "notes": "",
    "created_at": "2025-09-29T17:32:33.311Z",
    "updated_at": "2025-09-29T17:32:33.311Z"
  }
},
{
  "model": "core.carservice",
  "pk": 472,
  "fields": {
    "car": 234,
    "service_type": "LINE",
    "service_id": 9,
    "custom_price": "40.00",
    "quantity": 1,
    "notes": "",
    "created_at": "2025-09-29T17:32:33.320Z",
    "updated_at": "2025-09-29T17:32:33.320Z"
  }
},
{
  "model": "core.carservice",
  "pk": 473,
  "fields": {
    "car": 234,
    "service_type": "LINE",
    "service_id": 10,
    "custom_price": "80.00",
    "quantity": 1,
    "notes": "",
    "created_at": "2025-09-29T17:32:33.327Z",
    "updated_at": "2025-09-29T17:32:33.327Z"
  }
},
{
  "model": "core.carservice",
  "pk": 474,
  "fields": {
    "car": 234,
    "service_type": "LINE",
    "service_id": 8,
    "custom_price": "105.00",
    "quantity": 1,
    "notes": "",
    "created_at": "2025-09-29T17:32:33.335Z",
    "updated_at": "2025-09-29T17:32:33.335Z"
  }
},
{
  "model": "core.carservice",
  "pk": 491,
  "fields": {
    "car": 231,
    "service_type": "LINE",
    "service_id": 6,
    "custom_price": "320.00",
    "quantity": 1,
    "notes": "",
    "created_at": "2025-09-29T17:33:09.797Z",
    "updated_at": "2025-09-29T17:33:09.797Z"
  }
},
{
  "model": "core.carservice",
  "pk": 492,
  "fields": {
    "car": 231,
    "service_type": "LINE",
    "service_id": 9,
    "custom_price": "40.00",
    "quantity": 1,
    "notes": "",
    "created_at": "2025-09-29T17:33:09.806Z",
    "updated_at": "2025-09-29T17:33:09.806Z"
  }
},
{
  "model": "core.carservice",
  "pk": 493,
  "fields": {
    "car": 231,
    "service_type": "LINE",
    "service_id": 10,
    "custom_price": "80.00",
    "quantity": 1,
    "notes": "",
    "created_at": "2025-09-29T17:33:09.812Z",
    "updated_at": "2025-09-29T17:33:09.812Z"
  }
},
{
  "model": "core.carservice",
  "pk": 494,
  "fields": {
    "car": 231,
    "service_type": "LINE",
    "service_id": 8,
    "custom_price": "105.00",
    "quantity": 1,
    "notes": "",
    "created_at": "2025-09-29T17:33:09.818Z",
    "updated_at": "2025-09-29T17:33:09.818Z"
  }
},
{
  "model": "core.carservice",
  "pk": 495,
  "fields": {
    "car": 228,
    "service_type": "LINE",
    "service_id": 6,
    "custom_price": "320.00",
    "quantity": 1,
    "notes": "",
    "created_at": "2025-09-29T17:33:09.869Z",
    "updated_at": "2025-09-29T17:33:09.869Z"
  }
},
{
  "model": "core.carservice",
  "pk": 496,
  "fields": {
    "car": 228,
    "service_type": "LINE",
    "service_id": 9,
    "custom_price": "40.00",
    "quantity": 1,
    "notes": "",
    "created_at": "2025-09-29T17:33:09.876Z",
    "updated_at": "2025-09-29T17:33:09.876Z"
  }
},
{
  "model": "core.carservice",
  "pk": 497,
  "fields": {
    "car": 228,
    "service_type": "LINE",
    "service_id": 10,
    "custom_price": "80.00",
    "quantity": 1,
    "notes": "",
    "created_at": "2025-09-29T17:33:09.883Z",
    "updated_at": "2025-09-29T17:33:09.883Z"
  }
},
{
  "model": "core.carservice",
  "pk": 498,
  "fields": {
    "car": 228,
    "service_type": "LINE",
    "service_id": 8,
    "custom_price": "105.00",
    "quantity": 1,
    "notes": "",
    "created_at": "2025-09-29T17:33:09.891Z",
    "updated_at": "2025-09-29T17:33:09.891Z"
  }
},
{
  "model": "core.carservice",
  "pk": 499,
  "fields": {
    "car": 229,
    "service_type": "LINE",
    "service_id": 6,
    "custom_price": "320.00",
    "quantity": 1,
    "notes": "",
    "created_at": "2025-09-29T17:33:09.935Z",
    "updated_at": "2025-09-29T17:33:09.935Z"
  }
},
{
  "model": "core.carservice",
  "pk": 500,
  "fields": {
    "car": 229,
    "service_type": "LINE",
    "service_id": 9,
    "custom_price": "40.00",
    "quantity": 1,
    "notes": "",
    "created_at": "2025-09-29T17:33:09.941Z",
    "updated_at": "2025-09-29T17:33:09.941Z"
  }
},
{
  "model": "core.carservice",
  "pk": 501,
  "fields": {
    "car": 229,
    "service_type": "LINE",
    "service_id": 10,
    "custom_price": "80.00",
    "quantity": 1,
    "notes": "",
    "created_at": "2025-09-29T17:33:09.948Z",
    "updated_at": "2025-09-29T17:33:09.948Z"
  }
},
{
  "model": "core.carservice",
  "pk": 502,
  "fields": {
    "car": 229,
    "service_type": "LINE",
    "service_id": 8,
    "custom_price": "105.00",
    "quantity": 1,
    "notes": "",
    "created_at": "2025-09-29T17:33:09.953Z",
    "updated_at": "2025-09-29T17:33:09.953Z"
  }
},
{
  "model": "core.carservice",
  "pk": 503,
  "fields": {
    "car": 230,
    "service_type": "LINE",
    "service_id": 6,
    "custom_price": "320.00",
    "quantity": 1,
    "notes": "",
    "created_at": "2025-09-29T17:33:10.003Z",
    "updated_at": "2025-09-29T17:33:10.003Z"
  }
},
{
  "model": "core.carservice",
  "pk": 504,
  "fields": {
    "car": 230,
    "service_type": "LINE",
    "service_id": 9,
    "custom_price": "40.00",
    "quantity": 1,
    "notes": "",
    "created_at": "2025-09-29T17:33:10.011Z",
    "updated_at": "2025-09-29T17:33:10.011Z"
  }
},
{
  "model": "core.carservice",
  "pk": 505,
  "fields": {
    "car": 230,
    "service_type": "LINE",
    "service_id": 10,
    "custom_price": "80.00",
    "quantity": 1,
    "notes": "",
    "created_at": "2025-09-29T17:33:10.019Z",
    "updated_at": "2025-09-29T17:33:10.019Z"
  }
},
{
  "model": "core.carservice",
  "pk": 506,
  "fields": {
    "car": 230,
    "service_type": "LINE",
    "service_id": 8,
    "custom_price": "105.00",
    "quantity": 1,
    "notes": "",
    "created_at": "2025-09-29T17:33:10.027Z",
    "updated_at": "2025-09-29T17:33:10.027Z"
  }
},
{
  "model": "core.carservice",
  "pk": 507,
  "fields": {
    "car": 225,
    "service_type": "LINE",
    "service_id": 6,
    "custom_price": "320.00",
    "quantity": 1,
    "notes": "",
    "created_at": "2025-09-29T17:33:35.120Z",
    "updated_at": "2025-09-29T17:33:35.120Z"
  }
},
{
  "model": "core.carservice",
  "pk": 508,
  "fields": {
    "car": 225,
    "service_type": "LINE",
    "service_id": 9,
    "custom_price": "40.00",
    "quantity": 1,
    "notes": "",
    "created_at": "2025-09-29T17:33:35.127Z",
    "updated_at": "2025-09-29T17:33:35.127Z"
  }
},
{
  "model": "core.carservice",
  "pk": 509,
  "fields": {
    "car": 225,
    "service_type": "LINE",
    "service_id": 10,
    "custom_price": "80.00",
    "quantity": 1,
    "notes": "",
    "created_at": "2025-09-29T17:33:35.133Z",
    "updated_at": "2025-09-29T17:33:35.133Z"
  }
},
{
  "model": "core.carservice",
  "pk": 510,
  "fields": {
    "car": 225,
    "service_type": "LINE",
    "service_id": 8,
    "custom_price": "105.00",
    "quantity": 1,
    "notes": "",
    "created_at": "2025-09-29T17:33:35.140Z",
    "updated_at": "2025-09-29T17:33:35.140Z"
  }
},
{
  "model": "core.carservice",
  "pk": 535,
  "fields": {
    "car": 218,
    "service_type": "LINE",
    "service_id": 6,
    "custom_price": "320.00",
    "quantity": 1,
    "notes": "",
    "created_at": "2025-09-29T17:33:52.633Z",
    "updated_at": "2025-09-29T17:33:52.633Z"
  }
},
{
  "model": "core.carservice",
  "pk": 536,
  "fields": {
    "car": 218,
    "service_type": "LINE",
    "service_id": 9,
    "custom_price": "40.00",
    "quantity": 1,
    "notes": "",
    "created_at": "2025-09-29T17:33:52.643Z",
    "updated_at": "2025-09-29T17:33:52.643Z"
  }
},
{
  "model": "core.carservice",
  "pk": 537,
  "fields": {
    "car": 218,
    "service_type": "LINE",
    "service_id": 10,
    "custom_price": "80.00",
    "quantity": 1,
    "notes": "",
    "created_at": "2025-09-29T17:33:52.650Z",
    "updated_at": "2025-09-29T17:33:52.650Z"
  }
},
{
  "model": "core.carservice",
  "pk": 538,
  "fields": {
    "car": 218,
    "service_type": "LINE",
    "service_id": 8,
    "custom_price": "105.00",
    "quantity": 1,
    "notes": "",
    "created_at": "2025-09-29T17:33:52.659Z",
    "updated_at": "2025-09-29T17:33:52.659Z"
  }
},
{
  "model": "core.carservice",
  "pk": 551,
  "fields": {
    "car": 209,
    "service_type": "WAREHOUSE",
    "service_id": 15,
    "custom_price": "160.00",
    "quantity": 1,
    "notes": "",
    "created_at": "2025-09-29T17:34:06.662Z",
    "updated_at": "2025-09-29T17:34:06.662Z"
  }
},
{
  "model": "core.carservice",
  "pk": 556,
  "fields": {
    "car": 210,
    "service_type": "WAREHOUSE",
    "service_id": 15,
    "custom_price": "160.00",
    "quantity": 1,
    "notes": "",
    "created_at": "2025-09-29T17:34:06.752Z",
    "updated_at": "2025-09-29T17:34:06.752Z"
  }
},
{
  "model": "core.carservice",
  "pk": 561,
  "fields": {
    "car": 211,
    "service_type": "WAREHOUSE",
    "service_id": 15,
    "custom_price": "160.00",
    "quantity": 1,
    "notes": "",
    "created_at": "2025-09-29T17:34:06.843Z",
    "updated_at": "2025-09-29T17:34:06.843Z"
  }
},
{
  "model": "core.carservice",
  "pk": 566,
  "fields": {
    "car": 212,
    "service_type": "WAREHOUSE",
    "service_id": 15,
    "custom_price": "160.00",
    "quantity": 1,
    "notes": "",
    "created_at": "2025-09-29T17:34:06.934Z",
    "updated_at": "2025-09-30T11:37:55.574Z"
  }
},
{
  "model": "core.carservice",
  "pk": 571,
  "fields": {
    "car": 209,
    "service_type": "LINE",
    "service_id": 6,
    "custom_price": "320.00",
    "quantity": 1,
    "notes": "",
    "created_at": "2025-09-29T17:34:13.316Z",
    "updated_at": "2025-09-29T17:34:13.317Z"
  }
},
{
  "model": "core.carservice",
  "pk": 572,
  "fields": {
    "car": 209,
    "service_type": "LINE",
    "service_id": 9,
    "custom_price": "40.00",
    "quantity": 1,
    "notes": "",
    "created_at": "2025-09-29T17:34:13.323Z",
    "updated_at": "2025-09-29T17:34:13.323Z"
  }
},
{
  "model": "core.carservice",
  "pk": 573,
  "fields": {
    "car": 209,
    "service_type": "LINE",
    "service_id": 10,
    "custom_price": "80.00",
    "quantity": 1,
    "notes": "",
    "created_at": "2025-09-29T17:34:13.330Z",
    "updated_at": "2025-09-29T17:34:13.330Z"
  }
},
{
  "model": "core.carservice",
  "pk": 574,
  "fields": {
    "car": 209,
    "service_type": "LINE",
    "service_id": 8,
    "custom_price": "105.00",
    "quantity": 1,
    "notes": "",
    "created_at": "2025-09-29T17:34:13.337Z",
    "updated_at": "2025-09-29T17:34:13.337Z"
  }
},
{
  "model": "core.carservice",
  "pk": 575,
  "fields": {
    "car": 210,
    "service_type": "LINE",
    "service_id": 6,
    "custom_price": "320.00",
    "quantity": 1,
    "notes": "",
    "created_at": "2025-09-29T17:34:13.393Z",
    "updated_at": "2025-09-29T17:34:13.393Z"
  }
},
{
  "model": "core.carservice",
  "pk": 576,
  "fields": {
    "car": 210,
    "service_type": "LINE",
    "service_id": 9,
    "custom_price": "40.00",
    "quantity": 1,
    "notes": "",
    "created_at": "2025-09-29T17:34:13.400Z",
    "updated_at": "2025-09-29T17:34:13.400Z"
  }
},
{
  "model": "core.carservice",
  "pk": 577,
  "fields": {
    "car": 210,
    "service_type": "LINE",
    "service_id": 10,
    "custom_price": "80.00",
    "quantity": 1,
    "notes": "",
    "created_at": "2025-09-29T17:34:13.414Z",
    "updated_at": "2025-09-29T17:34:13.414Z"
  }
},
{
  "model": "core.carservice",
  "pk": 578,
  "fields": {
    "car": 210,
    "service_type": "LINE",
    "service_id": 8,
    "custom_price": "105.00",
    "quantity": 1,
    "notes": "",
    "created_at": "2025-09-29T17:34:13.423Z",
    "updated_at": "2025-09-29T17:34:13.423Z"
  }
},
{
  "model": "core.carservice",
  "pk": 579,
  "fields": {
    "car": 211,
    "service_type": "LINE",
    "service_id": 6,
    "custom_price": "320.00",
    "quantity": 1,
    "notes": "",
    "created_at": "2025-09-29T17:34:13.480Z",
    "updated_at": "2025-09-29T17:34:13.480Z"
  }
},
{
  "model": "core.carservice",
  "pk": 580,
  "fields": {
    "car": 211,
    "service_type": "LINE",
    "service_id": 9,
    "custom_price": "40.00",
    "quantity": 1,
    "notes": "",
    "created_at": "2025-09-29T17:34:13.492Z",
    "updated_at": "2025-09-29T17:34:13.492Z"
  }
},
{
  "model": "core.carservice",
  "pk": 581,
  "fields": {
    "car": 211,
    "service_type": "LINE",
    "service_id": 10,
    "custom_price": "80.00",
    "quantity": 1,
    "notes": "",
    "created_at": "2025-09-29T17:34:13.501Z",
    "updated_at": "2025-09-29T17:34:13.501Z"
  }
},
{
  "model": "core.carservice",
  "pk": 582,
  "fields": {
    "car": 211,
    "service_type": "LINE",
    "service_id": 8,
    "custom_price": "105.00",
    "quantity": 1,
    "notes": "",
    "created_at": "2025-09-29T17:34:13.509Z",
    "updated_at": "2025-09-29T17:34:13.509Z"
  }
},
{
  "model": "core.carservice",
  "pk": 583,
  "fields": {
    "car": 212,
    "service_type": "LINE",
    "service_id": 6,
    "custom_price": "320.00",
    "quantity": 1,
    "notes": "",
    "created_at": "2025-09-29T17:34:13.564Z",
    "updated_at": "2025-09-29T17:34:13.565Z"
  }
},
{
  "model": "core.carservice",
  "pk": 584,
  "fields": {
    "car": 212,
    "service_type": "LINE",
    "service_id": 9,
    "custom_price": "40.00",
    "quantity": 1,
    "notes": "",
    "created_at": "2025-09-29T17:34:13.572Z",
    "updated_at": "2025-09-29T17:34:13.572Z"
  }
},
{
  "model": "core.carservice",
  "pk": 585,
  "fields": {
    "car": 212,
    "service_type": "LINE",
    "service_id": 10,
    "custom_price": "80.00",
    "quantity": 1,
    "notes": "",
    "created_at": "2025-09-29T17:34:13.581Z",
    "updated_at": "2025-09-29T17:34:13.581Z"
  }
},
{
  "model": "core.carservice",
  "pk": 586,
  "fields": {
    "car": 212,
    "service_type": "LINE",
    "service_id": 8,
    "custom_price": "105.00",
    "quantity": 1,
    "notes": "",
    "created_at": "2025-09-29T17:34:13.588Z",
    "updated_at": "2025-09-29T17:34:13.588Z"
  }
},
{
  "model": "core.carservice",
  "pk": 595,
  "fields": {
    "car": 209,
    "service_type": "LINE",
    "service_id": 27,
    "custom_price": "100.00",
    "quantity": 1,
    "notes": "",
    "created_at": "2025-09-29T17:37:56.031Z",
    "updated_at": "2025-09-29T17:37:56.031Z"
  }
},
{
  "model": "core.carservice",
  "pk": 596,
  "fields": {
    "car": 210,
    "service_type": "LINE",
    "service_id": 27,
    "custom_price": "100.00",
    "quantity": 1,
    "notes": "",
    "created_at": "2025-09-29T17:37:56.039Z",
    "updated_at": "2025-09-29T17:37:56.039Z"
  }
},
{
  "model": "core.carservice",
  "pk": 597,
  "fields": {
    "car": 211,
    "service_type": "LINE",
    "service_id": 27,
    "custom_price": "100.00",
    "quantity": 1,
    "notes": "",
    "created_at": "2025-09-29T17:37:56.048Z",
    "updated_at": "2025-09-29T17:37:56.048Z"
  }
},
{
  "model": "core.carservice",
  "pk": 598,
  "fields": {
    "car": 218,
    "service_type": "LINE",
    "service_id": 27,
    "custom_price": "100.00",
    "quantity": 1,
    "notes": "",
    "created_at": "2025-09-29T17:37:56.058Z",
    "updated_at": "2025-09-29T17:37:56.058Z"
  }
},
{
  "model": "core.carservice",
  "pk": 599,
  "fields": {
    "car": 212,
    "service_type": "LINE",
    "service_id": 27,
    "custom_price": "100.00",
    "quantity": 1,
    "notes": "",
    "created_at": "2025-09-29T17:37:56.067Z",
    "updated_at": "2025-09-29T17:37:56.067Z"
  }
},
{
  "model": "core.carservice",
  "pk": 601,
  "fields": {
    "car": 231,
    "service_type": "LINE",
    "service_id": 27,
    "custom_price": "100.00",
    "quantity": 1,
    "notes": "",
    "created_at": "2025-09-29T17:37:56.087Z",
    "updated_at": "2025-09-29T17:37:56.087Z"
  }
},
{
  "model": "core.carservice",
  "pk": 602,
  "fields": {
    "car": 228,
    "service_type": "LINE",
    "service_id": 27,
    "custom_price": "100.00",
    "quantity": 1,
    "notes": "",
    "created_at": "2025-09-29T17:37:56.117Z",
    "updated_at": "2025-09-29T17:37:56.117Z"
  }
},
{
  "model": "core.carservice",
  "pk": 603,
  "fields": {
    "car": 229,
    "service_type": "LINE",
    "service_id": 27,
    "custom_price": "100.00",
    "quantity": 1,
    "notes": "",
    "created_at": "2025-09-29T17:37:56.126Z",
    "updated_at": "2025-09-29T17:37:56.126Z"
  }
},
{
  "model": "core.carservice",
  "pk": 604,
  "fields": {
    "car": 230,
    "service_type": "LINE",
    "service_id": 27,
    "custom_price": "100.00",
    "quantity": 1,
    "notes": "",
    "created_at": "2025-09-29T17:37:56.138Z",
    "updated_at": "2025-09-29T17:37:56.138Z"
  }
},
{
  "model": "core.carservice",
  "pk": 605,
  "fields": {
    "car": 232,
    "service_type": "LINE",
    "service_id": 27,
    "custom_price": "100.00",
    "quantity": 1,
    "notes": "",
    "created_at": "2025-09-29T17:37:56.149Z",
    "updated_at": "2025-09-29T17:37:56.149Z"
  }
},
{
  "model": "core.carservice",
  "pk": 607,
  "fields": {
    "car": 234,
    "service_type": "LINE",
    "service_id": 27,
    "custom_price": "100.00",
    "quantity": 1,
    "notes": "",
    "created_at": "2025-09-29T17:37:56.168Z",
    "updated_at": "2025-09-29T17:37:56.168Z"
  }
},
{
  "model": "core.carservice",
  "pk": 608,
  "fields": {
    "car": 225,
    "service_type": "LINE",
    "service_id": 27,
    "custom_price": "100.00",
    "quantity": 1,
    "notes": "",
    "created_at": "2025-09-29T17:37:56.178Z",
    "updated_at": "2025-09-29T17:37:56.178Z"
  }
},
{
  "model": "core.carservice",
  "pk": 610,
  "fields": {
    "car": 216,
    "service_type": "LINE",
    "service_id": 27,
    "custom_price": "100.00",
    "quantity": 1,
    "notes": "",
    "created_at": "2025-09-29T17:37:56.203Z",
    "updated_at": "2025-09-29T17:37:56.203Z"
  }
},
{
  "model": "core.carservice",
  "pk": 614,
  "fields": {
    "car": 235,
    "service_type": "LINE",
    "service_id": 27,
    "custom_price": "100.00",
    "quantity": 1,
    "notes": "",
    "created_at": "2025-09-29T17:37:56.245Z",
    "updated_at": "2025-09-29T17:37:56.245Z"
  }
},
{
  "model": "core.carservice",
  "pk": 616,
  "fields": {
    "car": 236,
    "service_type": "LINE",
    "service_id": 27,
    "custom_price": "100.00",
    "quantity": 1,
    "notes": "",
    "created_at": "2025-09-29T17:37:56.267Z",
    "updated_at": "2025-09-29T17:37:56.267Z"
  }
},
{
  "model": "core.carservice",
  "pk": 618,
  "fields": {
    "car": 237,
    "service_type": "LINE",
    "service_id": 27,
    "custom_price": "100.00",
    "quantity": 1,
    "notes": "",
    "created_at": "2025-09-29T17:37:56.287Z",
    "updated_at": "2025-09-29T17:37:56.287Z"
  }
},
{
  "model": "core.carservice",
  "pk": 619,
  "fields": {
    "car": 208,
    "service_type": "LINE",
    "service_id": 27,
    "custom_price": "100.00",
    "quantity": 1,
    "notes": "",
    "created_at": "2025-09-29T17:37:56.300Z",
    "updated_at": "2025-09-29T17:37:56.300Z"
  }
},
{
  "model": "core.carservice",
  "pk": 620,
  "fields": {
    "car": 238,
    "service_type": "LINE",
    "service_id": 27,
    "custom_price": "100.00",
    "quantity": 1,
    "notes": "",
    "created_at": "2025-09-29T17:37:56.317Z",
    "updated_at": "2025-09-29T17:37:56.317Z"
  }
},
{
  "model": "core.carservice",
  "pk": 621,
  "fields": {
    "car": 209,
    "service_type": "LINE",
    "service_id": 28,
    "custom_price": "320.00",
    "quantity": 1,
    "notes": "",
    "created_at": "2025-09-29T17:39:20.016Z",
    "updated_at": "2025-09-29T17:39:20.016Z"
  }
},
{
  "model": "core.carservice",
  "pk": 622,
  "fields": {
    "car": 210,
    "service_type": "LINE",
    "service_id": 28,
    "custom_price": "320.00",
    "quantity": 1,
    "notes": "",
    "created_at": "2025-09-29T17:39:20.028Z",
    "updated_at": "2025-09-29T17:39:20.028Z"
  }
},
{
  "model": "core.carservice",
  "pk": 623,
  "fields": {
    "car": 211,
    "service_type": "LINE",
    "service_id": 28,
    "custom_price": "320.00",
    "quantity": 1,
    "notes": "",
    "created_at": "2025-09-29T17:39:20.037Z",
    "updated_at": "2025-09-29T17:39:20.037Z"
  }
},
{
  "model": "core.carservice",
  "pk": 645,
  "fields": {
    "car": 208,
    "service_type": "LINE",
    "service_id": 28,
    "custom_price": "320.00",
    "quantity": 1,
    "notes": "",
    "created_at": "2025-09-29T17:39:20.289Z",
    "updated_at": "2025-09-29T17:39:20.289Z"
  }
},
{
  "model": "core.carservice",
  "pk": 647,
  "fields": {
    "car": 209,
    "service_type": "LINE",
    "service_id": 29,
    "custom_price": "105.00",
    "quantity": 1,
    "notes": "",
    "created_at": "2025-09-29T17:39:20.318Z",
    "updated_at": "2025-09-29T17:39:20.318Z"
  }
},
{
  "model": "core.carservice",
  "pk": 648,
  "fields": {
    "car": 210,
    "service_type": "LINE",
    "service_id": 29,
    "custom_price": "105.00",
    "quantity": 1,
    "notes": "",
    "created_at": "2025-09-29T17:39:20.328Z",
    "updated_at": "2025-09-29T17:39:20.328Z"
  }
},
{
  "model": "core.carservice",
  "pk": 649,
  "fields": {
    "car": 211,
    "service_type": "LINE",
    "service_id": 29,
    "custom_price": "105.00",
    "quantity": 1,
    "notes": "",
    "created_at": "2025-09-29T17:39:20.336Z",
    "updated_at": "2025-09-29T17:39:20.336Z"
  }
},
{
  "model": "core.carservice",
  "pk": 650,
  "fields": {
    "car": 218,
    "service_type": "LINE",
    "service_id": 29,
    "custom_price": "105.00",
    "quantity": 1,
    "notes": "",
    "created_at": "2025-09-29T17:39:20.346Z",
    "updated_at": "2025-09-29T18:56:35.899Z"
  }
},
{
  "model": "core.carservice",
  "pk": 657,
  "fields": {
    "car": 232,
    "service_type": "LINE",
    "service_id": 29,
    "custom_price": "105.00",
    "quantity": 1,
    "notes": "",
    "created_at": "2025-09-29T17:39:20.410Z",
    "updated_at": "2025-09-29T19:47:52.981Z"
  }
},
{
  "model": "core.carservice",
  "pk": 658,
  "fields": {
    "car": 233,
    "service_type": "LINE",
    "service_id": 29,
    "custom_price": "105.00",
    "quantity": 1,
    "notes": "",
    "created_at": "2025-09-29T17:39:20.418Z",
    "updated_at": "2025-09-29T19:47:19.746Z"
  }
},
{
  "model": "core.carservice",
  "pk": 659,
  "fields": {
    "car": 234,
    "service_type": "LINE",
    "service_id": 29,
    "custom_price": "105.00",
    "quantity": 1,
    "notes": "",
    "created_at": "2025-09-29T17:39:20.428Z",
    "updated_at": "2025-09-29T19:46:49.066Z"
  }
},
{
  "model": "core.carservice",
  "pk": 660,
  "fields": {
    "car": 225,
    "service_type": "LINE",
    "service_id": 29,
    "custom_price": "105.00",
    "quantity": 1,
    "notes": "",
    "created_at": "2025-09-29T17:39:20.437Z",
    "updated_at": "2025-09-29T20:05:37.154Z"
  }
},
{
  "model": "core.carservice",
  "pk": 661,
  "fields": {
    "car": 219,
    "service_type": "LINE",
    "service_id": 29,
    "custom_price": "105.00",
    "quantity": 1,
    "notes": "",
    "created_at": "2025-09-29T17:39:20.447Z",
    "updated_at": "2025-09-29T20:13:45.546Z"
  }
},
{
  "model": "core.carservice",
  "pk": 662,
  "fields": {
    "car": 216,
    "service_type": "LINE",
    "service_id": 29,
    "custom_price": "105.00",
    "quantity": 1,
    "notes": "",
    "created_at": "2025-09-29T17:39:20.456Z",
    "updated_at": "2025-09-29T20:18:01.954Z"
  }
},
{
  "model": "core.carservice",
  "pk": 663,
  "fields": {
    "car": 227,
    "service_type": "LINE",
    "service_id": 29,
    "custom_price": "105.00",
    "quantity": 1,
    "notes": "",
    "created_at": "2025-09-29T17:39:20.463Z",
    "updated_at": "2025-09-29T20:02:09.586Z"
  }
},
{
  "model": "core.carservice",
  "pk": 664,
  "fields": {
    "car": 226,
    "service_type": "LINE",
    "service_id": 29,
    "custom_price": "105.00",
    "quantity": 1,
    "notes": "",
    "created_at": "2025-09-29T17:39:20.472Z",
    "updated_at": "2025-09-29T20:02:49.181Z"
  }
},
{
  "model": "core.carservice",
  "pk": 667,
  "fields": {
    "car": 221,
    "service_type": "LINE",
    "service_id": 29,
    "custom_price": "105.00",
    "quantity": 1,
    "notes": "",
    "created_at": "2025-09-29T17:39:20.502Z",
    "updated_at": "2025-09-29T20:08:43.650Z"
  }
},
{
  "model": "core.carservice",
  "pk": 669,
  "fields": {
    "car": 217,
    "service_type": "LINE",
    "service_id": 29,
    "custom_price": "105.00",
    "quantity": 1,
    "notes": "",
    "created_at": "2025-09-29T17:39:20.521Z",
    "updated_at": "2025-09-29T20:15:56.821Z"
  }
},
{
  "model": "core.carservice",
  "pk": 671,
  "fields": {
    "car": 208,
    "service_type": "LINE",
    "service_id": 29,
    "custom_price": "105.00",
    "quantity": 1,
    "notes": "",
    "created_at": "2025-09-29T17:39:20.543Z",
    "updated_at": "2025-09-29T17:39:20.543Z"
  }
},
{
  "model": "core.carservice",
  "pk": 673,
  "fields": {
    "car": 209,
    "service_type": "LINE",
    "service_id": 30,
    "custom_price": "40.00",
    "quantity": 1,
    "notes": "",
    "created_at": "2025-09-29T17:39:20.571Z",
    "updated_at": "2025-09-29T17:39:20.571Z"
  }
},
{
  "model": "core.carservice",
  "pk": 674,
  "fields": {
    "car": 210,
    "service_type": "LINE",
    "service_id": 30,
    "custom_price": "40.00",
    "quantity": 1,
    "notes": "",
    "created_at": "2025-09-29T17:39:20.581Z",
    "updated_at": "2025-09-29T17:39:20.581Z"
  }
},
{
  "model": "core.carservice",
  "pk": 675,
  "fields": {
    "car": 211,
    "service_type": "LINE",
    "service_id": 30,
    "custom_price": "40.00",
    "quantity": 1,
    "notes": "",
    "created_at": "2025-09-29T17:39:20.591Z",
    "updated_at": "2025-09-29T17:39:20.591Z"
  }
},
{
  "model": "core.carservice",
  "pk": 691,
  "fields": {
    "car": 220,
    "service_type": "LINE",
    "service_id": 30,
    "custom_price": "40.00",
    "quantity": 1,
    "notes": "",
    "created_at": "2025-09-29T17:39:20.758Z",
    "updated_at": "2025-09-29T20:12:57.856Z"
  }
},
{
  "model": "core.carservice",
  "pk": 697,
  "fields": {
    "car": 208,
    "service_type": "LINE",
    "service_id": 30,
    "custom_price": "40.00",
    "quantity": 1,
    "notes": "",
    "created_at": "2025-09-29T17:39:20.808Z",
    "updated_at": "2025-09-29T17:39:20.808Z"
  }
},
{
  "model": "core.carservice",
  "pk": 699,
  "fields": {
    "car": 209,
    "service_type": "LINE",
    "service_id": 31,
    "custom_price": "80.00",
    "quantity": 1,
    "notes": "",
    "created_at": "2025-09-29T17:39:20.832Z",
    "updated_at": "2025-09-29T17:39:20.832Z"
  }
},
{
  "model": "core.carservice",
  "pk": 700,
  "fields": {
    "car": 210,
    "service_type": "LINE",
    "service_id": 31,
    "custom_price": "80.00",
    "quantity": 1,
    "notes": "",
    "created_at": "2025-09-29T17:39:20.840Z",
    "updated_at": "2025-09-29T17:39:20.840Z"
  }
},
{
  "model": "core.carservice",
  "pk": 701,
  "fields": {
    "car": 211,
    "service_type": "LINE",
    "service_id": 31,
    "custom_price": "80.00",
    "quantity": 1,
    "notes": "",
    "created_at": "2025-09-29T17:39:20.849Z",
    "updated_at": "2025-09-29T17:39:20.849Z"
  }
},
{
  "model": "core.carservice",
  "pk": 703,
  "fields": {
    "car": 212,
    "service_type": "LINE",
    "service_id": 31,
    "custom_price": "80.00",
    "quantity": 1,
    "notes": "",
    "created_at": "2025-09-29T17:39:20.867Z",
    "updated_at": "2025-09-30T11:37:55.640Z"
  }
},
{
  "model": "core.carservice",
  "pk": 705,
  "fields": {
    "car": 231,
    "service_type": "LINE",
    "service_id": 31,
    "custom_price": "80.00",
    "quantity": 1,
    "notes": "",
    "created_at": "2025-09-29T17:39:20.882Z",
    "updated_at": "2025-09-29T19:53:08.094Z"
  }
},
{
  "model": "core.carservice",
  "pk": 707,
  "fields": {
    "car": 229,
    "service_type": "LINE",
    "service_id": 31,
    "custom_price": "80.00",
    "quantity": 1,
    "notes": "",
    "created_at": "2025-09-29T17:39:20.902Z",
    "updated_at": "2025-09-29T19:54:00.015Z"
  }
},
{
  "model": "core.carservice",
  "pk": 708,
  "fields": {
    "car": 230,
    "service_type": "LINE",
    "service_id": 31,
    "custom_price": "80.00",
    "quantity": 1,
    "notes": "",
    "created_at": "2025-09-29T17:39:20.911Z",
    "updated_at": "2025-09-29T19:53:45.223Z"
  }
},
{
  "model": "core.carservice",
  "pk": 718,
  "fields": {
    "car": 235,
    "service_type": "LINE",
    "service_id": 31,
    "custom_price": "80.00",
    "quantity": 1,
    "notes": "",
    "created_at": "2025-09-29T17:39:21.008Z",
    "updated_at": "2025-09-29T19:44:41.939Z"
  }
},
{
  "model": "core.carservice",
  "pk": 720,
  "fields": {
    "car": 236,
    "service_type": "LINE",
    "service_id": 31,
    "custom_price": "80.00",
    "quantity": 1,
    "notes": "",
    "created_at": "2025-09-29T17:39:21.028Z",
    "updated_at": "2025-09-29T19:44:31.180Z"
  }
},
{
  "model": "core.carservice",
  "pk": 722,
  "fields": {
    "car": 237,
    "service_type": "LINE",
    "service_id": 31,
    "custom_price": "80.00",
    "quantity": 1,
    "notes": "",
    "created_at": "2025-09-29T17:39:21.046Z",
    "updated_at": "2025-09-29T19:44:17.071Z"
  }
},
{
  "model": "core.carservice",
  "pk": 723,
  "fields": {
    "car": 208,
    "service_type": "LINE",
    "service_id": 31,
    "custom_price": "80.00",
    "quantity": 1,
    "notes": "",
    "created_at": "2025-09-29T17:39:21.056Z",
    "updated_at": "2025-09-29T17:39:21.056Z"
  }
},
{
  "model": "core.carservice",
  "pk": 724,
  "fields": {
    "car": 238,
    "service_type": "LINE",
    "service_id": 31,
    "custom_price": "80.00",
    "quantity": 1,
    "notes": "",
    "created_at": "2025-09-29T17:39:21.068Z",
    "updated_at": "2025-09-29T19:44:03.439Z"
  }
},
{
  "model": "core.carservice",
  "pk": 733,
  "fields": {
    "car": 215,
    "service_type": "WAREHOUSE",
    "service_id": 15,
    "custom_price": "160.00",
    "quantity": 1,
    "notes": "",
    "created_at": "2025-09-29T18:24:54.173Z",
    "updated_at": "2025-09-29T20:20:05.831Z"
  }
},
{
  "model": "core.carservice",
  "pk": 735,
  "fields": {
    "car": 215,
    "service_type": "LINE",
    "service_id": 29,
    "custom_price": null,
    "quantity": 1,
    "notes": "",
    "created_at": "2025-09-29T18:48:18.544Z",
    "updated_at": "2025-09-29T18:48:18.544Z"
  }
},
{
  "model": "core.carservice",
  "pk": 739,
  "fields": {
    "car": 233,
    "service_type": "WAREHOUSE",
    "service_id": 15,
    "custom_price": "160.00",
    "quantity": 1,
    "notes": "",
    "created_at": "2025-09-29T19:38:17.090Z",
    "updated_at": "2025-09-29T19:47:19.648Z"
  }
},
{
  "model": "core.carservice",
  "pk": 740,
  "fields": {
    "car": 228,
    "service_type": "LINE",
    "service_id": 31,
    "custom_price": null,
    "quantity": 1,
    "notes": "",
    "created_at": "2025-09-29T19:54:39.141Z",
    "updated_at": "2025-09-29T19:54:39.141Z"
  }
},
{
  "model": "core.carservice",
  "pk": 746,
  "fields": {
    "car": 227,
    "service_type": "CARRIER",
    "service_id": 1,
    "custom_price": "470.00",
    "quantity": 1,
    "notes": "",
    "created_at": "2025-09-29T20:00:05.256Z",
    "updated_at": "2025-09-29T20:02:09.673Z"
  }
},
{
  "model": "core.carservice",
  "pk": 752,
  "fields": {
    "car": 226,
    "service_type": "CARRIER",
    "service_id": 1,
    "custom_price": "470.00",
    "quantity": 1,
    "notes": "",
    "created_at": "2025-09-29T20:02:35.519Z",
    "updated_at": "2025-09-29T20:02:49.262Z"
  }
},
{
  "model": "core.carservice",
  "pk": 758,
  "fields": {
    "car": 221,
    "service_type": "CARRIER",
    "service_id": 1,
    "custom_price": "470.00",
    "quantity": 1,
    "notes": "",
    "created_at": "2025-09-29T20:06:55.000Z",
    "updated_at": "2025-09-29T20:08:43.731Z"
  }
},
{
  "model": "core.carservice",
  "pk": 761,
  "fields": {
    "car": 220,
    "service_type": "CARRIER",
    "service_id": 4,
    "custom_price": "100.00",
    "quantity": 1,
    "notes": "",
    "created_at": "2025-09-29T20:09:36.210Z",
    "updated_at": "2025-09-29T20:12:57.916Z"
  }
},
{
  "model": "core.carservice",
  "pk": 770,
  "fields": {
    "car": 219,
    "service_type": "CARRIER",
    "service_id": 1,
    "custom_price": "470.00",
    "quantity": 1,
    "notes": "",
    "created_at": "2025-09-29T20:13:34.067Z",
    "updated_at": "2025-09-29T20:13:45.625Z"
  }
},
{
  "model": "core.carservice",
  "pk": 776,
  "fields": {
    "car": 217,
    "service_type": "CARRIER",
    "service_id": 1,
    "custom_price": "470.00",
    "quantity": 1,
    "notes": "",
    "created_at": "2025-09-29T20:15:16.761Z",
    "updated_at": "2025-09-29T20:15:56.904Z"
  }
},
{
  "model": "core.newinvoice",
  "pk": 1,
  "fields": {
    "number": "INV-202509-0001",
    "date": "2025-09-30",
    "due_date": "2025-10-15",
    "issuer_company": null,
    "issuer_warehouse": 1,
    "issuer_line": null,
    "issuer_carrier": null,
    "recipient_client": null,
    "recipient_warehouse": null,
    "recipient_line": null,
    "recipient_carrier": null,
    "recipient_company": 1,
    "subtotal": "50.00",
    "discount": "0.00",
    "tax": "0.00",
    "total": "50.00",
    "paid_amount": "0.00",
    "status": "PAID",
    "notes": "",
    "created_at": "2025-09-30T13:31:24.171Z",
    "updated_at": "2025-09-30T13:31:24.187Z",
    "created_by": null,
    "cars": []
  }
},
{
  "model": "core.newinvoice",
  "pk": 2,
  "fields": {
    "number": "INV-202509-0002",
    "date": "2025-09-30",
    "due_date": "2025-10-15",
    "issuer_company": null,
    "issuer_warehouse": 1,
    "issuer_line": null,
    "issuer_carrier": null,
    "recipient_client": null,
    "recipient_warehouse": null,
    "recipient_line": null,
    "recipient_carrier": null,
    "recipient_company": 1,
    "subtotal": "0.00",
    "discount": "0.00",
    "tax": "0.00",
    "total": "0.00",
    "paid_amount": "0.00",
    "status": "PAID",
    "notes": "",
    "created_at": "2025-09-30T13:45:35.062Z",
    "updated_at": "2025-09-30T13:45:35.062Z",
    "created_by": null,
    "cars": [
      138
    ]
  }
},
{
  "model": "core.newinvoice",
  "pk": 3,
  "fields": {
    "number": "INV-202509-0003",
    "date": "2025-09-30",
    "due_date": "2025-10-13",
    "issuer_company": null,
    "issuer_warehouse": null,
    "issuer_line": null,
    "issuer_carrier": 1,
    "recipient_client": null,
    "recipient_warehouse": null,
    "recipient_line": null,
    "recipient_carrier": null,
    "recipient_company": 1,
    "subtotal": "470.00",
    "discount": "0.00",
    "tax": "0.00",
    "total": "470.00",
    "paid_amount": "0.00",
    "status": "ISSUED",
    "notes": "",
    "created_at": "2025-09-30T13:54:22.104Z",
    "updated_at": "2025-09-30T15:04:39.659Z",
    "created_by": null,
    "cars": [
      217
    ]
  }
},
{
  "model": "core.invoiceitem",
  "pk": 1,
  "fields": {
    "invoice": 1,
    "car": 231,
    "description": "Хранение",
    "quantity": "1.00",
    "unit_price": "50.00",
    "total_price": "50.00",
    "order": 0
  }
},
{
  "model": "core.invoiceitem",
  "pk": 4,
  "fields": {
    "invoice": 3,
    "car": 217,
    "description": "Перевозчик: Клайпеда-Минск - CHEV BOLT 1G1FZ6S00K4105674",
    "quantity": "1.00",
    "unit_price": "470.00",
    "total_price": "470.00",
    "order": 0
  }
}
]
