--
-- PostgreSQL database dump
--

-- Dumped from database version 17.4
-- Dumped by pg_dump version 17.4

SET statement_timeout = 0;
SET lock_timeout = 0;
SET idle_in_transaction_session_timeout = 0;
SET transaction_timeout = 0;
SET client_encoding = 'UTF8';
SET standard_conforming_strings = on;
SELECT pg_catalog.set_config('search_path', '', false);
SET check_function_bodies = false;
SET xmloption = content;
SET client_min_messages = warning;
SET row_security = off;

--
-- Name: public; Type: SCHEMA; Schema: -; Owner: arturas
--

-- *not* creating schema, since initdb creates it


ALTER SCHEMA public OWNER TO arturas;

SET default_tablespace = '';

SET default_table_access_method = heap;

--
-- Name: admin_interface_theme; Type: TABLE; Schema: public; Owner: arturas
--

CREATE TABLE public.admin_interface_theme (
    id integer NOT NULL,
    name character varying(50) NOT NULL,
    active boolean NOT NULL,
    title character varying(50) NOT NULL,
    title_visible boolean NOT NULL,
    logo character varying(100) NOT NULL,
    logo_visible boolean NOT NULL,
    css_header_background_color character varying(10) NOT NULL,
    title_color character varying(10) NOT NULL,
    css_header_text_color character varying(10) NOT NULL,
    css_header_link_color character varying(10) NOT NULL,
    css_header_link_hover_color character varying(10) NOT NULL,
    css_module_background_color character varying(10) NOT NULL,
    css_module_text_color character varying(10) NOT NULL,
    css_module_link_color character varying(10) NOT NULL,
    css_module_link_hover_color character varying(10) NOT NULL,
    css_module_rounded_corners boolean NOT NULL,
    css_generic_link_color character varying(10) NOT NULL,
    css_generic_link_hover_color character varying(10) NOT NULL,
    css_save_button_background_color character varying(10) NOT NULL,
    css_save_button_background_hover_color character varying(10) NOT NULL,
    css_save_button_text_color character varying(10) NOT NULL,
    css_delete_button_background_color character varying(10) NOT NULL,
    css_delete_button_background_hover_color character varying(10) NOT NULL,
    css_delete_button_text_color character varying(10) NOT NULL,
    list_filter_dropdown boolean NOT NULL,
    related_modal_active boolean NOT NULL,
    related_modal_background_color character varying(10) NOT NULL,
    related_modal_rounded_corners boolean NOT NULL,
    logo_color character varying(10) NOT NULL,
    recent_actions_visible boolean NOT NULL,
    favicon character varying(100) NOT NULL,
    related_modal_background_opacity character varying(5) NOT NULL,
    env_name character varying(50) NOT NULL,
    env_visible_in_header boolean NOT NULL,
    env_color character varying(10) NOT NULL,
    env_visible_in_favicon boolean NOT NULL,
    related_modal_close_button_visible boolean NOT NULL,
    language_chooser_active boolean NOT NULL,
    language_chooser_display character varying(10) NOT NULL,
    list_filter_sticky boolean NOT NULL,
    form_pagination_sticky boolean NOT NULL,
    form_submit_sticky boolean NOT NULL,
    css_module_background_selected_color character varying(10) NOT NULL,
    css_module_link_selected_color character varying(10) NOT NULL,
    logo_max_height smallint NOT NULL,
    logo_max_width smallint NOT NULL,
    foldable_apps boolean NOT NULL,
    language_chooser_control character varying(20) NOT NULL,
    list_filter_highlight boolean NOT NULL,
    list_filter_removal_links boolean NOT NULL,
    show_fieldsets_as_tabs boolean NOT NULL,
    show_inlines_as_tabs boolean NOT NULL,
    css_generic_link_active_color character varying(10) NOT NULL,
    collapsible_stacked_inlines boolean NOT NULL,
    collapsible_stacked_inlines_collapsed boolean NOT NULL,
    collapsible_tabular_inlines boolean NOT NULL,
    collapsible_tabular_inlines_collapsed boolean NOT NULL,
    CONSTRAINT admin_interface_theme_logo_max_height_check CHECK ((logo_max_height >= 0)),
    CONSTRAINT admin_interface_theme_logo_max_width_check CHECK ((logo_max_width >= 0))
);


ALTER TABLE public.admin_interface_theme OWNER TO arturas;

--
-- Name: admin_interface_theme_id_seq; Type: SEQUENCE; Schema: public; Owner: arturas
--

ALTER TABLE public.admin_interface_theme ALTER COLUMN id ADD GENERATED BY DEFAULT AS IDENTITY (
    SEQUENCE NAME public.admin_interface_theme_id_seq
    START WITH 1
    INCREMENT BY 1
    NO MINVALUE
    NO MAXVALUE
    CACHE 1
);


--
-- Name: auth_group; Type: TABLE; Schema: public; Owner: arturas
--

CREATE TABLE public.auth_group (
    id integer NOT NULL,
    name character varying(150) NOT NULL
);


ALTER TABLE public.auth_group OWNER TO arturas;

--
-- Name: auth_group_id_seq; Type: SEQUENCE; Schema: public; Owner: arturas
--

ALTER TABLE public.auth_group ALTER COLUMN id ADD GENERATED BY DEFAULT AS IDENTITY (
    SEQUENCE NAME public.auth_group_id_seq
    START WITH 1
    INCREMENT BY 1
    NO MINVALUE
    NO MAXVALUE
    CACHE 1
);


--
-- Name: auth_group_permissions; Type: TABLE; Schema: public; Owner: arturas
--

CREATE TABLE public.auth_group_permissions (
    id bigint NOT NULL,
    group_id integer NOT NULL,
    permission_id integer NOT NULL
);


ALTER TABLE public.auth_group_permissions OWNER TO arturas;

--
-- Name: auth_group_permissions_id_seq; Type: SEQUENCE; Schema: public; Owner: arturas
--

ALTER TABLE public.auth_group_permissions ALTER COLUMN id ADD GENERATED BY DEFAULT AS IDENTITY (
    SEQUENCE NAME public.auth_group_permissions_id_seq
    START WITH 1
    INCREMENT BY 1
    NO MINVALUE
    NO MAXVALUE
    CACHE 1
);


--
-- Name: auth_permission; Type: TABLE; Schema: public; Owner: arturas
--

CREATE TABLE public.auth_permission (
    id integer NOT NULL,
    name character varying(255) NOT NULL,
    content_type_id integer NOT NULL,
    codename character varying(100) NOT NULL
);


ALTER TABLE public.auth_permission OWNER TO arturas;

--
-- Name: auth_permission_id_seq; Type: SEQUENCE; Schema: public; Owner: arturas
--

ALTER TABLE public.auth_permission ALTER COLUMN id ADD GENERATED BY DEFAULT AS IDENTITY (
    SEQUENCE NAME public.auth_permission_id_seq
    START WITH 1
    INCREMENT BY 1
    NO MINVALUE
    NO MAXVALUE
    CACHE 1
);


--
-- Name: auth_user; Type: TABLE; Schema: public; Owner: arturas
--

CREATE TABLE public.auth_user (
    id integer NOT NULL,
    password character varying(128) NOT NULL,
    last_login timestamp with time zone,
    is_superuser boolean NOT NULL,
    username character varying(150) NOT NULL,
    first_name character varying(150) NOT NULL,
    last_name character varying(150) NOT NULL,
    email character varying(254) NOT NULL,
    is_staff boolean NOT NULL,
    is_active boolean NOT NULL,
    date_joined timestamp with time zone NOT NULL
);


ALTER TABLE public.auth_user OWNER TO arturas;

--
-- Name: auth_user_groups; Type: TABLE; Schema: public; Owner: arturas
--

CREATE TABLE public.auth_user_groups (
    id bigint NOT NULL,
    user_id integer NOT NULL,
    group_id integer NOT NULL
);


ALTER TABLE public.auth_user_groups OWNER TO arturas;

--
-- Name: auth_user_groups_id_seq; Type: SEQUENCE; Schema: public; Owner: arturas
--

ALTER TABLE public.auth_user_groups ALTER COLUMN id ADD GENERATED BY DEFAULT AS IDENTITY (
    SEQUENCE NAME public.auth_user_groups_id_seq
    START WITH 1
    INCREMENT BY 1
    NO MINVALUE
    NO MAXVALUE
    CACHE 1
);


--
-- Name: auth_user_id_seq; Type: SEQUENCE; Schema: public; Owner: arturas
--

ALTER TABLE public.auth_user ALTER COLUMN id ADD GENERATED BY DEFAULT AS IDENTITY (
    SEQUENCE NAME public.auth_user_id_seq
    START WITH 1
    INCREMENT BY 1
    NO MINVALUE
    NO MAXVALUE
    CACHE 1
);


--
-- Name: auth_user_user_permissions; Type: TABLE; Schema: public; Owner: arturas
--

CREATE TABLE public.auth_user_user_permissions (
    id bigint NOT NULL,
    user_id integer NOT NULL,
    permission_id integer NOT NULL
);


ALTER TABLE public.auth_user_user_permissions OWNER TO arturas;

--
-- Name: auth_user_user_permissions_id_seq; Type: SEQUENCE; Schema: public; Owner: arturas
--

ALTER TABLE public.auth_user_user_permissions ALTER COLUMN id ADD GENERATED BY DEFAULT AS IDENTITY (
    SEQUENCE NAME public.auth_user_user_permissions_id_seq
    START WITH 1
    INCREMENT BY 1
    NO MINVALUE
    NO MAXVALUE
    CACHE 1
);


--
-- Name: core_accounting; Type: TABLE; Schema: public; Owner: arturas
--

CREATE TABLE public.core_accounting (
    id bigint NOT NULL,
    sync_status character varying(20) NOT NULL,
    sync_date timestamp with time zone,
    invoice_id bigint NOT NULL,
    payment_id bigint
);


ALTER TABLE public.core_accounting OWNER TO arturas;

--
-- Name: core_accounting_id_seq; Type: SEQUENCE; Schema: public; Owner: arturas
--

ALTER TABLE public.core_accounting ALTER COLUMN id ADD GENERATED BY DEFAULT AS IDENTITY (
    SEQUENCE NAME public.core_accounting_id_seq
    START WITH 1
    INCREMENT BY 1
    NO MINVALUE
    NO MAXVALUE
    CACHE 1
);


--
-- Name: core_car; Type: TABLE; Schema: public; Owner: arturas
--

CREATE TABLE public.core_car (
    id bigint NOT NULL,
    year integer NOT NULL,
    brand character varying(50) NOT NULL,
    vin character varying(17) NOT NULL,
    status character varying(20) NOT NULL,
    unload_date date,
    total_price numeric(10,2),
    client_id bigint,
    container_id bigint NOT NULL,
    warehouse_id bigint,
    dekl numeric(10,2),
    sklad numeric(10,2),
    ths numeric(10,2),
    days integer NOT NULL,
    free_days integer NOT NULL,
    rate numeric(10,2) NOT NULL,
    storage_cost numeric(10,2) NOT NULL,
    proft numeric(10,2),
    final_storage_cost numeric(10,2),
    transfer_date date,
    warehouse_days integer,
    CONSTRAINT core_car_days_check CHECK ((days >= 0)),
    CONSTRAINT core_car_free_days_check CHECK ((free_days >= 0)),
    CONSTRAINT core_car_warehouse_days_check CHECK ((warehouse_days >= 0)),
    CONSTRAINT core_car_year_check CHECK ((year >= 0))
);


ALTER TABLE public.core_car OWNER TO arturas;

--
-- Name: core_car_id_seq; Type: SEQUENCE; Schema: public; Owner: arturas
--

ALTER TABLE public.core_car ALTER COLUMN id ADD GENERATED BY DEFAULT AS IDENTITY (
    SEQUENCE NAME public.core_car_id_seq
    START WITH 1
    INCREMENT BY 1
    NO MINVALUE
    NO MAXVALUE
    CACHE 1
);


--
-- Name: core_client; Type: TABLE; Schema: public; Owner: arturas
--

CREATE TABLE public.core_client (
    id bigint NOT NULL,
    name character varying(100) NOT NULL,
    card_balance numeric(10,2) NOT NULL,
    cash_balance numeric(10,2) NOT NULL,
    debt numeric(10,2) NOT NULL
);


ALTER TABLE public.core_client OWNER TO arturas;

--
-- Name: core_client_id_seq; Type: SEQUENCE; Schema: public; Owner: arturas
--

ALTER TABLE public.core_client ALTER COLUMN id ADD GENERATED BY DEFAULT AS IDENTITY (
    SEQUENCE NAME public.core_client_id_seq
    START WITH 1
    INCREMENT BY 1
    NO MINVALUE
    NO MAXVALUE
    CACHE 1
);


--
-- Name: core_container; Type: TABLE; Schema: public; Owner: arturas
--

CREATE TABLE public.core_container (
    id bigint NOT NULL,
    number character varying(20) NOT NULL,
    status character varying(20) NOT NULL,
    eta date,
    customs_procedure character varying(20),
    ths numeric(10,2),
    sklad numeric(10,2) NOT NULL,
    days integer NOT NULL,
    dekl numeric(10,2),
    unload_date date,
    client_id bigint,
    line_id bigint,
    warehouse_id bigint,
    free_days integer NOT NULL,
    rate numeric(10,2) NOT NULL,
    storage_cost numeric(10,2) NOT NULL,
    proft numeric(10,2) NOT NULL,
    notes character varying(200) NOT NULL,
    CONSTRAINT core_container_days_check CHECK ((days >= 0)),
    CONSTRAINT core_container_free_days_check CHECK ((free_days >= 0))
);


ALTER TABLE public.core_container OWNER TO arturas;

--
-- Name: core_container_id_seq; Type: SEQUENCE; Schema: public; Owner: arturas
--

ALTER TABLE public.core_container ALTER COLUMN id ADD GENERATED BY DEFAULT AS IDENTITY (
    SEQUENCE NAME public.core_container_id_seq
    START WITH 1
    INCREMENT BY 1
    NO MINVALUE
    NO MAXVALUE
    CACHE 1
);


--
-- Name: core_declaration; Type: TABLE; Schema: public; Owner: arturas
--

CREATE TABLE public.core_declaration (
    id bigint NOT NULL,
    number character varying(20) NOT NULL,
    customs_procedure character varying(20) NOT NULL,
    date date NOT NULL,
    container_id bigint NOT NULL
);


ALTER TABLE public.core_declaration OWNER TO arturas;

--
-- Name: core_declaration_id_seq; Type: SEQUENCE; Schema: public; Owner: arturas
--

ALTER TABLE public.core_declaration ALTER COLUMN id ADD GENERATED BY DEFAULT AS IDENTITY (
    SEQUENCE NAME public.core_declaration_id_seq
    START WITH 1
    INCREMENT BY 1
    NO MINVALUE
    NO MAXVALUE
    CACHE 1
);


--
-- Name: core_invoice; Type: TABLE; Schema: public; Owner: arturas
--

CREATE TABLE public.core_invoice (
    id bigint NOT NULL,
    number character varying(20) NOT NULL,
    total_amount numeric(10,2),
    issue_date date NOT NULL,
    paid boolean NOT NULL,
    client_id bigint,
    is_outgoing boolean NOT NULL,
    warehouse_id bigint
);


ALTER TABLE public.core_invoice OWNER TO arturas;

--
-- Name: core_invoice_cars; Type: TABLE; Schema: public; Owner: arturas
--

CREATE TABLE public.core_invoice_cars (
    id bigint NOT NULL,
    invoice_id bigint NOT NULL,
    car_id bigint NOT NULL
);


ALTER TABLE public.core_invoice_cars OWNER TO arturas;

--
-- Name: core_invoice_cars_id_seq; Type: SEQUENCE; Schema: public; Owner: arturas
--

ALTER TABLE public.core_invoice_cars ALTER COLUMN id ADD GENERATED BY DEFAULT AS IDENTITY (
    SEQUENCE NAME public.core_invoice_cars_id_seq
    START WITH 1
    INCREMENT BY 1
    NO MINVALUE
    NO MAXVALUE
    CACHE 1
);


--
-- Name: core_invoice_id_seq; Type: SEQUENCE; Schema: public; Owner: arturas
--

ALTER TABLE public.core_invoice ALTER COLUMN id ADD GENERATED BY DEFAULT AS IDENTITY (
    SEQUENCE NAME public.core_invoice_id_seq
    START WITH 1
    INCREMENT BY 1
    NO MINVALUE
    NO MAXVALUE
    CACHE 1
);


--
-- Name: core_line; Type: TABLE; Schema: public; Owner: arturas
--

CREATE TABLE public.core_line (
    id bigint NOT NULL,
    name character varying(100) NOT NULL
);


ALTER TABLE public.core_line OWNER TO arturas;

--
-- Name: core_line_id_seq; Type: SEQUENCE; Schema: public; Owner: arturas
--

ALTER TABLE public.core_line ALTER COLUMN id ADD GENERATED BY DEFAULT AS IDENTITY (
    SEQUENCE NAME public.core_line_id_seq
    START WITH 1
    INCREMENT BY 1
    NO MINVALUE
    NO MAXVALUE
    CACHE 1
);


--
-- Name: core_payment; Type: TABLE; Schema: public; Owner: arturas
--

CREATE TABLE public.core_payment (
    id bigint NOT NULL,
    amount numeric(10,2) NOT NULL,
    payment_type character varying(20) NOT NULL,
    date date NOT NULL,
    recipient character varying(100) NOT NULL,
    invoice_id bigint,
    payer_id bigint,
    from_balance boolean NOT NULL,
    from_cash_balance boolean NOT NULL,
    description text NOT NULL
);


ALTER TABLE public.core_payment OWNER TO arturas;

--
-- Name: core_payment_id_seq; Type: SEQUENCE; Schema: public; Owner: arturas
--

ALTER TABLE public.core_payment ALTER COLUMN id ADD GENERATED BY DEFAULT AS IDENTITY (
    SEQUENCE NAME public.core_payment_id_seq
    START WITH 1
    INCREMENT BY 1
    NO MINVALUE
    NO MAXVALUE
    CACHE 1
);


--
-- Name: core_warehouse; Type: TABLE; Schema: public; Owner: arturas
--

CREATE TABLE public.core_warehouse (
    id bigint NOT NULL,
    name character varying(100) NOT NULL
);


ALTER TABLE public.core_warehouse OWNER TO arturas;

--
-- Name: core_warehouse_id_seq; Type: SEQUENCE; Schema: public; Owner: arturas
--

ALTER TABLE public.core_warehouse ALTER COLUMN id ADD GENERATED BY DEFAULT AS IDENTITY (
    SEQUENCE NAME public.core_warehouse_id_seq
    START WITH 1
    INCREMENT BY 1
    NO MINVALUE
    NO MAXVALUE
    CACHE 1
);


--
-- Name: django_admin_log; Type: TABLE; Schema: public; Owner: arturas
--

CREATE TABLE public.django_admin_log (
    id integer NOT NULL,
    action_time timestamp with time zone NOT NULL,
    object_id text,
    object_repr character varying(200) NOT NULL,
    action_flag smallint NOT NULL,
    change_message text NOT NULL,
    content_type_id integer,
    user_id integer NOT NULL,
    CONSTRAINT django_admin_log_action_flag_check CHECK ((action_flag >= 0))
);


ALTER TABLE public.django_admin_log OWNER TO arturas;

--
-- Name: django_admin_log_id_seq; Type: SEQUENCE; Schema: public; Owner: arturas
--

ALTER TABLE public.django_admin_log ALTER COLUMN id ADD GENERATED BY DEFAULT AS IDENTITY (
    SEQUENCE NAME public.django_admin_log_id_seq
    START WITH 1
    INCREMENT BY 1
    NO MINVALUE
    NO MAXVALUE
    CACHE 1
);


--
-- Name: django_content_type; Type: TABLE; Schema: public; Owner: arturas
--

CREATE TABLE public.django_content_type (
    id integer NOT NULL,
    app_label character varying(100) NOT NULL,
    model character varying(100) NOT NULL
);


ALTER TABLE public.django_content_type OWNER TO arturas;

--
-- Name: django_content_type_id_seq; Type: SEQUENCE; Schema: public; Owner: arturas
--

ALTER TABLE public.django_content_type ALTER COLUMN id ADD GENERATED BY DEFAULT AS IDENTITY (
    SEQUENCE NAME public.django_content_type_id_seq
    START WITH 1
    INCREMENT BY 1
    NO MINVALUE
    NO MAXVALUE
    CACHE 1
);


--
-- Name: django_migrations; Type: TABLE; Schema: public; Owner: arturas
--

CREATE TABLE public.django_migrations (
    id bigint NOT NULL,
    app character varying(255) NOT NULL,
    name character varying(255) NOT NULL,
    applied timestamp with time zone NOT NULL
);


ALTER TABLE public.django_migrations OWNER TO arturas;

--
-- Name: django_migrations_id_seq; Type: SEQUENCE; Schema: public; Owner: arturas
--

ALTER TABLE public.django_migrations ALTER COLUMN id ADD GENERATED BY DEFAULT AS IDENTITY (
    SEQUENCE NAME public.django_migrations_id_seq
    START WITH 1
    INCREMENT BY 1
    NO MINVALUE
    NO MAXVALUE
    CACHE 1
);


--
-- Name: django_session; Type: TABLE; Schema: public; Owner: arturas
--

CREATE TABLE public.django_session (
    session_key character varying(40) NOT NULL,
    session_data text NOT NULL,
    expire_date timestamp with time zone NOT NULL
);


ALTER TABLE public.django_session OWNER TO arturas;

--
-- Data for Name: admin_interface_theme; Type: TABLE DATA; Schema: public; Owner: arturas
--

COPY public.admin_interface_theme (id, name, active, title, title_visible, logo, logo_visible, css_header_background_color, title_color, css_header_text_color, css_header_link_color, css_header_link_hover_color, css_module_background_color, css_module_text_color, css_module_link_color, css_module_link_hover_color, css_module_rounded_corners, css_generic_link_color, css_generic_link_hover_color, css_save_button_background_color, css_save_button_background_hover_color, css_save_button_text_color, css_delete_button_background_color, css_delete_button_background_hover_color, css_delete_button_text_color, list_filter_dropdown, related_modal_active, related_modal_background_color, related_modal_rounded_corners, logo_color, recent_actions_visible, favicon, related_modal_background_opacity, env_name, env_visible_in_header, env_color, env_visible_in_favicon, related_modal_close_button_visible, language_chooser_active, language_chooser_display, list_filter_sticky, form_pagination_sticky, form_submit_sticky, css_module_background_selected_color, css_module_link_selected_color, logo_max_height, logo_max_width, foldable_apps, language_chooser_control, list_filter_highlight, list_filter_removal_links, show_fieldsets_as_tabs, show_inlines_as_tabs, css_generic_link_active_color, collapsible_stacked_inlines, collapsible_stacked_inlines_collapsed, collapsible_tabular_inlines, collapsible_tabular_inlines_collapsed) FROM stdin;
1	Django	t	Django administration	t		t	#0C4B33	#F5DD5D	#44B78B	#FFFFFF	#C9F0DD	#44B78B	#FFFFFF	#FFFFFF	#C9F0DD	t	#0C3C26	#156641	#0C4B33	#0C3C26	#FFFFFF	#BA2121	#A41515	#FFFFFF	t	t	#000000	t	#FFFFFF	t		0.3		t	#E74C3C	t	t	t	code	t	f	f	#FFFFCC	#FFFFFF	100	400	t	default-select	t	f	f	f	#29B864	f	t	f	t
\.


--
-- Data for Name: auth_group; Type: TABLE DATA; Schema: public; Owner: arturas
--

COPY public.auth_group (id, name) FROM stdin;
\.


--
-- Data for Name: auth_group_permissions; Type: TABLE DATA; Schema: public; Owner: arturas
--

COPY public.auth_group_permissions (id, group_id, permission_id) FROM stdin;
\.


--
-- Data for Name: auth_permission; Type: TABLE DATA; Schema: public; Owner: arturas
--

COPY public.auth_permission (id, name, content_type_id, codename) FROM stdin;
1	Can add Theme	1	add_theme
2	Can change Theme	1	change_theme
3	Can delete Theme	1	delete_theme
4	Can view Theme	1	view_theme
5	Can add log entry	2	add_logentry
6	Can change log entry	2	change_logentry
7	Can delete log entry	2	delete_logentry
8	Can view log entry	2	view_logentry
9	Can add permission	3	add_permission
10	Can change permission	3	change_permission
11	Can delete permission	3	delete_permission
12	Can view permission	3	view_permission
13	Can add group	4	add_group
14	Can change group	4	change_group
15	Can delete group	4	delete_group
16	Can view group	4	view_group
17	Can add user	5	add_user
18	Can change user	5	change_user
19	Can delete user	5	delete_user
20	Can view user	5	view_user
21	Can add content type	6	add_contenttype
22	Can change content type	6	change_contenttype
23	Can delete content type	6	delete_contenttype
24	Can view content type	6	view_contenttype
25	Can add session	7	add_session
26	Can change session	7	change_session
27	Can delete session	7	delete_session
28	Can view session	7	view_session
29	Can add line	8	add_line
30	Can change line	8	change_line
31	Can delete line	8	delete_line
32	Can view line	8	view_line
33	Can add client	9	add_client
34	Can change client	9	change_client
35	Can delete client	9	delete_client
36	Can view client	9	view_client
37	Can add car	10	add_car
38	Can change car	10	change_car
39	Can delete car	10	delete_car
40	Can view car	10	view_car
41	Can add accounting	11	add_accounting
42	Can change accounting	11	change_accounting
43	Can delete accounting	11	delete_accounting
44	Can view accounting	11	view_accounting
45	Can add container	12	add_container
46	Can change container	12	change_container
47	Can delete container	12	delete_container
48	Can view container	12	view_container
49	Can add warehouse	13	add_warehouse
50	Can change warehouse	13	change_warehouse
51	Can delete warehouse	13	delete_warehouse
52	Can view warehouse	13	view_warehouse
53	Can add declaration	14	add_declaration
54	Can change declaration	14	change_declaration
55	Can delete declaration	14	delete_declaration
56	Can view declaration	14	view_declaration
57	Can add payment	15	add_payment
58	Can change payment	15	change_payment
59	Can delete payment	15	delete_payment
60	Can view payment	15	view_payment
61	Can add invoice	16	add_invoice
62	Can change invoice	16	change_invoice
63	Can delete invoice	16	delete_invoice
64	Can view invoice	16	view_invoice
\.


--
-- Data for Name: auth_user; Type: TABLE DATA; Schema: public; Owner: arturas
--

COPY public.auth_user (id, password, last_login, is_superuser, username, first_name, last_name, email, is_staff, is_active, date_joined) FROM stdin;
1	pbkdf2_sha256$870000$IZbKfr9N2u0o7FWjrqa9uJ$NbI/6a6KRevZguQaU7bIIP2H2Deg/4Abu/gzfqRBlpE=	2025-05-26 18:52:43.894109+03	t	arturas			arturas.gaizhutis@gmail.com	t	t	2025-03-07 22:58:21.41641+02
\.


--
-- Data for Name: auth_user_groups; Type: TABLE DATA; Schema: public; Owner: arturas
--

COPY public.auth_user_groups (id, user_id, group_id) FROM stdin;
\.


--
-- Data for Name: auth_user_user_permissions; Type: TABLE DATA; Schema: public; Owner: arturas
--

COPY public.auth_user_user_permissions (id, user_id, permission_id) FROM stdin;
\.


--
-- Data for Name: core_accounting; Type: TABLE DATA; Schema: public; Owner: arturas
--

COPY public.core_accounting (id, sync_status, sync_date, invoice_id, payment_id) FROM stdin;
\.


--
-- Data for Name: core_car; Type: TABLE DATA; Schema: public; Owner: arturas
--

COPY public.core_car (id, year, brand, vin, status, unload_date, total_price, client_id, container_id, warehouse_id, dekl, sklad, ths, days, free_days, rate, storage_cost, proft, final_storage_cost, transfer_date, warehouse_days) FROM stdin;
38	2024	HONDA CRV	2HKRS4H53RH110002	FLOATING	\N	0.00	4	11	1	\N	\N	\N	0	0	5.00	0.00	\N	\N	\N	\N
39	2021	CHEVROLET MALIBU	1G1ZG5ST4MF077991	FLOATING	\N	0.00	4	12	1	\N	\N	\N	0	0	5.00	0.00	\N	\N	\N	\N
40	2021	FORD ESCAPE	1FMCU9G6XMUA98593	FLOATING	\N	0.00	4	12	1	\N	\N	\N	0	0	5.00	0.00	\N	\N	\N	\N
41	2021	FORD BRONCO	3FMCR9B67MRA85364	FLOATING	\N	0.00	4	12	1	\N	\N	\N	0	0	5.00	0.00	\N	\N	\N	\N
42	2022	CHEVROLET TRAX	KL7CJPSM1NB533955	FLOATING	\N	0.00	4	12	1	\N	\N	\N	0	0	5.00	0.00	\N	\N	\N	\N
23	2022	GMC TERRAIN	3GKALMEV6NL209586	FLOATING	\N	180.00	3	7	1	\N	160.00	0.00	0	0	5.00	0.00	20.00	\N	\N	\N
49	2021	AUDI Q5	WA1E2AFY9M2136909	TRANSFERRED	2025-05-20	275.00	1	15	1	\N	160.00	80.00	1	5	5.00	5.00	30.00	5.00	2025-05-25	1
57	2017	BMW 5	WBAJA7C37HG906582	UNLOADED	2025-05-26	260.00	1	17	1	\N	160.00	70.00	0	5	5.00	0.00	30.00	\N	\N	\N
17	2020	LINCOLN NAVIGATOR	5LMJJ2TT1LEL14419	TRANSFERRED	2025-04-24	445.00	2	5	1	\N	150.00	140.00	27	5	5.00	135.00	20.00	135.00	2025-05-25	27
18	2020	GMC SAVANA	1GTW7BFG2L1262154	TRANSFERRED	2025-04-24	445.00	2	5	1	\N	150.00	140.00	27	5	5.00	135.00	20.00	135.00	2025-05-25	27
58	2020	VW JETTA	3VWC57BU1LM089745	UNLOADED	2025-05-26	260.00	1	17	1	\N	160.00	70.00	0	5	5.00	0.00	30.00	\N	\N	\N
11	2019	CHEVROLET EQUINOX	2GNAXKEV5K627066	TRANSFERRED	2025-04-03	260.00	4	3	1	\N	160.00	0.00	16	5	5.00	80.00	20.00	80.00	2025-04-23	16
25	2022	CHEVROLET EQUINOX	2GNAXHEV9N6116273	FLOATING	\N	180.00	3	7	1	\N	160.00	0.00	0	0	5.00	0.00	20.00	\N	\N	\N
24	2021	CHEVROLET MALIBU	1G1ZD5ST7MF077900	FLOATING	\N	0.00	3	7	1	\N	\N	\N	0	0	5.00	0.00	\N	\N	\N	\N
36	2023	BMW X3	5UX53DP04P9R11818	TRANSFERRED	2025-04-22	396.25	1	10	1	\N	160.00	71.25	29	5	5.00	145.00	20.00	145.00	2025-05-25	29
26	2022	CHEVROLET MALIBU	1G1ZD5ST2NF121108	FLOATING	\N	180.00	3	8	\N	\N	160.00	0.00	0	0	5.00	0.00	20.00	\N	\N	\N
30	2021	GMC TERRAIN	3GKALVEV3ML391087	TRANSFERRED	2025-05-05	340.00	4	9	1	\N	160.00	70.00	16	5	5.00	80.00	30.00	80.00	2025-05-25	16
31	2021	CHEVROLET EQUINOX	2GNAXKEV2M6129264	TRANSFERRED	2025-05-05	340.00	4	9	1	\N	160.00	70.00	16	5	5.00	80.00	30.00	80.00	2025-05-25	16
35	2019	LINCOLN MKZ	3LN6L5LU2KR622238	TRANSFERRED	2025-04-22	396.25	1	10	1	\N	160.00	71.25	29	5	5.00	145.00	20.00	145.00	2025-05-25	29
34	2018	AUDI Q5	WA1BNAFYXJ2011763	TRANSFERRED	2025-04-22	396.25	6	10	1	\N	160.00	71.25	29	5	5.00	145.00	20.00	145.00	2025-05-25	29
48	2021	LEXUS UX 250H	JTHR9JBH2M2049747	TRANSFERRED	2025-04-22	420.00	1	14	1	\N	160.00	95.00	29	5	5.00	145.00	20.00	145.00	2025-05-25	29
27	2024	CHEVROLET EQUINOX	3GNAXHEG6RL232095	FLOATING	\N	180.00	3	8	\N	\N	160.00	0.00	0	0	5.00	0.00	20.00	\N	\N	\N
28	2023	CHEVROLET EQUINOX	3GNAXHEG0PL235734	FLOATING	\N	180.00	3	8	\N	\N	160.00	0.00	0	0	5.00	0.00	20.00	\N	\N	\N
12	2021	GMC TERRAIN	3GKALTEV8ML374533	TRANSFERRED	2025-04-03	240.00	4	3	1	\N	160.00	55.00	1	5	5.00	5.00	20.00	5.00	2025-04-08	1
45	2020	MERCEDES-BENZ	4JGFB4KB8LA212262	TRANSFERRED	2025-04-19	250.00	1	13	1	\N	160.00	70.00	0	5	5.00	0.00	20.00	0.00	2025-04-23	0
47	2019	AUDI Q8	WA1FVAF12KD038854	TRANSFERRED	2025-04-22	420.00	1	14	1	\N	160.00	95.00	29	5	5.00	145.00	20.00	145.00	2025-05-25	29
46	2018	FORD FUSION	3FA6P0RU4JR214153	TRANSFERRED	2025-04-22	420.00	1	14	1	\N	160.00	95.00	29	5	5.00	145.00	20.00	145.00	2025-05-25	29
21	2018	VOLVO XC90	YV4A22PL3J1215620	TRANSFERRED	2025-04-20	280.00	1	6	1	\N	160.00	95.00	0	5	5.00	0.00	25.00	0.00	2025-04-23	0
44	2018	AUDI A6	WAUG8AFCXJN009191	TRANSFERRED	2025-04-19	250.00	1	13	1	\N	160.00	70.00	0	5	5.00	0.00	20.00	0.00	2025-04-23	0
20	2019	PORSCHE CAYENNE	WP1AE2AY3KDA50424	TRANSFERRED	2025-04-20	280.00	1	6	1	\N	160.00	95.00	0	5	5.00	0.00	25.00	0.00	2025-04-23	0
43	2020	AUDI Q8	WA1EVAF12LD025213	TRANSFERRED	2025-04-19	250.00	1	13	1	\N	160.00	70.00	0	5	5.00	0.00	20.00	0.00	2025-04-23	0
29	2017	FIAT SPIDER	JC1NFAEK8H0124353	FLOATING	\N	0.00	3	8	\N	\N	\N	\N	0	0	5.00	0.00	\N	\N	\N	\N
10	2024	SUBARU OUTBACK	4S4BTADC9R3262911	TRANSFERRED	2025-04-03	260.00	5	3	1	\N	160.00	0.00	16	5	5.00	80.00	20.00	80.00	2025-04-23	16
22	2021	CHEVROLET MALIBU	1G1ZD5ST8MF083687	FLOATING	\N	180.00	4	7	1	\N	160.00	0.00	0	0	5.00	0.00	20.00	\N	\N	\N
14	2021	FORD ESCAPE	1FMCU9H61MUA0787	TRANSFERRED	2025-04-03	340.75	4	4	1	\N	160.00	55.75	21	0	5.00	105.00	20.00	105.00	2025-04-23	21
15	2019	FORD ECOSPORT	MAJ3S2KE7KC283211	TRANSFERRED	2025-04-03	340.75	4	4	1	\N	160.00	55.75	21	0	5.00	105.00	20.00	105.00	2025-04-23	21
16	2022	HONDA CIVIC	JHMFE1F7XNX004012	TRANSFERRED	2025-04-03	340.75	4	4	1	\N	160.00	55.75	21	0	5.00	105.00	20.00	105.00	2025-04-23	21
13	2021	BUICK ENCORE	KL4MMDS21MB129932	TRANSFERRED	2025-04-03	340.75	4	4	1	\N	160.00	55.75	21	0	5.00	105.00	20.00	105.00	2025-04-23	21
19	2018	FORD FUSION	3FA6P0RU2JR192248	TRANSFERRED	2025-04-20	280.00	1	6	1	\N	160.00	95.00	0	5	5.00	0.00	25.00	0.00	2025-04-23	0
80	2013	FORD FUSION	3FA6P0PU2DR282331	IN_PORT	\N	180.00	7	24	1	\N	150.00	0.00	0	5	5.00	0.00	30.00	\N	\N	\N
59	2021	TOYOTA VENZA	JTEAAAAH0MJ077488	UNLOADED	2025-05-26	260.00	1	17	1	\N	160.00	70.00	0	5	5.00	0.00	30.00	\N	\N	\N
60	2018	HONDA CLARITY	JHMZC5F11JC012961	UNLOADED	2025-05-26	260.00	1	17	1	\N	160.00	70.00	0	5	5.00	0.00	30.00	\N	\N	\N
70	2022	HONDA C-RV	5J6RT6H51NL047667	IN_PORT	\N	180.00	1	22	1	\N	160.00	0.00	0	5	5.00	0.00	20.00	\N	\N	\N
32	2021	FORD ESCAPE	1FMCU9H66MUB23472	TRANSFERRED	2025-05-05	340.00	4	9	1	\N	160.00	70.00	16	5	5.00	80.00	30.00	80.00	2025-05-25	16
33	2020	FORD ESCAPE	1FMCU9G68LUC35948	TRANSFERRED	2025-05-05	340.00	4	9	1	\N	160.00	70.00	16	5	5.00	80.00	30.00	80.00	2025-05-25	16
50	2024	TESLA 3	5YJ3E1ET7RF833624	TRANSFERRED	2025-05-20	275.00	1	15	1	\N	160.00	80.00	1	5	5.00	5.00	30.00	5.00	2025-05-25	1
77	2022	FORD ESCAPE	1FMCU0G64NUB52354	IN_PORT	\N	190.00	4	24	1	\N	160.00	0.00	0	5	5.00	0.00	30.00	\N	\N	\N
78	2022	GMC TERRAIN	3GKALTEV3NL172510	IN_PORT	\N	190.00	4	24	1	\N	160.00	0.00	0	5	5.00	0.00	30.00	\N	\N	\N
79	2022	GMC TERRAIN	3GKALMEVXNL286302	IN_PORT	\N	190.00	4	24	1	\N	160.00	0.00	0	5	5.00	0.00	30.00	\N	\N	\N
81	2019	FORD ECOSPORT	MAJ6S3KL7KC306861	IN_PORT	\N	180.00	1	25	1	\N	160.00	0.00	0	5	5.00	0.00	20.00	\N	\N	\N
82	2020	HYUNDAI TUCSON	KM8J33A49LU149966	IN_PORT	\N	180.00	1	25	1	\N	160.00	0.00	0	5	5.00	0.00	20.00	\N	\N	\N
83	2018	VOLVO S90	LVY982MK9JP021101	IN_PORT	\N	180.00	4	25	1	\N	160.00	0.00	0	5	5.00	0.00	20.00	\N	\N	\N
84	2021	HARLEY-DAVIDSON	1HD1PXL1XMB950341	IN_PORT	\N	180.00	7	25	1	\N	160.00	0.00	0	5	5.00	0.00	20.00	\N	\N	\N
62	2020	VW JETTA	3VWC57BU1LM083010	UNLOADED	2025-05-26	270.00	4	18	1	\N	160.00	70.00	0	5	5.00	0.00	40.00	\N	\N	\N
63	2021	CHEVROLET EQUINOX	2GNAXTEV5M6106860	UNLOADED	2025-05-26	270.00	4	18	1	\N	160.00	70.00	0	5	5.00	0.00	40.00	\N	\N	\N
64	2021	CHEVROLET EQUINOX	2GNAXNEV6M6104661	UNLOADED	2025-05-26	270.00	4	18	1	\N	160.00	70.00	0	5	5.00	0.00	40.00	\N	\N	\N
61	2021	HONDA ACCORD	1HGCV1F41MA040538	UNLOADED	2025-05-26	270.00	4	18	1	\N	160.00	70.00	0	5	5.00	0.00	40.00	\N	\N	\N
51	2018	AUDI Q5	WA1BNAFY5J2247401	TRANSFERRED	2025-05-20	275.00	1	15	1	\N	160.00	80.00	1	5	5.00	5.00	30.00	5.00	2025-05-25	1
71	2018	BMW 5	WBAJA9C55JG622936	IN_PORT	\N	180.00	1	22	1	\N	160.00	0.00	0	5	5.00	0.00	20.00	\N	\N	\N
72	2017	FORD FUSION	3FA6P0SU8HR215570	IN_PORT	\N	180.00	1	22	1	\N	160.00	0.00	0	5	5.00	0.00	20.00	\N	\N	\N
73	2022	VW JETTA	3VWGM7BU3NM024094	IN_PORT	\N	180.00	4	22	1	\N	160.00	0.00	0	5	5.00	0.00	20.00	\N	\N	\N
67	2020	BMW 330I	3MW5R7J00L8B16356	UNLOADED	2025-05-26	260.00	1	19	1	\N	160.00	70.00	0	5	5.00	0.00	30.00	\N	\N	\N
65	2023	CHEVROLET EQUINOX	3GNAXUEG4PS156484	UNLOADED	2025-05-26	260.00	5	19	1	\N	160.00	70.00	0	5	5.00	0.00	30.00	\N	\N	\N
66	2019	LAND ROVER	SALYL2EX9KA204782	UNLOADED	2025-05-26	260.00	1	19	1	\N	160.00	70.00	0	5	5.00	0.00	30.00	\N	\N	\N
68	2022	MERCEDEZ	W1KAF4HBXNR044290	UNLOADED	2025-05-26	260.00	1	19	1	\N	160.00	70.00	0	5	5.00	0.00	30.00	\N	\N	\N
52	2018	NISSAN LEAF	1N4AZ1CP8JC300481	TRANSFERRED	2025-05-20	275.00	4	15	1	\N	160.00	80.00	1	5	5.00	5.00	30.00	5.00	2025-05-25	1
74	2019	FORD ESCAPE	1FMCU0GD6KUC23645	IN_PORT	\N	180.00	1	23	1	\N	160.00	0.00	0	5	5.00	0.00	20.00	\N	\N	\N
75	2023	BMW X5	5UXTA6C02P9N52449	IN_PORT	\N	180.00	1	23	1	\N	160.00	0.00	0	5	5.00	0.00	20.00	\N	\N	\N
76	2023	BMW X5	5UXTA6C03P9N68546	IN_PORT	\N	180.00	1	23	1	\N	160.00	0.00	0	5	5.00	0.00	20.00	\N	\N	\N
53	2021	GMC TERRAIN	3GKALVEV2ML345721	UNLOADED	2025-05-26	260.00	4	16	1	\N	160.00	70.00	0	5	5.00	0.00	30.00	\N	\N	\N
54	2021	CHEVROLET MALIBU	1G1ZD5ST3MF048359	UNLOADED	2025-05-26	260.00	4	16	1	\N	160.00	70.00	0	5	5.00	0.00	30.00	\N	\N	\N
55	2017	BMW X3	5UXWX9C52H0T15586	UNLOADED	2025-05-26	260.00	7	16	1	\N	160.00	70.00	0	5	5.00	0.00	30.00	\N	\N	\N
56	2018	HONDA CRV	2HKRW6H36JH208721	UNLOADED	2025-05-26	260.00	7	16	1	\N	160.00	70.00	0	5	5.00	0.00	30.00	\N	\N	\N
37	2021	BMW 330XE	3MW5P9J01M8B79100	TRANSFERRED	2025-04-22	396.25	1	10	1	\N	160.00	71.25	29	5	5.00	145.00	20.00	145.00	2025-05-25	29
\.


--
-- Data for Name: core_client; Type: TABLE DATA; Schema: public; Owner: arturas
--

COPY public.core_client (id, name, card_balance, cash_balance, debt) FROM stdin;
2	EnergyHub	0.00	0.00	0.00
3	ANDR SAV	0.00	0.00	0.00
4	BEL OFFICE	0.00	0.00	0.00
5	Николай Бежан	0.00	0.00	0.00
6	Неизвестный	0.00	0.00	0.00
7	LTU OFFICE	0.00	0.00	0.00
1	MDV OFFICE	0.00	0.00	-20.00
\.


--
-- Data for Name: core_container; Type: TABLE DATA; Schema: public; Owner: arturas
--

COPY public.core_container (id, number, status, eta, customs_procedure, ths, sklad, days, dekl, unload_date, client_id, line_id, warehouse_id, free_days, rate, storage_cost, proft, notes) FROM stdin;
11	TCKU7396980	FLOATING	2025-04-18	TRANSIT	\N	160.00	0	\N	\N	4	2	1	0	5.00	0.00	20.00	
12	HASU4771580	FLOATING	2025-04-19	TRANSIT	\N	160.00	0	\N	\N	4	1	1	0	5.00	0.00	20.00	
13	FFAU6275862	TRANSFERRED	2025-04-08	TRANSIT	210.00	160.00	0	\N	2025-04-19	1	2	1	5	5.00	0.00	20.00	
18	CAAU9036390	UNLOADED	2025-05-20	TRANSIT	280.00	160.00	0	\N	2025-05-26	4	1	1	5	5.00	0.00	40.00	
24	MRKU2022830	IN_PORT	2025-05-22	\N	\N	160.00	0	\N	\N	\N	1	1	5	5.00	0.00	30.00	Три машины BLR, одна LTU
19	HASU4262073	UNLOADED	2025-05-20	\N	280.00	160.00	0	\N	2025-05-26	\N	1	1	5	5.00	0.00	30.00	
6	MRSU6832196	TRANSFERRED	2025-04-07	TRANSIT	285.00	160.00	0	\N	2025-04-20	1	1	1	5	5.00	0.00	25.00	
3	BMOU6410323	TRANSFERRED	2025-04-01	TRANSIT	\N	160.00	0	\N	2025-04-03	\N	4	1	5	5.00	0.00	20.00	
16	SUDU8905020	UNLOADED	2025-05-20	TRANSIT	280.00	160.00	0	\N	2025-05-26	\N	1	1	5	5.00	0.00	30.00	
4	TLLU4955490	TRANSFERRED	2025-04-01	TRANSIT	223.00	160.00	0	\N	2025-04-03	4	4	1	0	5.00	0.00	20.00	
5	TRHU6810414	TRANSFERRED	2025-04-14	REEXPORT	280.00	150.00	0	\N	2025-04-24	2	5	1	5	5.00	0.00	20.00	
9	MAEU9231097	TRANSFERRED	2025-04-13	TRANSIT	280.00	160.00	0	\N	2025-05-05	4	1	1	5	5.00	0.00	30.00	
8	PONU8040962	FLOATING	2025-04-07	TRANSIT	\N	160.00	0	\N	\N	3	1	\N	0	5.00	0.00	20.00	
10	MRSU6087154	TRANSFERRED	2025-04-14	TRANSIT	285.00	160.00	0	\N	2025-04-22	1	1	1	5	5.00	0.00	20.00	
7	MRKU2766447	FLOATING	2025-04-07	TRANSIT	\N	160.00	0	\N	\N	\N	1	1	0	5.00	0.00	20.00	
14	CAAU8462107	TRANSFERRED	2025-04-17	TRANSIT	285.00	160.00	0	\N	2025-04-22	1	1	1	5	5.00	0.00	20.00	
15	MRSU5659960	TRANSFERRED	2025-05-18	TRANSIT	320.00	160.00	0	\N	2025-05-20	\N	1	1	5	5.00	0.00	30.00	
22	MRSU3338723	IN_PORT	2025-05-22	\N	\N	160.00	0	\N	\N	\N	1	1	5	5.00	0.00	20.00	Три машины MDA, одна BLR
23	TCKU7644325	IN_PORT	2025-05-22	\N	\N	160.00	0	\N	\N	1	1	1	5	5.00	0.00	20.00	
25	TGHU6446260	IN_PORT	2025-05-22	\N	\N	160.00	0	\N	\N	\N	1	1	5	5.00	0.00	20.00	
17	CAAU7180006	UNLOADED	2025-05-20	TRANSIT	280.00	160.00	0	\N	2025-05-26	1	1	1	5	5.00	0.00	30.00	
\.


--
-- Data for Name: core_declaration; Type: TABLE DATA; Schema: public; Owner: arturas
--

COPY public.core_declaration (id, number, customs_procedure, date, container_id) FROM stdin;
\.


--
-- Data for Name: core_invoice; Type: TABLE DATA; Schema: public; Owner: arturas
--

COPY public.core_invoice (id, number, total_amount, issue_date, paid, client_id, is_outgoing, warehouse_id) FROM stdin;
217	0001	1590.00	2025-05-20	t	1	f	\N
221	0002	2448.75	2025-05-20	f	1	f	\N
226	0003	550.00	2025-05-20	t	1	f	\N
\.


--
-- Data for Name: core_invoice_cars; Type: TABLE DATA; Schema: public; Owner: arturas
--

COPY public.core_invoice_cars (id, invoice_id, car_id) FROM stdin;
1053	226	50
997	217	19
1057	226	49
1070	221	35
1071	221	36
1072	221	46
1009	217	43
1010	217	44
1011	217	45
1012	217	20
1013	217	21
1073	221	47
1074	221	48
1026	221	37
\.


--
-- Data for Name: core_line; Type: TABLE DATA; Schema: public; Owner: arturas
--

COPY public.core_line (id, name) FROM stdin;
1	MAERSK
2	OOCL
3	MSC
4	CMA
5	ONE
\.


--
-- Data for Name: core_payment; Type: TABLE DATA; Schema: public; Owner: arturas
--

COPY public.core_payment (id, amount, payment_type, date, recipient, invoice_id, payer_id, from_balance, from_cash_balance, description) FROM stdin;
70	1335.00	CARD	2025-05-20	Caromoto Lithuania	217	1	f	f	
71	1300.00	CARD	2025-05-20	Caromoto Lithuania	217	1	f	f	
72	1045.00	BALANCE	2025-05-20	Caromoto Lithuania	217	1	t	f	
74	1200.00	BALANCE	2025-05-20	Caromoto Lithuania	226	1	t	f	
\.


--
-- Data for Name: core_warehouse; Type: TABLE DATA; Schema: public; Owner: arturas
--

COPY public.core_warehouse (id, name) FROM stdin;
1	NETO
2	AVSLS
3	TTG
\.


--
-- Data for Name: django_admin_log; Type: TABLE DATA; Schema: public; Owner: arturas
--

COPY public.django_admin_log (id, action_time, object_id, object_repr, action_flag, change_message, content_type_id, user_id) FROM stdin;
1	2025-03-07 23:00:47.528294+02	1	NETO	1	[{"added": {}}]	13	1
2	2025-03-07 23:00:57.658632+02	2	AVSLS	1	[{"added": {}}]	13	1
3	2025-03-07 23:01:04.943998+02	3	TTG	1	[{"added": {}}]	13	1
4	2025-03-07 23:01:22.448583+02	1	Вадим Молдова	1	[{"added": {}}]	9	1
5	2025-03-07 23:01:39.110877+02	2	EnergyHub	1	[{"added": {}}]	9	1
6	2025-03-07 23:01:55.437738+02	3	ANDR SAV	1	[{"added": {}}]	9	1
7	2025-03-07 23:02:14.881969+02	4	BEL OFFICE	1	[{"added": {}}]	9	1
8	2025-03-07 23:02:28.640772+02	1	MAERSK	1	[{"added": {}}]	8	1
9	2025-03-07 23:02:33.771366+02	2	OOCL	1	[{"added": {}}]	8	1
10	2025-03-07 23:02:41.10982+02	3	MSC	1	[{"added": {}}]	8	1
11	2025-03-07 23:02:46.137271+02	4	CMA	1	[{"added": {}}]	8	1
12	2025-03-07 23:02:50.209127+02	5	ONE	1	[{"added": {}}]	8	1
13	2025-03-07 23:09:40.84222+02	1	FREGTUDS9889	1	[{"added": {}}, {"added": {"name": "car", "object": "LEXUS (88888888888888888)"}}]	12	1
14	2025-03-07 23:11:49.921884+02	1	FREGTUDS9889	2	[{"added": {"name": "car", "object": "MAZDA (77777777777777777)"}}]	12	1
15	2025-03-08 00:38:18.678612+02	1	FREGTUDS9889	2	[{"deleted": {"name": "car", "object": "LEXUS (88888888888888888)"}}, {"deleted": {"name": "car", "object": "MAZDA (77777777777777777)"}}]	12	1
16	2025-03-08 00:38:55.678421+02	1	FREGTUDS9889	2	[]	12	1
17	2025-03-08 00:45:18.532265+02	1	FREGTUDS9889	2	[{"added": {"name": "car", "object": "MAZDA CX-7 (54674766363637378)"}}]	12	1
18	2025-03-08 00:55:28.384672+02	1	FREGTUDS9889	2	[{"added": {"name": "car", "object": "LEXUS NORMAS TAKOI (648488HDJDHUJDHDD)"}}, {"changed": {"name": "car", "object": "MAZDA CX-7 (54674766363637378)", "fields": ["\\u0421\\u0442\\u0430\\u0442\\u0443\\u0441", "\\u0421\\u043a\\u043b\\u0430\\u0434", "\\u0414\\u0430\\u0442\\u0430 \\u0440\\u0430\\u0437\\u0433\\u0440\\u0443\\u0437\\u043a\\u0438"]}}]	12	1
19	2025-03-08 00:56:19.434132+02	1	FREGTUDS9889	2	[{"changed": {"fields": ["\\u0421\\u0442\\u0430\\u0442\\u0443\\u0441", "\\u0421\\u043a\\u043b\\u0430\\u0434", "\\u0414\\u0430\\u0442\\u0430 \\u0440\\u0430\\u0437\\u0433\\u0440\\u0443\\u0437\\u043a\\u0438"]}}, {"added": {"name": "car", "object": "LINCOLN AUREN (46788984874774774)"}}]	12	1
20	2025-03-08 00:59:20.807709+02	1	FREGTUDS9889	2	[{"changed": {"fields": ["DAYS"]}}, {"changed": {"name": "car", "object": "MAZDA CX-7 (54674766363637378)", "fields": ["\\u0421\\u0442\\u0430\\u0442\\u0443\\u0441", "\\u0421\\u043a\\u043b\\u0430\\u0434", "\\u0414\\u0430\\u0442\\u0430 \\u0440\\u0430\\u0437\\u0433\\u0440\\u0443\\u0437\\u043a\\u0438"]}}, {"changed": {"name": "car", "object": "LEXUS NORMAS TAKOI (648488HDJDHUJDHDD)", "fields": ["\\u0421\\u0442\\u0430\\u0442\\u0443\\u0441", "\\u0421\\u043a\\u043b\\u0430\\u0434", "\\u0414\\u0430\\u0442\\u0430 \\u0440\\u0430\\u0437\\u0433\\u0440\\u0443\\u0437\\u043a\\u0438"]}}]	12	1
21	2025-03-08 01:00:06.348408+02	1	FREGTUDS9889	2	[{"changed": {"fields": ["\\u0421\\u043a\\u043b\\u0430\\u0434"]}}]	12	1
22	2025-03-08 01:00:42.192272+02	1	FREGTUDS9889	2	[{"changed": {"fields": ["ETA", "\\u0414\\u0430\\u0442\\u0430 \\u0440\\u0430\\u0437\\u0433\\u0440\\u0443\\u0437\\u043a\\u0438"]}}]	12	1
23	2025-03-08 01:00:47.942315+02	1	FREGTUDS9889	2	[]	12	1
24	2025-03-10 20:04:52.746256+02	1	FREGTUDS9889	2	[{"changed": {"fields": ["\\u0414\\u0430\\u0442\\u0430 \\u0440\\u0430\\u0437\\u0433\\u0440\\u0443\\u0437\\u043a\\u0438"]}}]	12	1
25	2025-03-10 20:20:20.986285+02	1	FREGTUDS9889	2	[{"changed": {"fields": ["ETA", "\\u0414\\u0430\\u0442\\u0430 \\u0440\\u0430\\u0437\\u0433\\u0440\\u0443\\u0437\\u043a\\u0438"]}}]	12	1
26	2025-03-10 23:07:29.856248+02	1	FREGTUDS9889	2	[{"changed": {"name": "car", "object": "MAZDA CX-7 (54674766363637378)", "fields": ["\\u0413\\u043e\\u0434 \\u0432\\u044b\\u043f\\u0443\\u0441\\u043a\\u0430"]}}]	12	1
27	2025-03-11 00:16:06.820254+02	1	1	1	[{"added": {}}]	16	1
28	2025-03-11 00:16:58.448808+02	1	500 (CASH)	1	[{"added": {}}]	15	1
29	2025-03-11 00:17:29.083427+02	1	500.00 (CASH)	2	[]	15	1
30	2025-03-11 15:19:17.546849+02	1	FREGTUDS9889	2	[{"changed": {"fields": ["THS"]}}]	12	1
31	2025-03-11 15:20:37.170272+02	1	FREGTUDS9889	2	[{"changed": {"name": "car", "object": "MAZDA CX-7 (54674766363637378)", "fields": ["\\u0421\\u0442\\u0430\\u0442\\u0443\\u0441"]}}, {"changed": {"name": "car", "object": "LEXUS NORMAS TAKOI (648488HDJDHUJDHDD)", "fields": ["\\u0421\\u0442\\u0430\\u0442\\u0443\\u0441", "\\u0421\\u043a\\u043b\\u0430\\u0434", "\\u0414\\u0430\\u0442\\u0430 \\u0440\\u0430\\u0437\\u0433\\u0440\\u0443\\u0437\\u043a\\u0438"]}}, {"changed": {"name": "car", "object": "LINCOLN AUREN (46788984874774774)", "fields": ["\\u0421\\u0442\\u0430\\u0442\\u0443\\u0441", "\\u0421\\u043a\\u043b\\u0430\\u0434", "\\u0414\\u0430\\u0442\\u0430 \\u0440\\u0430\\u0437\\u0433\\u0440\\u0443\\u0437\\u043a\\u0438"]}}]	12	1
32	2025-03-11 15:21:45.39475+02	1	FREGTUDS9889	2	[{"changed": {"fields": ["THS"]}}]	12	1
33	2025-03-11 15:22:42.862653+02	1	FREGTUDS9889	2	[{"changed": {"fields": ["\\u0421\\u0442\\u0430\\u0442\\u0443\\u0441"]}}]	12	1
34	2025-03-11 15:23:14.781307+02	1	FREGTUDS9889	2	[]	12	1
35	2025-03-11 15:23:36.502438+02	1	FREGTUDS9889	2	[{"changed": {"name": "car", "object": "MAZDA CX-7 (54674766363637378)", "fields": ["\\u0421\\u0442\\u0430\\u0442\\u0443\\u0441"]}}, {"changed": {"name": "car", "object": "LEXUS NORMAS TAKOI (648488HDJDHUJDHDD)", "fields": ["\\u0421\\u0442\\u0430\\u0442\\u0443\\u0441"]}}, {"changed": {"name": "car", "object": "LINCOLN AUREN (46788984874774774)", "fields": ["\\u0421\\u0442\\u0430\\u0442\\u0443\\u0441"]}}]	12	1
36	2025-03-11 15:25:17.630314+02	4	LEXUS NORMAS TAKOI (648488HDJDHUJDH77)	2	[{"changed": {"fields": ["VIN"]}}]	10	1
37	2025-03-11 16:05:16.079893+02	1	FREGTUDS9889	2	[]	12	1
38	2025-03-11 16:08:24.984389+02	1	FREGTUDS9889	2	[{"changed": {"fields": ["THS", "SKLAD", "PROF"]}}]	12	1
39	2025-03-11 16:28:10.578271+02	1	FREGTUDS9889	2	[]	12	1
40	2025-03-11 16:29:26.797172+02	1	FREGTUDS9889	2	[]	12	1
41	2025-03-11 16:32:55.358749+02	1	FREGTUDS9889	2	[{"changed": {"fields": ["\\u0414\\u0430\\u0442\\u0430 \\u0440\\u0430\\u0437\\u0433\\u0440\\u0443\\u0437\\u043a\\u0438"]}}]	12	1
42	2025-03-11 16:58:09.065456+02	1	FREGTUDS9889	2	[{"changed": {"name": "car", "object": "LEXUS NORMAS TAKOI (648488HDJDHUJDH77)", "fields": ["SKLAD"]}}]	12	1
43	2025-03-11 16:58:40.38332+02	1	FREGTUDS9889	2	[]	12	1
44	2025-03-11 17:42:31.793648+02	1	FREGTUDS9889	2	[{"changed": {"name": "car", "object": "LEXUS NORMAS TAKOI (648488HDJDHUJDH77)", "fields": ["THS", "SKLAD", "PROF", "\\u0418\\u0442\\u043e\\u0433\\u043e\\u0432\\u0430\\u044f \\u0446\\u0435\\u043d\\u0430"]}}, {"changed": {"name": "car", "object": "LINCOLN AUREN (46788984874774774)", "fields": ["THS", "SKLAD", "PROF", "\\u0418\\u0442\\u043e\\u0433\\u043e\\u0432\\u0430\\u044f \\u0446\\u0435\\u043d\\u0430"]}}]	12	1
45	2025-03-11 17:42:43.869743+02	1	FREGTUDS9889	2	[{"changed": {"fields": ["SKLAD"]}}]	12	1
46	2025-03-11 17:43:22.805341+02	1	FREGTUDS9889	2	[{"changed": {"fields": ["THS"]}}, {"changed": {"name": "car", "object": "MAZDA CX-7 (54674766363637378)", "fields": ["SKLAD"]}}]	12	1
47	2025-03-11 17:43:55.026329+02	1	FREGTUDS9889	2	[{"changed": {"fields": ["THS"]}}]	12	1
48	2025-03-11 17:44:41.654848+02	5	LINCOLN AUREN (46788984874774774)	2	[{"changed": {"fields": ["DEKL"]}}]	10	1
49	2025-03-11 18:00:26.334925+02	1	FREGTUDS9889	2	[{"changed": {"fields": ["\\u0411\\u0435\\u0441\\u043f\\u043b\\u0430\\u0442\\u043d\\u044b\\u0435 \\u0434\\u043d\\u0438"]}}]	12	1
225	2025-03-29 21:03:29.325223+02	10	000008 (Ждём оплату)	3		16	1
50	2025-03-11 18:01:39.01944+02	1	FREGTUDS9889	2	[{"changed": {"name": "car", "object": "MAZDA CX-7 (54674766363637378)", "fields": ["DAYS"]}}, {"changed": {"name": "car", "object": "LEXUS NORMAS TAKOI (648488HDJDHUJDH77)", "fields": ["DAYS"]}}, {"changed": {"name": "car", "object": "LINCOLN AUREN (46788984874774774)", "fields": ["DAYS"]}}]	12	1
51	2025-03-11 18:01:54.087939+02	1	FREGTUDS9889	2	[{"changed": {"fields": ["\\u0411\\u0435\\u0441\\u043f\\u043b\\u0430\\u0442\\u043d\\u044b\\u0435 \\u0434\\u043d\\u0438"]}}]	12	1
52	2025-03-11 18:59:49.683645+02	1	FREGTUDS9889	2	[]	12	1
53	2025-03-11 19:02:16.147169+02	1	FREGTUDS9889	2	[{"changed": {"fields": ["THS", "SKLAD"]}}]	12	1
54	2025-03-11 19:02:48.082526+02	5	LINCOLN AUREN (46788984874774774)	2	[{"changed": {"fields": ["SKLAD"]}}]	10	1
55	2025-03-11 19:03:49.176777+02	1	FREGTUDS9889	2	[{"changed": {"fields": ["THS", "SKLAD"]}}]	12	1
56	2025-03-11 19:05:27.472014+02	1	FREGTUDS9889	2	[{"changed": {"fields": ["SKLAD"]}}]	12	1
57	2025-03-11 19:10:30.399997+02	1	FREGTUDS9889	2	[{"changed": {"fields": ["\\u0414\\u0430\\u0442\\u0430 \\u0440\\u0430\\u0437\\u0433\\u0440\\u0443\\u0437\\u043a\\u0438"]}}]	12	1
58	2025-03-11 19:13:27.019398+02	1	FREGTUDS9889	2	[]	12	1
59	2025-03-11 19:16:08.742549+02	1	FREGTUDS9889	2	[{"changed": {"fields": ["THS", "SKLAD", "DEKL", "PROF", "\\u0421\\u0442\\u0430\\u0432\\u043a\\u0430"]}}]	12	1
60	2025-03-11 19:19:08.302641+02	1	FREGTUDS9889	2	[]	12	1
61	2025-03-11 19:20:02.605113+02	1	FREGTUDS9889	2	[{"changed": {"fields": ["THS", "SKLAD", "DEKL"]}}]	12	1
62	2025-03-11 19:22:22.387242+02	1	FREGTUDS9889	2	[]	12	1
63	2025-03-11 19:22:31.785818+02	1	FREGTUDS9889	2	[]	12	1
64	2025-03-11 19:23:14.390803+02	1	FREGTUDS9889	2	[]	12	1
65	2025-03-11 19:24:01.757974+02	1	FREGTUDS9889	2	[]	12	1
66	2025-03-11 19:24:25.97006+02	1	FREGTUDS9889	2	[]	12	1
67	2025-03-11 19:27:09.345607+02	1	FREGTUDS9889	2	[]	12	1
68	2025-03-11 19:27:29.59879+02	1	FREGTUDS9889	2	[{"changed": {"fields": ["THS"]}}]	12	1
69	2025-03-11 19:31:58.083893+02	1	FREGTUDS9889	2	[{"changed": {"fields": ["\\u0421\\u0442\\u0430\\u0442\\u0443\\u0441", "THS", "SKLAD", "DEKL"]}}]	12	1
70	2025-03-11 19:32:28.788693+02	1	FREGTUDS9889	2	[{"changed": {"fields": ["\\u0414\\u0430\\u0442\\u0430 \\u0440\\u0430\\u0437\\u0433\\u0440\\u0443\\u0437\\u043a\\u0438"]}}]	12	1
71	2025-03-11 19:33:06.160908+02	1	FREGTUDS9889	2	[]	12	1
72	2025-03-11 19:42:15.079517+02	1	FREGTUDS9889	2	[{"changed": {"fields": ["THS", "SKLAD", "DEKL"]}}]	12	1
73	2025-03-11 19:42:43.871672+02	1	FREGTUDS9889	2	[{"changed": {"fields": ["\\u0421\\u0442\\u0430\\u0432\\u043a\\u0430"]}}]	12	1
74	2025-03-11 19:43:18.276408+02	1	FREGTUDS9889	2	[{"changed": {"fields": ["\\u0421\\u0442\\u0430\\u0442\\u0443\\u0441"]}}]	12	1
75	2025-03-11 19:43:35.268518+02	1	FREGTUDS9889	2	[{"changed": {"fields": ["\\u0421\\u043a\\u043b\\u0430\\u0434"]}}]	12	1
76	2025-03-11 19:43:52.995444+02	1	FREGTUDS9889	2	[{"changed": {"fields": ["\\u0414\\u0430\\u0442\\u0430 \\u0440\\u0430\\u0437\\u0433\\u0440\\u0443\\u0437\\u043a\\u0438"]}}]	12	1
77	2025-03-11 19:49:00.667411+02	5	LINCOLN AUREN (46788984874774774)	2	[{"changed": {"fields": ["\\u0421\\u0442\\u0430\\u0442\\u0443\\u0441", "\\u0421\\u043a\\u043b\\u0430\\u0434"]}}]	10	1
78	2025-03-11 19:49:37.096613+02	1	FREGTUDS9889	2	[{"changed": {"fields": ["\\u0421\\u0442\\u0430\\u0442\\u0443\\u0441", "\\u0421\\u043a\\u043b\\u0430\\u0434", "\\u0414\\u0430\\u0442\\u0430 \\u0440\\u0430\\u0437\\u0433\\u0440\\u0443\\u0437\\u043a\\u0438"]}}]	12	1
79	2025-03-11 19:50:41.525628+02	1	FREGTUDS9889	2	[{"changed": {"fields": ["ETA"]}}]	12	1
80	2025-03-11 19:52:23.419297+02	1	FREGTUDS9889	2	[]	12	1
81	2025-03-11 19:53:09.644966+02	1	FREGTUDS9889	2	[{"changed": {"fields": ["\\u0414\\u0430\\u0442\\u0430 \\u0440\\u0430\\u0437\\u0433\\u0440\\u0443\\u0437\\u043a\\u0438"]}}]	12	1
82	2025-03-11 19:57:08.131153+02	1	FREGTUDS9889	2	[]	12	1
83	2025-03-11 19:57:49.708973+02	1	FREGTUDS9889	2	[{"changed": {"fields": ["\\u0414\\u0430\\u0442\\u0430 \\u0440\\u0430\\u0437\\u0433\\u0440\\u0443\\u0437\\u043a\\u0438"]}}]	12	1
84	2025-03-11 19:59:37.987312+02	1	FREGTUDS9889	2	[{"changed": {"fields": ["\\u0421\\u0442\\u0430\\u0442\\u0443\\u0441", "THS", "SKLAD", "DEKL", "PROF", "\\u0421\\u043a\\u043b\\u0430\\u0434"]}}]	12	1
85	2025-03-11 20:01:51.736889+02	5	LINCOLN AUREN (46788984874774774)	2	[{"changed": {"fields": ["\\u0421\\u0442\\u0430\\u0442\\u0443\\u0441"]}}]	10	1
86	2025-03-11 20:01:59.982697+02	5	LINCOLN AUREN (46788984874774774)	2	[{"changed": {"fields": ["\\u0421\\u0442\\u0430\\u0442\\u0443\\u0441"]}}]	10	1
87	2025-03-11 20:02:17.316936+02	1	FREGTUDS9889	2	[{"changed": {"fields": ["\\u0421\\u0442\\u0430\\u0442\\u0443\\u0441"]}}]	12	1
88	2025-03-11 20:03:16.397318+02	5	LINCOLN AUREN (46788984874774774)	2	[{"changed": {"fields": ["\\u0421\\u0442\\u0430\\u0432\\u043a\\u0430"]}}]	10	1
89	2025-03-11 20:03:46.734176+02	1	FREGTUDS9889	2	[{"changed": {"fields": ["\\u0421\\u0442\\u0430\\u0442\\u0443\\u0441"]}}]	12	1
90	2025-03-11 20:06:15.452878+02	1	FREGTUDS9889	2	[{"changed": {"fields": ["\\u041a\\u043b\\u0438\\u0435\\u043d\\u0442"]}}]	12	1
91	2025-03-11 21:05:08.420951+02	2	WH-001 (Исходящий)	1	[{"added": {}}]	16	1
92	2025-03-11 21:05:58.280058+02	2	WH-001 (Исходящий)	2	[]	16	1
93	2025-03-11 21:09:07.367999+02	1	FREGTUDS9889	2	[{"changed": {"fields": ["THS", "SKLAD", "DEKL", "PROF", "\\u0421\\u043a\\u043b\\u0430\\u0434", "\\u0421\\u0442\\u0430\\u0432\\u043a\\u0430"]}}]	12	1
94	2025-03-11 21:09:27.858593+02	1	FREGTUDS9889	2	[]	12	1
95	2025-03-11 21:10:19.439887+02	1	FREGTUDS9889	2	[{"changed": {"fields": ["\\u041a\\u043b\\u0438\\u0435\\u043d\\u0442"]}}]	12	1
96	2025-03-11 21:11:46.150661+02	1	FREGTUDS9889	2	[{"changed": {"name": "car", "object": "MAZDA CX-7 (54674766363637378)", "fields": ["\\u041a\\u043b\\u0438\\u0435\\u043d\\u0442"]}}, {"changed": {"name": "car", "object": "LEXUS NORMAS TAKOI (648488HDJDHUJDH77)", "fields": ["\\u041a\\u043b\\u0438\\u0435\\u043d\\u0442"]}}, {"changed": {"name": "car", "object": "LINCOLN AUREN (46788984874774774)", "fields": ["\\u041a\\u043b\\u0438\\u0435\\u043d\\u0442"]}}]	12	1
97	2025-03-11 21:18:10.598869+02	1	FREGTUDS9889	2	[]	12	1
98	2025-03-11 21:28:43.01656+02	4	LEXUS NORMAS TAKOI (648488HDJDHUJDH77)	2	[]	10	1
99	2025-03-11 22:46:27.88116+02	1	FREGTUDS9889	2	[{"changed": {"fields": ["\\u0421\\u0442\\u0430\\u0442\\u0443\\u0441"]}}]	12	1
100	2025-03-11 22:46:35.700155+02	1	FREGTUDS9889	2	[{"changed": {"fields": ["\\u0421\\u0442\\u0430\\u0442\\u0443\\u0441"]}}]	12	1
101	2025-03-12 00:22:26.613428+02	1	FREGTUDS9889	2	[{"changed": {"fields": ["THS", "SKLAD"]}}]	12	1
102	2025-03-15 15:59:49.719241+02	3	MAZDA CX-7 (54674766363637378)	2	[]	10	1
103	2025-03-15 18:57:37.166697+02	3	000003 (Ждём оплату)	1	[{"added": {}}]	16	1
104	2025-03-15 18:58:01.965856+02	3	000003 (Ждём оплату)	2	[]	16	1
105	2025-03-15 18:59:45.491978+02	4	000020 (Ждём оплату)	1	[{"added": {}}]	16	1
226	2025-03-29 21:03:29.325235+02	9	99 (Ждём оплату)	3		16	1
227	2025-03-29 21:03:29.325246+02	8	777 (Ждём оплату)	3		16	1
228	2025-03-29 21:03:29.325259+02	7	0000099999 (Ждём оплату)	3		16	1
229	2025-03-29 21:03:29.325271+02	6	LT493250032774740785 (Ждём оплату)	3		16	1
106	2025-03-15 19:03:01.324263+02	1	FREGTUDS9889	2	[{"changed": {"name": "car", "object": "MAZDA CX-7 (54674766363637378)", "fields": ["\\u041a\\u043b\\u0438\\u0435\\u043d\\u0442"]}}, {"changed": {"name": "car", "object": "LEXUS NORMAS TAKOI (648488HDJDHUJDH77)", "fields": ["\\u041a\\u043b\\u0438\\u0435\\u043d\\u0442"]}}, {"changed": {"name": "car", "object": "LINCOLN AUREN (46788984874774774)", "fields": ["\\u041a\\u043b\\u0438\\u0435\\u043d\\u0442"]}}]	12	1
107	2025-03-15 19:05:30.536316+02	3	000003 (Ждём оплату)	2	[{"changed": {"fields": ["\\u0410\\u0432\\u0442\\u043e\\u043c\\u043e\\u0431\\u0438\\u043b\\u0438"]}}]	16	1
108	2025-03-15 19:15:40.492943+02	1	1 (Ждём оплату)	2	[{"changed": {"fields": ["\\u0421\\u043a\\u043b\\u0430\\u0434", "\\u0410\\u0432\\u0442\\u043e\\u043c\\u043e\\u0431\\u0438\\u043b\\u0438"]}}]	16	1
109	2025-03-15 19:16:06.701168+02	4	000020 (Ждём оплату)	2	[{"changed": {"fields": ["\\u0421\\u043a\\u043b\\u0430\\u0434", "\\u0410\\u0432\\u0442\\u043e\\u043c\\u043e\\u0431\\u0438\\u043b\\u0438"]}}]	16	1
110	2025-03-15 19:35:02.207582+02	2	666666666666	1	[{"added": {}}, {"added": {"name": "car", "object": "Buick Elantra (JHFHUHF767564748)"}}]	12	1
111	2025-03-15 19:35:33.668707+02	2	666666666666	2	[{"changed": {"fields": ["THS"]}}]	12	1
112	2025-03-15 19:37:10.268362+02	2	666666666666	2	[{"added": {"name": "car", "object": "FIAT SORENTO (XZVSVCCE3R3434343)"}}, {"added": {"name": "car", "object": "VOLVO S90 (74766474784844)"}}]	12	1
113	2025-03-15 19:37:47.486095+02	2	666666666666	2	[]	12	1
114	2025-03-15 19:50:25.345773+02	5	000005 (Ждём оплату)	1	[{"added": {}}]	16	1
115	2025-03-15 19:52:14.374087+02	6	LT493250032774740785 (Ждём оплату)	1	[{"added": {}}]	16	1
116	2025-03-15 20:00:54.13957+02	7	0000099999 (Ждём оплату)	1	[{"added": {}}]	16	1
117	2025-03-16 14:51:49.357996+02	8	777 (Ждём оплату)	1	[{"added": {}}]	16	1
118	2025-03-16 14:56:16.773414+02	9	99 (Ждём оплату)	1	[{"added": {}}]	16	1
119	2025-03-16 14:57:07.193746+02	10	000008 (Ждём оплату)	1	[{"added": {}}]	16	1
120	2025-03-16 15:08:19.905863+02	11	SOSI (Ждём оплату)	1	[{"added": {}}]	16	1
121	2025-03-16 15:41:57.004081+02	11	SOSI (Ждём оплату)	2	[]	16	1
122	2025-03-16 15:59:47.735651+02	12	7744 (Нужно оплатить)	1	[{"added": {}}]	16	1
123	2025-03-16 16:04:20.333428+02	13	67766666666555 (Нужно оплатить)	1	[{"added": {}}]	16	1
124	2025-03-16 16:10:08.464643+02	14	099 (Нужно оплатить)	1	[{"added": {}}]	16	1
125	2025-03-16 16:13:38.274248+02	15	77777 (Нужно оплатить)	1	[{"added": {}}]	16	1
126	2025-03-16 16:16:36.427403+02	16	000988 (Нужно оплатить)	1	[{"added": {}}]	16	1
127	2025-03-16 16:21:47.76085+02	17	00003333 (Нужно оплатить)	1	[{"added": {}}]	16	1
128	2025-03-16 16:25:42.824861+02	18	99997 (Нужно оплатить)	1	[{"added": {}}]	16	1
129	2025-03-16 16:42:28.434457+02	19	454444 (Нужно оплатить)	1	[{"added": {}}]	16	1
130	2025-03-16 16:53:24.632735+02	20	5555444 (Нужно оплатить)	1	[{"added": {}}]	16	1
131	2025-03-16 16:57:16.647472+02	20	5555444 (Нужно оплатить)	2	[{"changed": {"fields": ["\\u041a\\u043b\\u0438\\u0435\\u043d\\u0442"]}}]	16	1
132	2025-03-18 06:09:27.921549+02	22	32 (Ждём оплату)	1	[{"added": {}}]	16	1
133	2025-03-18 06:12:17.98726+02	23	4588 (Ждём оплату)	1	[{"added": {}}]	16	1
134	2025-03-18 06:17:28.311316+02	24	443 (Ждём оплату)	1	[{"added": {}}]	16	1
135	2025-03-18 06:20:28.996984+02	25	933 (Ждём оплату)	1	[{"added": {}}]	16	1
136	2025-03-18 06:24:47.305336+02	26	8443 (Ждём оплату)	1	[{"added": {}}]	16	1
137	2025-03-18 06:26:44.474208+02	27	55 (Ждём оплату)	1	[{"added": {}}]	16	1
138	2025-03-18 06:32:01.309101+02	28	2233 (Ждём оплату)	1	[{"added": {}}]	16	1
139	2025-03-18 06:33:43.725626+02	29	32111 (Ждём оплату)	1	[{"added": {}}]	16	1
140	2025-03-18 06:36:05.280095+02	30	9123 (Ждём оплату)	1	[{"added": {}}]	16	1
141	2025-03-18 06:49:20.630788+02	31	000004 (Ждём оплату)	1	[{"added": {}}]	16	1
142	2025-03-18 06:51:39.919245+02	32	432002 (Ждём оплату)	1	[{"added": {}}]	16	1
143	2025-03-18 09:09:30.943965+02	33	45676555 (Ждём оплату)	1	[{"added": {}}]	16	1
144	2025-03-18 09:11:41.748382+02	34	983764 (Ждём оплату)	1	[{"added": {}}]	16	1
145	2025-03-18 09:12:23.705145+02	34	ORRO-12 (Ждём оплату)	2	[{"changed": {"fields": ["\\u041d\\u043e\\u043c\\u0435\\u0440 \\u0438\\u043d\\u0432\\u043e\\u0439\\u0441\\u0430"]}}]	16	1
146	2025-03-18 09:31:45.541538+02	33	45676555 (Ждём оплату)	2	[]	16	1
147	2025-03-18 09:32:04.074497+02	34	ORRO-12 (Ждём оплату)	2	[]	16	1
148	2025-03-18 09:34:01.405019+02	34	ORRO-12 (Ждём оплату)	2	[]	16	1
149	2025-03-18 10:12:34.19011+02	35	temp_080611 (Ждём оплату)	2	[{"changed": {"fields": ["\\u041a\\u043b\\u0438\\u0435\\u043d\\u0442"]}}]	16	1
150	2025-03-18 11:24:54.420526+02	2	666666666666	2	[{"changed": {"fields": ["SKLAD"]}}]	12	1
151	2025-03-18 11:25:27.947611+02	2	666666666666	2	[{"changed": {"fields": ["THS"]}}]	12	1
152	2025-03-18 15:40:51.625951+02	2	666666666666	2	[{"changed": {"fields": ["SKLAD"]}}]	12	1
153	2025-03-18 15:41:30.105232+02	2	666666666666	2	[{"changed": {"fields": ["\\u0421\\u043a\\u043b\\u0430\\u0434"]}}]	12	1
154	2025-03-18 15:41:48.209674+02	2	666666666666	2	[{"changed": {"fields": ["\\u0421\\u043a\\u043b\\u0430\\u0434"]}}]	12	1
155	2025-03-18 17:40:58.464221+02	2	666666666666	2	[{"changed": {"name": "car", "object": "VOLVO S90 (74766474784844)", "fields": ["DEKL"]}}]	12	1
156	2025-03-18 17:43:01.302563+02	8	VOLVO S90 (74766474784844)	2	[]	10	1
157	2025-03-18 18:39:09.336525+02	2	666666666666	2	[{"changed": {"fields": ["\\u0421\\u043a\\u043b\\u0430\\u0434"]}}]	12	1
158	2025-03-18 18:41:44.107516+02	2	666666666666	2	[{"changed": {"fields": ["\\u0414\\u0430\\u0442\\u0430 \\u0440\\u0430\\u0437\\u0433\\u0440\\u0443\\u0437\\u043a\\u0438"]}}]	12	1
159	2025-03-18 18:42:26.166863+02	2	666666666666	2	[{"changed": {"fields": ["ETA", "\\u0414\\u0430\\u0442\\u0430 \\u0440\\u0430\\u0437\\u0433\\u0440\\u0443\\u0437\\u043a\\u0438"]}}]	12	1
160	2025-03-18 18:52:52.875694+02	2	666666666666	2	[{"changed": {"fields": ["THS"]}}]	12	1
161	2025-03-18 18:53:11.07195+02	2	666666666666	2	[{"changed": {"fields": ["SKLAD"]}}]	12	1
162	2025-03-18 18:53:35.314857+02	2	666666666666	2	[{"changed": {"fields": ["\\u0414\\u0430\\u0442\\u0430 \\u0440\\u0430\\u0437\\u0433\\u0440\\u0443\\u0437\\u043a\\u0438"]}}]	12	1
163	2025-03-18 19:06:45.133685+02	2	666666666666	2	[{"changed": {"fields": ["\\u0414\\u0430\\u0442\\u0430 \\u0440\\u0430\\u0437\\u0433\\u0440\\u0443\\u0437\\u043a\\u0438"]}}]	12	1
164	2025-03-18 19:07:52.314708+02	2	666666666666	2	[{"changed": {"fields": ["\\u0414\\u0430\\u0442\\u0430 \\u0440\\u0430\\u0437\\u0433\\u0440\\u0443\\u0437\\u043a\\u0438"]}}]	12	1
165	2025-03-18 19:08:05.15498+02	2	666666666666	2	[{"changed": {"fields": ["\\u0414\\u0430\\u0442\\u0430 \\u0440\\u0430\\u0437\\u0433\\u0440\\u0443\\u0437\\u043a\\u0438"]}}]	12	1
166	2025-03-18 19:15:42.43902+02	2	666666666666	2	[]	12	1
167	2025-03-18 19:16:08.468606+02	2	666666666666	2	[{"changed": {"name": "car", "object": "Buick Elantra (JHFHUHF767564748)", "fields": ["\\u0414\\u0430\\u0442\\u0430 \\u0440\\u0430\\u0437\\u0433\\u0440\\u0443\\u0437\\u043a\\u0438"]}}, {"changed": {"name": "car", "object": "FIAT SORENTO (XZVSVCCE3R3434343)", "fields": ["\\u0414\\u0430\\u0442\\u0430 \\u0440\\u0430\\u0437\\u0433\\u0440\\u0443\\u0437\\u043a\\u0438"]}}, {"changed": {"name": "car", "object": "VOLVO S90 (74766474784844)", "fields": ["\\u0414\\u0430\\u0442\\u0430 \\u0440\\u0430\\u0437\\u0433\\u0440\\u0443\\u0437\\u043a\\u0438"]}}]	12	1
168	2025-03-28 14:58:34.854721+02	2	666666666666	2	[{"changed": {"fields": ["DEKL"]}}]	12	1
169	2025-03-28 15:01:24.92771+02	8	VOLVO S90 (74766474784844)	2	[{"changed": {"fields": ["DEKL"]}}]	10	1
170	2025-03-28 15:02:29.260889+02	2	666666666666	2	[{"changed": {"fields": ["DEKL"]}}]	12	1
171	2025-03-28 15:09:33.507173+02	2	666666666666	2	[{"changed": {"fields": ["\\u0422\\u0430\\u043c\\u043e\\u0436\\u0435\\u043d\\u043d\\u0430\\u044f \\u043f\\u0440\\u043e\\u0446\\u0435\\u0434\\u0443\\u0440\\u0430", "\\u0421\\u0442\\u0430\\u0432\\u043a\\u0430"]}}]	12	1
172	2025-03-28 15:10:29.232435+02	2	666666666666	2	[{"changed": {"fields": ["\\u0411\\u0435\\u0441\\u043f\\u043b\\u0430\\u0442\\u043d\\u044b\\u0435 \\u0434\\u043d\\u0438"]}}]	12	1
173	2025-03-28 15:13:05.316915+02	2	666666666666	2	[{"changed": {"fields": ["\\u0421\\u0442\\u0430\\u0432\\u043a\\u0430"]}}]	12	1
174	2025-03-28 15:13:23.533215+02	2	666666666666	2	[{"changed": {"fields": ["THS"]}}]	12	1
175	2025-03-28 15:14:12.665542+02	2	666666666666	2	[{"changed": {"fields": ["\\u0414\\u0430\\u0442\\u0430 \\u0440\\u0430\\u0437\\u0433\\u0440\\u0443\\u0437\\u043a\\u0438"]}}]	12	1
176	2025-03-28 15:17:53.512235+02	2	666666666666	2	[{"changed": {"fields": ["\\u0414\\u0430\\u0442\\u0430 \\u0440\\u0430\\u0437\\u0433\\u0440\\u0443\\u0437\\u043a\\u0438"]}}]	12	1
177	2025-03-28 15:56:14.73687+02	2	666666666666	2	[{"changed": {"fields": ["\\u0414\\u0430\\u0442\\u0430 \\u0440\\u0430\\u0437\\u0433\\u0440\\u0443\\u0437\\u043a\\u0438"]}}]	12	1
178	2025-03-28 15:57:02.091327+02	2	666666666666	2	[{"changed": {"fields": ["DAYS"]}}]	12	1
179	2025-03-28 16:00:49.619472+02	2	666666666666	2	[{"changed": {"fields": ["\\u0414\\u0430\\u0442\\u0430 \\u0440\\u0430\\u0437\\u0433\\u0440\\u0443\\u0437\\u043a\\u0438"]}}]	12	1
180	2025-03-28 16:03:18.332802+02	2	666666666666	2	[{"changed": {"fields": ["DAYS"]}}]	12	1
181	2025-03-28 16:03:46.102738+02	2	666666666666	2	[{"changed": {"fields": ["\\u0411\\u0435\\u0441\\u043f\\u043b\\u0430\\u0442\\u043d\\u044b\\u0435 \\u0434\\u043d\\u0438"]}}]	12	1
182	2025-03-28 16:04:14.68214+02	2	666666666666	2	[{"changed": {"fields": ["\\u0421\\u0442\\u0430\\u0432\\u043a\\u0430"]}}]	12	1
183	2025-03-28 16:04:42.938422+02	2	666666666666	2	[{"changed": {"fields": ["\\u0411\\u0435\\u0441\\u043f\\u043b\\u0430\\u0442\\u043d\\u044b\\u0435 \\u0434\\u043d\\u0438"]}}]	12	1
184	2025-03-28 16:13:22.482597+02	2	666666666666	2	[{"changed": {"fields": ["DAYS"]}}]	12	1
185	2025-03-28 16:13:37.867365+02	2	666666666666	2	[{"changed": {"fields": ["\\u0411\\u0435\\u0441\\u043f\\u043b\\u0430\\u0442\\u043d\\u044b\\u0435 \\u0434\\u043d\\u0438"]}}]	12	1
186	2025-03-28 16:14:07.468435+02	2	666666666666	2	[{"changed": {"fields": ["\\u0414\\u0430\\u0442\\u0430 \\u0440\\u0430\\u0437\\u0433\\u0440\\u0443\\u0437\\u043a\\u0438"]}}]	12	1
187	2025-03-28 16:14:46.33713+02	2	666666666666	2	[{"changed": {"fields": ["\\u0411\\u0435\\u0441\\u043f\\u043b\\u0430\\u0442\\u043d\\u044b\\u0435 \\u0434\\u043d\\u0438"]}}]	12	1
188	2025-03-28 16:16:03.738439+02	2	666666666666	2	[{"changed": {"fields": ["\\u0421\\u0442\\u0430\\u0432\\u043a\\u0430"]}}]	12	1
189	2025-03-28 16:28:32.299459+02	2	666666666666	2	[{"changed": {"fields": ["\\u0414\\u0430\\u0442\\u0430 \\u0440\\u0430\\u0437\\u0433\\u0440\\u0443\\u0437\\u043a\\u0438"]}}]	12	1
190	2025-03-28 16:29:26.045192+02	2	666666666666	2	[{"changed": {"fields": ["THS"]}}]	12	1
191	2025-03-28 16:29:56.500236+02	2	666666666666	2	[{"changed": {"fields": ["SKLAD"]}}]	12	1
192	2025-03-28 16:33:22.41928+02	2	666666666666	2	[{"changed": {"fields": ["\\u0421\\u0442\\u0430\\u0432\\u043a\\u0430"]}}]	12	1
193	2025-03-28 16:34:07.422539+02	2	666666666666	2	[{"changed": {"fields": ["\\u0414\\u0430\\u0442\\u0430 \\u0440\\u0430\\u0437\\u0433\\u0440\\u0443\\u0437\\u043a\\u0438", "THS", "DEKL"]}}]	12	1
194	2025-03-28 16:34:48.323133+02	2	666666666666	2	[{"changed": {"fields": ["THS"]}}]	12	1
195	2025-03-28 16:50:22.711657+02	2	666666666666	2	[{"changed": {"fields": ["\\u0414\\u0430\\u0442\\u0430 \\u0440\\u0430\\u0437\\u0433\\u0440\\u0443\\u0437\\u043a\\u0438"]}}]	12	1
196	2025-03-28 16:58:16.490593+02	8	VOLVO S90 (74766474784844)	2	[{"changed": {"fields": ["\\u0421\\u0442\\u0430\\u0432\\u043a\\u0430"]}}]	10	1
197	2025-03-28 16:59:39.850259+02	8	VOLVO S90 (74766474784844)	2	[{"changed": {"fields": ["\\u0414\\u0430\\u0442\\u0430 \\u0440\\u0430\\u0437\\u0433\\u0440\\u0443\\u0437\\u043a\\u0438"]}}]	10	1
198	2025-03-28 19:44:31.252973+02	2	666666666666	2	[{"changed": {"fields": ["THS"]}}]	12	1
199	2025-03-28 20:11:08.709051+02	29	32111 (Ждём оплату)	2	[]	16	1
200	2025-03-28 20:11:40.49269+02	34	ORRO-12 (Ждём оплату)	2	[{"changed": {"fields": ["\\u041a\\u043b\\u0438\\u0435\\u043d\\u0442"]}}]	16	1
201	2025-03-29 21:00:16.001161+02	2	666666666666	2	[{"changed": {"fields": ["\\u0414\\u0430\\u0442\\u0430 \\u0440\\u0430\\u0437\\u0433\\u0440\\u0443\\u0437\\u043a\\u0438"]}}]	12	1
202	2025-03-29 21:00:29.18124+02	2	666666666666	2	[{"changed": {"fields": ["\\u0414\\u0430\\u0442\\u0430 \\u0440\\u0430\\u0437\\u0433\\u0440\\u0443\\u0437\\u043a\\u0438"]}}]	12	1
203	2025-03-29 21:03:29.324877+02	33	45676555 (Ждём оплату)	3		16	1
204	2025-03-29 21:03:29.324921+02	32	432002 (Ждём оплату)	3		16	1
205	2025-03-29 21:03:29.324939+02	31	000004 (Ждём оплату)	3		16	1
206	2025-03-29 21:03:29.324957+02	30	9123 (Ждём оплату)	3		16	1
207	2025-03-29 21:03:29.324975+02	29	32111 (Ждём оплату)	3		16	1
208	2025-03-29 21:03:29.324987+02	28	2233 (Ждём оплату)	3		16	1
209	2025-03-29 21:03:29.325+02	27	55 (Ждём оплату)	3		16	1
210	2025-03-29 21:03:29.325012+02	26	8443 (Ждём оплату)	3		16	1
211	2025-03-29 21:03:29.325025+02	25	933 (Ждём оплату)	3		16	1
212	2025-03-29 21:03:29.325037+02	24	443 (Ждём оплату)	3		16	1
213	2025-03-29 21:03:29.325053+02	23	4588 (Ждём оплату)	3		16	1
214	2025-03-29 21:03:29.325074+02	22	32 (Ждём оплату)	3		16	1
215	2025-03-29 21:03:29.325097+02	20	5555444 (Нужно оплатить)	3		16	1
216	2025-03-29 21:03:29.325116+02	19	454444 (Нужно оплатить)	3		16	1
217	2025-03-29 21:03:29.32513+02	18	99997 (Нужно оплатить)	3		16	1
218	2025-03-29 21:03:29.325142+02	17	00003333 (Нужно оплатить)	3		16	1
219	2025-03-29 21:03:29.325153+02	16	000988 (Нужно оплатить)	3		16	1
220	2025-03-29 21:03:29.325165+02	15	77777 (Нужно оплатить)	3		16	1
221	2025-03-29 21:03:29.325177+02	14	099 (Нужно оплатить)	3		16	1
222	2025-03-29 21:03:29.325189+02	13	67766666666555 (Нужно оплатить)	3		16	1
223	2025-03-29 21:03:29.3252+02	12	7744 (Нужно оплатить)	3		16	1
224	2025-03-29 21:03:29.325212+02	11	SOSI (Ждём оплату)	3		16	1
230	2025-03-29 21:03:29.325283+02	5	000005 (Ждём оплату)	3		16	1
231	2025-03-29 21:03:29.325295+02	4	000020 (Ждём оплату)	3		16	1
232	2025-03-29 21:03:29.325306+02	3	000003 (Ждём оплату)	3		16	1
233	2025-03-29 21:03:29.325317+02	2	WH-001 (Нужно оплатить)	3		16	1
234	2025-03-29 21:03:29.325328+02	1	1 (Ждём оплату)	3		16	1
235	2025-03-29 21:03:37.544715+02	35	temp_080611 (Ждём оплату)	3		16	1
236	2025-03-29 21:19:33.479825+02	2	666666666666	2	[{"added": {"name": "car", "object": "KIA MILENA (837738383873)"}}]	12	1
237	2025-03-29 21:20:03.3852+02	2	666666666666	2	[]	12	1
238	2025-03-29 21:23:15.30164+02	2	666666666666	2	[{"changed": {"fields": ["\\u0411\\u0435\\u0441\\u043f\\u043b\\u0430\\u0442\\u043d\\u044b\\u0435 \\u0434\\u043d\\u0438"]}}]	12	1
239	2025-03-29 22:09:11.756116+02	43	87 (Ждём оплату)	1	[{"added": {}}]	16	1
240	2025-03-29 22:13:34.744966+02	43	87 (Ждём оплату)	2	[]	16	1
241	2025-03-29 22:18:00.49086+02	34	ORRO-12 (Ждём оплату)	2	[]	16	1
242	2025-03-29 22:35:13.079894+02	43	87 (Ждём оплату)	2	[]	16	1
243	2025-03-29 22:59:30.363541+02	1	FREGTUDS9889	2	[{"changed": {"fields": ["\\u0414\\u0430\\u0442\\u0430 \\u0440\\u0430\\u0437\\u0433\\u0440\\u0443\\u0437\\u043a\\u0438"]}}]	12	1
244	2025-03-29 23:01:42.495011+02	2	666666666666	2	[{"changed": {"fields": ["\\u0411\\u0435\\u0441\\u043f\\u043b\\u0430\\u0442\\u043d\\u044b\\u0435 \\u0434\\u043d\\u0438"]}}]	12	1
245	2025-03-29 23:02:50.306779+02	2	666666666666	2	[{"changed": {"fields": ["\\u0414\\u0430\\u0442\\u0430 \\u0440\\u0430\\u0437\\u0433\\u0440\\u0443\\u0437\\u043a\\u0438"]}}]	12	1
246	2025-03-29 23:13:14.603147+02	9	KIA MILENA (837738383873)	2	[{"changed": {"fields": ["\\u0421\\u0442\\u0430\\u0442\\u0443\\u0441"]}}]	10	1
247	2025-03-29 23:13:52.240322+02	2	666666666666	2	[]	12	1
248	2025-03-30 10:25:41.636644+03	43	87 (Ждём оплату)	2	[]	16	1
249	2025-03-30 10:51:08.613626+03	43	87 (Ждём оплату)	2	[]	16	1
250	2025-03-30 11:06:39.157222+03	70	134555 (Ждём оплату)	1	[{"added": {}}]	16	1
251	2025-03-30 11:19:39.94214+03	70	134555 (Ждём оплату)	2	[{"changed": {"fields": ["\\u041a\\u043b\\u0438\\u0435\\u043d\\u0442"]}}]	16	1
252	2025-03-30 11:23:24.449479+03	70	134555 (Ждём оплату)	2	[{"changed": {"fields": ["\\u041e\\u043f\\u043b\\u0430\\u0447\\u0435\\u043d"]}}]	16	1
253	2025-03-30 11:24:41.791808+03	70	134555 (Ждём оплату)	2	[{"changed": {"fields": ["\\u041e\\u043f\\u043b\\u0430\\u0447\\u0435\\u043d"]}}]	16	1
254	2025-03-30 11:25:22.174359+03	70	134555 (Ждём оплату)	3		16	1
255	2025-03-30 11:25:22.174471+03	43	87 (Ждём оплату)	3		16	1
256	2025-03-30 11:25:22.174494+03	34	ORRO-12 (Ждём оплату)	3		16	1
257	2025-03-30 11:25:51.498203+03	86	1 (Ждём оплату)	1	[{"added": {}}]	16	1
258	2025-03-30 11:26:29.595727+03	1	500.00 (CASH)	2	[{"changed": {"fields": ["\\u0418\\u043d\\u0432\\u043e\\u0439\\u0441"]}}]	15	1
259	2025-03-30 12:06:54.891008+03	2	100 (CARD)	1	[{"added": {}}]	15	1
260	2025-03-30 12:12:44.639231+03	3	45 (CASH)	1	[{"added": {}}]	15	1
261	2025-03-30 16:19:05.921117+03	3	BMOU6410323	1	[{"added": {}}]	12	1
262	2025-03-30 16:19:20.532564+03	2	666666666666	3		12	1
263	2025-03-30 16:19:20.5326+03	1	FREGTUDS9889	3		12	1
264	2025-03-30 16:19:53.833301+03	5	Николай Бежан	1	[{"added": {}}]	9	1
265	2025-03-30 16:23:25.126327+03	3	BMOU6410323	2	[{"added": {"name": "car", "object": "SUBARU OUTBACK (4S4BTADC9R3262911)"}}, {"added": {"name": "car", "object": "CHEVROLET EQUINOX (2GNAXKEV5K627066)"}}, {"added": {"name": "car", "object": "GMC TERRAIN (3GKALTEV8ML374533)"}}]	12	1
266	2025-03-30 16:26:47.266028+03	3	BMOU6410323	2	[{"changed": {"fields": ["\\u0421\\u0442\\u0430\\u0442\\u0443\\u0441", "\\u0421\\u043a\\u043b\\u0430\\u0434", "\\u0414\\u0430\\u0442\\u0430 \\u0440\\u0430\\u0437\\u0433\\u0440\\u0443\\u0437\\u043a\\u0438"]}}]	12	1
267	2025-03-30 16:28:09.757594+03	3	BMOU6410323	2	[]	12	1
268	2025-03-30 16:36:56.532495+03	4	TLLU4955490	1	[{"added": {}}, {"added": {"name": "car", "object": "BUICK ENCORE (KL4MMDS21MB129932)"}}, {"added": {"name": "car", "object": "FORD ESCAPE (1FMCU9H61MUA0787)"}}, {"added": {"name": "car", "object": "FORD ECOSPORT (MAJ3S2KE7KC283211)"}}, {"added": {"name": "car", "object": "HONDA CIVIC (JHMFE1F7XNX004012)"}}]	12	1
269	2025-03-30 16:37:11.34933+03	3	BMOU6410323	2	[{"changed": {"fields": ["\\u0421\\u0442\\u0430\\u0442\\u0443\\u0441", "\\u0414\\u0430\\u0442\\u0430 \\u0440\\u0430\\u0437\\u0433\\u0440\\u0443\\u0437\\u043a\\u0438"]}}]	12	1
270	2025-03-30 16:38:21.612307+03	3	BMOU6410323	2	[]	12	1
271	2025-03-30 16:46:02.187055+03	5	TRHU6810414	1	[{"added": {}}, {"added": {"name": "car", "object": "LINCOLN NAVIGATOR (5LMJJ2TT1LEL14419)"}}, {"added": {"name": "car", "object": "GMC SAVANA (1GTW7BFG2L1262154)"}}]	12	1
272	2025-03-30 16:46:28.343517+03	5	TRHU6810414	2	[]	12	1
273	2025-03-30 16:55:02.504492+03	6	MRSU6832196	1	[{"added": {}}, {"added": {"name": "car", "object": "FORD FUSION (3FA6P0RU2JR192248)"}}, {"added": {"name": "car", "object": "PORSCHE CAYENNE (WP1AE2AY3KDA5042)"}}, {"added": {"name": "car", "object": "VOLVO XC90 (YV4A22PL3J1215620)"}}]	12	1
274	2025-03-30 16:55:26.759005+03	4	TLLU4955490	2	[{"changed": {"fields": ["\\u0421\\u043a\\u043b\\u0430\\u0434"]}}]	12	1
275	2025-03-30 17:02:44.726406+03	7	MRKU2766447	1	[{"added": {}}, {"added": {"name": "car", "object": "CHEVROLET MALIBU (1G1ZD5ST8MF083687)"}}, {"added": {"name": "car", "object": "GMC TERRAIN (3GKALMEV6NL209586)"}}, {"added": {"name": "car", "object": "CHEVROLET MALIBU (1G1ZD5ST7MF07790)"}}, {"added": {"name": "car", "object": "CHEVROLET EQUINOX (2GNAXHEV9N6116273)"}}]	12	1
276	2025-03-30 17:09:02.613539+03	8	PONU8040962	1	[{"added": {}}, {"added": {"name": "car", "object": "CHEVROLET MALIBU (1G1ZD5ST2NF121108)"}}, {"added": {"name": "car", "object": "CHEVROLET EQUINOX (3GNAXHEG6RL232095)"}}, {"added": {"name": "car", "object": "CHEVROLET EQUINOX (3GNAXHEG0PL235734)"}}, {"added": {"name": "car", "object": "FIAT SPIDER (JC1NFAEK8H012435)"}}]	12	1
277	2025-03-30 17:16:38.19545+03	9	MAEU9231097	1	[{"added": {}}, {"added": {"name": "car", "object": "GMC TERRAIN (3GKALVEV3ML391087)"}}, {"added": {"name": "car", "object": "CHEVROLET EQUINOX (2GNAXKEV2M6129264)"}}, {"added": {"name": "car", "object": "FORD ESCAPE (1FMCU9H66MUB23472)"}}, {"added": {"name": "car", "object": "FORD ESCAPE (1FMCU9G68LUC35948)"}}]	12	1
278	2025-03-30 17:22:07.234865+03	10	MRSU6087154	1	[{"added": {}}, {"added": {"name": "car", "object": "AUDI Q5 (WA1BNAFYXJ2011763)"}}, {"added": {"name": "car", "object": "LINCOLN MKZ (3LN6L5LU2KR62223)"}}, {"added": {"name": "car", "object": "BMW X3 (5UX53DP04P9R11818)"}}, {"added": {"name": "car", "object": "BMW 330XE (3MW5P9J01M8B79100)"}}]	12	1
279	2025-03-30 17:27:31.733472+03	11	TCKU7396980	1	[{"added": {}}, {"added": {"name": "car", "object": "HONDA CRV (2HKRS4H53RH110002)"}}]	12	1
280	2025-03-30 17:34:58.561102+03	12	HASU4771580	1	[{"added": {}}, {"added": {"name": "car", "object": "CHEVROLET MALIBU (1G1ZG5ST4MF077991)"}}, {"added": {"name": "car", "object": "FORD ESCAPE (1FMCU9G6XMUA98593)"}}, {"added": {"name": "car", "object": "FORD BRONCO (3FMCR9B67MRA85364)"}}, {"added": {"name": "car", "object": "CHEVROLET TRAX (KL7CJPSM1NB533955)"}}]	12	1
281	2025-04-02 21:21:47.745299+03	3	BMOU6410323	2	[{"changed": {"fields": ["\\u0421\\u0442\\u0430\\u0442\\u0443\\u0441"]}}]	12	1
282	2025-04-02 21:22:10.063662+03	3	BMOU6410323	2	[{"changed": {"fields": ["\\u0421\\u0442\\u0430\\u0442\\u0443\\u0441"]}}]	12	1
283	2025-04-02 21:22:37.189298+03	3	BMOU6410323	2	[{"changed": {"fields": ["\\u0421\\u0442\\u0430\\u0442\\u0443\\u0441", "\\u0414\\u0430\\u0442\\u0430 \\u0440\\u0430\\u0437\\u0433\\u0440\\u0443\\u0437\\u043a\\u0438"]}}]	12	1
284	2025-04-02 21:30:13.486898+03	4	TLLU4955490	2	[{"changed": {"fields": ["THS"]}}]	12	1
285	2025-04-02 21:31:13.118068+03	4	TLLU4955490	2	[{"changed": {"fields": ["\\u0414\\u0430\\u0442\\u0430 \\u0440\\u0430\\u0437\\u0433\\u0440\\u0443\\u0437\\u043a\\u0438"]}}]	12	1
286	2025-04-02 21:32:29.529107+03	4	TLLU4955490	2	[{"changed": {"fields": ["\\u0421\\u0442\\u0430\\u0442\\u0443\\u0441"]}}]	12	1
287	2025-04-02 21:32:40.979478+03	4	TLLU4955490	2	[{"changed": {"fields": ["PROFT"]}}]	12	1
288	2025-04-02 21:33:05.579034+03	4	TLLU4955490	2	[{"changed": {"fields": ["\\u0414\\u0430\\u0442\\u0430 \\u0440\\u0430\\u0437\\u0433\\u0440\\u0443\\u0437\\u043a\\u0438"]}}]	12	1
289	2025-04-02 21:35:13.694686+03	4	TLLU4955490	2	[{"changed": {"fields": ["PROFT"]}}]	12	1
290	2025-04-04 21:44:55.460761+03	3	BMOU6410323	2	[{"changed": {"fields": ["\\u0414\\u0430\\u0442\\u0430 \\u0440\\u0430\\u0437\\u0433\\u0440\\u0443\\u0437\\u043a\\u0438", "PROFT"]}}]	12	1
291	2025-04-04 21:48:41.085468+03	5	TRHU6810414	2	[{"changed": {"fields": ["ETA"]}}]	12	1
292	2025-04-04 21:55:13.175212+03	10	MRSU6087154	2	[{"changed": {"fields": ["ETA"]}}]	12	1
293	2025-04-04 22:18:55.815433+03	13	FFAU6275862	1	[{"added": {}}, {"added": {"name": "car", "object": "AUDI Q8 (WA1EVAF12LD025213)"}}, {"added": {"name": "car", "object": "AUDI A6 (WAUG8AFCXJN009191)"}}, {"added": {"name": "car", "object": "MERCEDES-BENZ (4JGFB4KB8LA212262)"}}]	12	1
294	2025-04-07 08:31:07.395256+03	12	GMC TERRAIN (3GKALTEV8ML374533)	2	[{"changed": {"fields": ["\\u0411\\u0435\\u0441\\u043f\\u043b\\u0430\\u0442\\u043d\\u044b\\u0435 \\u0434\\u043d\\u0438"]}}]	10	1
295	2025-04-08 13:49:21.226797+03	8	PONU8040962	2	[{"changed": {"name": "car", "object": "FIAT SPIDER (JC1NFAEK8H0124353)", "fields": ["VIN"]}}]	12	1
296	2025-04-08 13:54:45.381949+03	7	MRKU2766447	2	[{"changed": {"name": "car", "object": "CHEVROLET MALIBU (1G1ZD5ST7MF077900)", "fields": ["VIN"]}}]	12	1
297	2025-04-08 14:06:37.092225+03	6	MRSU6832196	2	[]	12	1
298	2025-04-13 21:19:10.085959+03	6	MRSU6832196	2	[{"changed": {"fields": ["\\u0414\\u0430\\u0442\\u0430 \\u0440\\u0430\\u0437\\u0433\\u0440\\u0443\\u0437\\u043a\\u0438"]}}]	12	1
299	2025-04-13 21:19:21.765921+03	6	MRSU6832196	2	[{"changed": {"name": "car", "object": "FORD FUSION (3FA6P0RU2JR192248)", "fields": ["\\u0421\\u0442\\u0430\\u0442\\u0443\\u0441"]}}, {"changed": {"name": "car", "object": "PORSCHE CAYENNE (WP1AE2AY3KDA5042)", "fields": ["\\u0421\\u0442\\u0430\\u0442\\u0443\\u0441"]}}, {"changed": {"name": "car", "object": "VOLVO XC90 (YV4A22PL3J1215620)", "fields": ["\\u0421\\u0442\\u0430\\u0442\\u0443\\u0441"]}}]	12	1
300	2025-04-13 21:20:10.349149+03	6	MRSU6832196	2	[{"changed": {"fields": ["\\u0421\\u0442\\u0430\\u0442\\u0443\\u0441"]}}]	12	1
301	2025-04-13 21:20:54.605343+03	13	FFAU6275862	2	[{"changed": {"fields": ["\\u0421\\u0442\\u0430\\u0442\\u0443\\u0441", "\\u0414\\u0430\\u0442\\u0430 \\u0440\\u0430\\u0437\\u0433\\u0440\\u0443\\u0437\\u043a\\u0438"]}}]	12	1
302	2025-04-13 21:21:20.318394+03	6	MRSU6832196	2	[{"changed": {"fields": ["\\u0414\\u0430\\u0442\\u0430 \\u0440\\u0430\\u0437\\u0433\\u0440\\u0443\\u0437\\u043a\\u0438", "PROFT"]}}]	12	1
303	2025-04-13 21:23:32.528149+03	6	MRSU6832196	2	[{"changed": {"fields": ["THS", "\\u041f\\u043b\\u0430\\u0442\\u043d\\u044b\\u0435 \\u0434\\u043d\\u0438"]}}, {"changed": {"name": "car", "object": "FORD FUSION (3FA6P0RU2JR192248)", "fields": ["\\u0421\\u043a\\u043b\\u0430\\u0434\\u0438\\u0440."]}}, {"changed": {"name": "car", "object": "PORSCHE CAYENNE (WP1AE2AY3KDA5042)", "fields": ["\\u0421\\u043a\\u043b\\u0430\\u0434\\u0438\\u0440."]}}, {"changed": {"name": "car", "object": "VOLVO XC90 (YV4A22PL3J1215620)", "fields": ["\\u0421\\u043a\\u043b\\u0430\\u0434\\u0438\\u0440."]}}]	12	1
304	2025-04-13 21:24:07.311694+03	6	MRSU6832196	2	[]	12	1
305	2025-04-13 22:03:25.513549+03	6	MRSU6832196	2	[]	12	1
306	2025-04-21 13:25:31.475173+03	13	FFAU6275862	2	[{"changed": {"fields": ["\\u0411\\u0435\\u0441\\u043f\\u043b\\u0430\\u0442\\u043d\\u044b\\u0435 \\u0434\\u043d\\u0438"]}}]	12	1
307	2025-04-21 13:26:10.255191+03	13	FFAU6275862	2	[{"changed": {"fields": ["\\u0414\\u0430\\u0442\\u0430 \\u0440\\u0430\\u0437\\u0433\\u0440\\u0443\\u0437\\u043a\\u0438"]}}]	12	1
308	2025-04-21 13:26:37.676603+03	13	FFAU6275862	2	[{"changed": {"fields": ["THS"]}}]	12	1
309	2025-04-21 15:16:07.954032+03	94	PARDP-000022 (Ждём оплату)	1	[{"added": {}}]	16	1
310	2025-04-21 15:18:56.974165+03	4	250 (CASH)	1	[{"added": {}}]	15	1
311	2025-04-21 15:20:41.68418+03	4	250.00 (CASH)	2	[]	15	1
312	2025-04-21 15:22:17.544279+03	5	900 (CARD)	1	[{"added": {}}]	15	1
313	2025-04-21 23:01:39.398558+03	14	CAAU8462107	1	[{"added": {}}]	12	1
314	2025-04-21 23:04:55.86324+03	14	CAAU8462107	2	[{"added": {"name": "car", "object": "FORD FUSION (3FA6P0RU4JR214153)"}}, {"added": {"name": "car", "object": "AUDI Q8 (WA1FVAF12KD038854)"}}, {"added": {"name": "car", "object": "LEXUS UX 250H (JTHR9JBH2M2049747)"}}]	12	1
315	2025-04-21 23:05:06.6314+03	14	CAAU8462107	2	[]	12	1
316	2025-04-21 23:06:27.647876+03	14	CAAU8462107	2	[]	12	1
317	2025-04-21 23:09:24.746152+03	10	MRSU6087154	2	[{"changed": {"fields": ["\\u0414\\u0430\\u0442\\u0430 \\u0440\\u0430\\u0437\\u0433\\u0440\\u0443\\u0437\\u043a\\u0438", "THS"]}}]	12	1
318	2025-04-21 23:11:30.726627+03	10	MRSU6087154	2	[{"changed": {"fields": ["PROFT"]}}, {"changed": {"name": "car", "object": "AUDI Q5 (WA1BNAFYXJ2011763)", "fields": ["\\u0421\\u0442\\u0430\\u0442\\u0443\\u0441"]}}, {"changed": {"name": "car", "object": "LINCOLN MKZ (3LN6L5LU2KR622238)", "fields": ["VIN", "\\u0421\\u0442\\u0430\\u0442\\u0443\\u0441"]}}, {"changed": {"name": "car", "object": "BMW X3 (5UX53DP04P9R11818)", "fields": ["\\u0421\\u0442\\u0430\\u0442\\u0443\\u0441"]}}, {"changed": {"name": "car", "object": "BMW 330XE (3MW5P9J01M8B79100)", "fields": ["\\u0421\\u0442\\u0430\\u0442\\u0443\\u0441"]}}]	12	1
319	2025-04-21 23:12:42.101583+03	18	GMC SAVANA (1GTW7BFG2L1262154)	2	[{"changed": {"fields": ["\\u0411\\u0435\\u0441\\u043f\\u043b\\u0430\\u0442\\u043d\\u044b\\u0435 \\u0434\\u043d\\u0438"]}}]	10	1
320	2025-04-21 23:12:54.514947+03	17	LINCOLN NAVIGATOR (5LMJJ2TT1LEL14419)	2	[{"changed": {"fields": ["\\u0411\\u0435\\u0441\\u043f\\u043b\\u0430\\u0442\\u043d\\u044b\\u0435 \\u0434\\u043d\\u0438"]}}]	10	1
321	2025-04-21 23:14:20.648652+03	5	TRHU6810414	2	[{"changed": {"fields": ["THS", "PROFT"]}}]	12	1
322	2025-04-21 23:15:43.2739+03	5	TRHU6810414	2	[{"changed": {"fields": ["\\u0414\\u0430\\u0442\\u0430 \\u0440\\u0430\\u0437\\u0433\\u0440\\u0443\\u0437\\u043a\\u0438"]}}]	12	1
323	2025-04-22 09:12:46.172468+03	10	MRSU6087154	2	[{"changed": {"fields": ["\\u0421\\u0442\\u0430\\u0442\\u0443\\u0441"]}}]	12	1
324	2025-04-22 09:30:32.951675+03	10	MRSU6087154	2	[{"changed": {"fields": ["\\u0411\\u0435\\u0441\\u043f\\u043b\\u0430\\u0442\\u043d\\u044b\\u0435 \\u0434\\u043d\\u0438"]}}]	12	1
325	2025-04-22 09:32:27.639266+03	14	CAAU8462107	2	[]	12	1
326	2025-04-22 09:32:35.311693+03	10	MRSU6087154	2	[]	12	1
327	2025-04-22 09:32:39.34309+03	10	MRSU6087154	2	[]	12	1
328	2025-04-22 10:31:26.157151+03	5	900.00 (CARD)	3		15	1
329	2025-04-22 10:31:26.157291+03	4	250.00 (CASH)	3		15	1
330	2025-04-22 10:31:26.157308+03	3	45.00 (CASH)	3		15	1
331	2025-04-22 10:31:26.157321+03	2	100.00 (CARD)	3		15	1
332	2025-04-22 10:31:26.157334+03	1	500.00 (CASH)	3		15	1
333	2025-04-22 10:58:18.646584+03	13	FFAU6275862	2	[{"changed": {"fields": ["THS"]}}]	12	1
334	2025-04-22 11:01:34.735427+03	13	FFAU6275862	2	[{"changed": {"name": "car", "object": "AUDI Q8 (WA1EVAF12LD025213)", "fields": ["PROFT"]}}, {"changed": {"name": "car", "object": "AUDI A6 (WAUG8AFCXJN009191)", "fields": ["PROFT"]}}, {"changed": {"name": "car", "object": "MERCEDES-BENZ (4JGFB4KB8LA212262)", "fields": ["PROFT"]}}]	12	1
335	2025-04-22 11:01:44.615966+03	13	FFAU6275862	2	[{"changed": {"fields": ["PROFT"]}}]	12	1
336	2025-04-22 11:04:09.417232+03	13	FFAU6275862	2	[]	12	1
337	2025-04-22 11:08:23.046139+03	6	MRSU6832196	2	[{"changed": {"fields": ["THS", "PROFT", "\\u0411\\u0435\\u0441\\u043f\\u043b\\u0430\\u0442\\u043d\\u044b\\u0435 \\u0434\\u043d\\u0438"]}}, {"changed": {"name": "car", "object": "PORSCHE CAYENNE (WP1AE2AY3KDA50424)", "fields": ["VIN"]}}]	12	1
338	2025-04-22 11:08:41.788401+03	6	MRSU6832196	2	[{"changed": {"fields": ["\\u0414\\u0430\\u0442\\u0430 \\u0440\\u0430\\u0437\\u0433\\u0440\\u0443\\u0437\\u043a\\u0438"]}}]	12	1
339	2025-04-22 11:13:22.131611+03	6	MRSU6832196	2	[{"changed": {"fields": ["PROFT"]}}]	12	1
340	2025-04-22 11:14:05.970381+03	94	PARDP-000022 (Ждём оплату)	3		16	1
341	2025-04-22 11:14:05.970428+03	86	1 (Ждём оплату)	3		16	1
342	2025-04-22 11:25:46.847663+03	99	AV-000001 (Ждём оплату)	1	[{"added": {}}]	16	1
343	2025-04-22 11:27:29.39309+03	6	1300 (CARD)	1	[{"added": {}}]	15	1
344	2025-04-22 11:27:49.06274+03	7	1335 (CARD)	1	[{"added": {}}]	15	1
345	2025-04-22 11:57:04.862899+03	102	2025.04.16 (Нужно оплатить)	1	[{"added": {}}]	16	1
346	2025-04-22 12:41:14.879969+03	13	FFAU6275862	2	[]	12	1
347	2025-04-22 12:41:30.883241+03	14	CAAU8462107	2	[{"changed": {"fields": ["\\u0421\\u0442\\u0430\\u0442\\u0443\\u0441"]}}]	12	1
348	2025-04-22 12:42:58.412773+03	14	CAAU8462107	2	[{"changed": {"fields": ["THS", "PROFT"]}}]	12	1
349	2025-04-22 12:43:18.137479+03	14	CAAU8462107	2	[]	12	1
350	2025-04-22 12:43:53.155773+03	13	FFAU6275862	2	[{"changed": {"fields": ["\\u0421\\u0442\\u0430\\u0442\\u0443\\u0441"]}}]	12	1
351	2025-04-22 12:44:41.941364+03	13	FFAU6275862	2	[{"changed": {"name": "car", "object": "AUDI Q8 (WA1EVAF12LD025213)", "fields": ["\\u0414\\u0430\\u0442\\u0430 \\u043f\\u0435\\u0440\\u0435\\u0434\\u0430\\u0447\\u0438"]}}, {"changed": {"name": "car", "object": "AUDI A6 (WAUG8AFCXJN009191)", "fields": ["\\u0414\\u0430\\u0442\\u0430 \\u043f\\u0435\\u0440\\u0435\\u0434\\u0430\\u0447\\u0438"]}}, {"changed": {"name": "car", "object": "MERCEDES-BENZ (4JGFB4KB8LA212262)", "fields": ["\\u0414\\u0430\\u0442\\u0430 \\u043f\\u0435\\u0440\\u0435\\u0434\\u0430\\u0447\\u0438"]}}]	12	1
352	2025-04-22 12:47:54.16942+03	14	CAAU8462107	2	[{"changed": {"name": "car", "object": "FORD FUSION (3FA6P0RU4JR214153)", "fields": ["\\u0414\\u0430\\u0442\\u0430 \\u043f\\u0435\\u0440\\u0435\\u0434\\u0430\\u0447\\u0438"]}}, {"changed": {"name": "car", "object": "AUDI Q8 (WA1FVAF12KD038854)", "fields": ["\\u0414\\u0430\\u0442\\u0430 \\u043f\\u0435\\u0440\\u0435\\u0434\\u0430\\u0447\\u0438"]}}, {"changed": {"name": "car", "object": "LEXUS UX 250H (JTHR9JBH2M2049747)", "fields": ["\\u0414\\u0430\\u0442\\u0430 \\u043f\\u0435\\u0440\\u0435\\u0434\\u0430\\u0447\\u0438"]}}]	12	1
353	2025-04-23 11:30:42.323413+03	3	BMOU6410323	2	[{"changed": {"fields": ["\\u0421\\u0442\\u0430\\u0442\\u0443\\u0441"]}}]	12	1
354	2025-04-23 11:31:16.646559+03	3	BMOU6410323	2	[]	12	1
355	2025-04-23 11:31:20.823173+03	13	FFAU6275862	2	[]	12	1
356	2025-04-23 11:34:25.394667+03	14	CAAU8462107	2	[{"changed": {"fields": ["\\u0421\\u0442\\u0430\\u0442\\u0443\\u0441"]}}, {"changed": {"name": "car", "object": "FORD FUSION (3FA6P0RU4JR214153)", "fields": ["\\u0414\\u0430\\u0442\\u0430 \\u043f\\u0435\\u0440\\u0435\\u0434\\u0430\\u0447\\u0438"]}}, {"changed": {"name": "car", "object": "AUDI Q8 (WA1FVAF12KD038854)", "fields": ["\\u0414\\u0430\\u0442\\u0430 \\u043f\\u0435\\u0440\\u0435\\u0434\\u0430\\u0447\\u0438"]}}, {"changed": {"name": "car", "object": "LEXUS UX 250H (JTHR9JBH2M2049747)", "fields": ["\\u0414\\u0430\\u0442\\u0430 \\u043f\\u0435\\u0440\\u0435\\u0434\\u0430\\u0447\\u0438"]}}]	12	1
357	2025-04-23 11:35:02.113608+03	14	CAAU8462107	2	[]	12	1
358	2025-04-23 11:35:45.761568+03	3	BMOU6410323	2	[{"changed": {"fields": ["\\u0421\\u0442\\u0430\\u0442\\u0443\\u0441", "\\u0411\\u0435\\u0441\\u043f\\u043b\\u0430\\u0442\\u043d\\u044b\\u0435 \\u0434\\u043d\\u0438"]}}]	12	1
359	2025-04-23 11:37:59.346093+03	3	BMOU6410323	2	[{"changed": {"name": "car", "object": "SUBARU OUTBACK (4S4BTADC9R3262911)", "fields": ["\\u0414\\u0430\\u0442\\u0430 \\u043f\\u0435\\u0440\\u0435\\u0434\\u0430\\u0447\\u0438"]}}, {"changed": {"name": "car", "object": "CHEVROLET EQUINOX (2GNAXKEV5K627066)", "fields": ["\\u0414\\u0430\\u0442\\u0430 \\u043f\\u0435\\u0440\\u0435\\u0434\\u0430\\u0447\\u0438"]}}, {"changed": {"name": "car", "object": "GMC TERRAIN (3GKALTEV8ML374533)", "fields": ["\\u0414\\u0430\\u0442\\u0430 \\u043f\\u0435\\u0440\\u0435\\u0434\\u0430\\u0447\\u0438"]}}]	12	1
360	2025-04-23 12:04:35.762928+03	10	MRSU6087154	2	[{"changed": {"fields": ["\\u0421\\u0442\\u0430\\u0442\\u0443\\u0441"]}}]	12	1
361	2025-04-23 12:05:13.534973+03	6	MRSU6832196	2	[{"changed": {"fields": ["\\u0421\\u0442\\u0430\\u0442\\u0443\\u0441"]}}]	12	1
362	2025-04-23 12:05:23.03479+03	3	BMOU6410323	2	[{"changed": {"fields": ["\\u0421\\u0442\\u0430\\u0442\\u0443\\u0441"]}}]	12	1
363	2025-04-23 12:05:36.078887+03	4	TLLU4955490	2	[{"changed": {"fields": ["\\u0421\\u0442\\u0430\\u0442\\u0443\\u0441"]}}]	12	1
364	2025-04-23 12:06:03.20152+03	14	CAAU8462107	2	[]	12	1
365	2025-04-23 12:11:00.854753+03	10	MRSU6087154	2	[]	12	1
366	2025-04-23 12:12:33.776689+03	14	CAAU8462107	2	[]	12	1
367	2025-04-23 12:27:21.26642+03	5	TRHU6810414	2	[{"changed": {"fields": ["\\u0421\\u0442\\u0430\\u0442\\u0443\\u0441"]}}]	12	1
368	2025-04-23 12:27:35.881527+03	5	TRHU6810414	2	[{"changed": {"fields": ["\\u0411\\u0435\\u0441\\u043f\\u043b\\u0430\\u0442\\u043d\\u044b\\u0435 \\u0434\\u043d\\u0438"]}}]	12	1
369	2025-04-24 17:46:36.485141+03	5	TRHU6810414	2	[]	12	1
370	2025-04-28 12:28:52.576767+03	14	CAAU8462107	2	[{"changed": {"name": "car", "object": "FORD FUSION (3FA6P0RU4JR214153)", "fields": ["\\u0414\\u0430\\u0442\\u0430 \\u043f\\u0435\\u0440\\u0435\\u0434\\u0430\\u0447\\u0438"]}}, {"changed": {"name": "car", "object": "AUDI Q8 (WA1FVAF12KD038854)", "fields": ["\\u0414\\u0430\\u0442\\u0430 \\u043f\\u0435\\u0440\\u0435\\u0434\\u0430\\u0447\\u0438"]}}, {"changed": {"name": "car", "object": "LEXUS UX 250H (JTHR9JBH2M2049747)", "fields": ["\\u0414\\u0430\\u0442\\u0430 \\u043f\\u0435\\u0440\\u0435\\u0434\\u0430\\u0447\\u0438"]}}]	12	1
371	2025-04-28 12:34:04.190259+03	14	CAAU8462107	2	[{"changed": {"fields": ["PROFT"]}}]	12	1
372	2025-04-28 12:35:28.005301+03	14	CAAU8462107	2	[]	12	1
373	2025-04-28 12:37:37.371423+03	10	MRSU6087154	2	[{"changed": {"fields": ["THS", "PROFT"]}}]	12	1
417	2025-05-07 20:40:36.714548+03	36	BMW X3 (5UX53DP04P9R11818)	2	[{"changed": {"fields": ["\\u0421\\u0442\\u0430\\u0442\\u0443\\u0441", "\\u0414\\u0430\\u0442\\u0430 \\u043f\\u0435\\u0440\\u0435\\u0434\\u0430\\u0447\\u0438"]}}]	10	1
418	2025-05-07 20:40:47.182368+03	36	BMW X3 (5UX53DP04P9R11818)	2	[{"changed": {"fields": ["\\u0414\\u0430\\u0442\\u0430 \\u043f\\u0435\\u0440\\u0435\\u0434\\u0430\\u0447\\u0438"]}}]	10	1
374	2025-04-28 12:38:05.360138+03	10	MRSU6087154	2	[{"changed": {"name": "car", "object": "LINCOLN MKZ (3LN6L5LU2KR622238)", "fields": ["\\u0414\\u0430\\u0442\\u0430 \\u043f\\u0435\\u0440\\u0435\\u0434\\u0430\\u0447\\u0438"]}}, {"changed": {"name": "car", "object": "BMW X3 (5UX53DP04P9R11818)", "fields": ["\\u0414\\u0430\\u0442\\u0430 \\u043f\\u0435\\u0440\\u0435\\u0434\\u0430\\u0447\\u0438"]}}, {"changed": {"name": "car", "object": "BMW 330XE (3MW5P9J01M8B79100)", "fields": ["\\u0414\\u0430\\u0442\\u0430 \\u043f\\u0435\\u0440\\u0435\\u0434\\u0430\\u0447\\u0438"]}}]	12	1
375	2025-04-30 21:02:47.011946+03	9	MAEU9231097	2	[{"changed": {"fields": ["\\u0421\\u0442\\u0430\\u0442\\u0443\\u0441", "\\u0411\\u0435\\u0441\\u043f\\u043b\\u0430\\u0442\\u043d\\u044b\\u0435 \\u0434\\u043d\\u0438"]}}]	12	1
376	2025-05-02 08:00:53.024378+03	34	AUDI Q5 (WA1BNAFYXJ2011763)	2	[{"changed": {"fields": ["\\u0414\\u0430\\u0442\\u0430 \\u043f\\u0435\\u0440\\u0435\\u0434\\u0430\\u0447\\u0438", "PROFT", "\\u0411\\u0435\\u0441\\u043f\\u043b\\u0430\\u0442\\u043d\\u044b\\u0435 \\u0434\\u043d\\u0438"]}}]	10	1
377	2025-05-05 15:27:58.551192+03	5	TRHU6810414	2	[{"changed": {"fields": ["\\u0414\\u0430\\u0442\\u0430 \\u0440\\u0430\\u0437\\u0433\\u0440\\u0443\\u0437\\u043a\\u0438", "THS"]}}]	12	1
378	2025-05-05 15:31:34.274005+03	5	TRHU6810414	2	[{"changed": {"fields": ["THS", "PROFT"]}}, {"changed": {"name": "car", "object": "LINCOLN NAVIGATOR (5LMJJ2TT1LEL14419)", "fields": ["THS"]}}]	12	1
379	2025-05-05 15:44:05.664598+03	5	TRHU6810414	2	[]	12	1
380	2025-05-05 16:09:06.126858+03	5	TRHU6810414	2	[{"changed": {"name": "car", "object": "LINCOLN NAVIGATOR (5LMJJ2TT1LEL14419)", "fields": ["\\u0414\\u0430\\u0442\\u0430 \\u043f\\u0435\\u0440\\u0435\\u0434\\u0430\\u0447\\u0438"]}}, {"changed": {"name": "car", "object": "GMC SAVANA (1GTW7BFG2L1262154)", "fields": ["\\u0414\\u0430\\u0442\\u0430 \\u043f\\u0435\\u0440\\u0435\\u0434\\u0430\\u0447\\u0438"]}}]	12	1
381	2025-05-05 16:55:04.187414+03	5	TRHU6810414	2	[]	12	1
382	2025-05-05 16:55:30.130467+03	5	TRHU6810414	2	[{"changed": {"name": "car", "object": "LINCOLN NAVIGATOR (5LMJJ2TT1LEL14419)", "fields": ["\\u0414\\u0430\\u0442\\u0430 \\u043f\\u0435\\u0440\\u0435\\u0434\\u0430\\u0447\\u0438"]}}, {"changed": {"name": "car", "object": "GMC SAVANA (1GTW7BFG2L1262154)", "fields": ["\\u0414\\u0430\\u0442\\u0430 \\u043f\\u0435\\u0440\\u0435\\u0434\\u0430\\u0447\\u0438"]}}]	12	1
383	2025-05-05 16:56:16.556609+03	5	TRHU6810414	2	[]	12	1
384	2025-05-05 16:56:40.715085+03	5	TRHU6810414	2	[{"changed": {"name": "car", "object": "LINCOLN NAVIGATOR (5LMJJ2TT1LEL14419)", "fields": ["\\u0421\\u0442\\u0430\\u0442\\u0443\\u0441", "\\u0414\\u0430\\u0442\\u0430 \\u043f\\u0435\\u0440\\u0435\\u0434\\u0430\\u0447\\u0438"]}}, {"changed": {"name": "car", "object": "GMC SAVANA (1GTW7BFG2L1262154)", "fields": ["\\u0421\\u0442\\u0430\\u0442\\u0443\\u0441", "\\u0414\\u0430\\u0442\\u0430 \\u043f\\u0435\\u0440\\u0435\\u0434\\u0430\\u0447\\u0438"]}}]	12	1
385	2025-05-06 10:14:38.976245+03	9	MAEU9231097	2	[{"changed": {"fields": ["\\u0421\\u0442\\u0430\\u0442\\u0443\\u0441", "\\u0414\\u0430\\u0442\\u0430 \\u0440\\u0430\\u0437\\u0433\\u0440\\u0443\\u0437\\u043a\\u0438", "THS"]}}]	12	1
386	2025-05-06 10:15:56.873853+03	9	MAEU9231097	2	[{"changed": {"fields": ["PROFT"]}}]	12	1
387	2025-05-07 19:08:31.704247+03	6	Неизвестный	1	[{"added": {}}]	9	1
388	2025-05-07 19:08:51.396093+03	34	AUDI Q5 (WA1BNAFYXJ2011763)	2	[{"changed": {"fields": ["\\u041a\\u043b\\u0438\\u0435\\u043d\\u0442"]}}]	10	1
389	2025-05-07 19:16:05.685225+03	12	GMC TERRAIN (3GKALTEV8ML374533)	2	[{"changed": {"fields": ["\\u0414\\u0430\\u0442\\u0430 \\u043f\\u0435\\u0440\\u0435\\u0434\\u0430\\u0447\\u0438", "THS"]}}]	10	1
390	2025-05-07 19:23:02.039428+03	37	BMW 330XE (3MW5P9J01M8B79100)	2	[{"changed": {"fields": ["\\u0414\\u0430\\u0442\\u0430 \\u043f\\u0435\\u0440\\u0435\\u0434\\u0430\\u0447\\u0438"]}}]	10	1
391	2025-05-07 19:24:19.754915+03	37	BMW 330XE (3MW5P9J01M8B79100)	2	[]	10	1
392	2025-05-07 20:13:45.827966+03	34	AUDI Q5 (WA1BNAFYXJ2011763)	2	[{"changed": {"fields": ["\\u0414\\u0430\\u0442\\u0430 \\u0440\\u0430\\u0437\\u0433\\u0440\\u0443\\u0437\\u043a\\u0438", "\\u0411\\u0435\\u0441\\u043f\\u043b\\u0430\\u0442\\u043d\\u044b\\u0435 \\u0434\\u043d\\u0438"]}}]	10	1
393	2025-05-07 20:14:56.506314+03	34	AUDI Q5 (WA1BNAFYXJ2011763)	2	[{"changed": {"fields": ["\\u0421\\u0442\\u0430\\u0442\\u0443\\u0441"]}}]	10	1
394	2025-05-07 20:16:50.133926+03	34	AUDI Q5 (WA1BNAFYXJ2011763)	2	[{"changed": {"fields": ["THS", "PROFT"]}}]	10	1
395	2025-05-07 20:17:09.527708+03	34	AUDI Q5 (WA1BNAFYXJ2011763)	2	[{"changed": {"fields": ["PROFT"]}}]	10	1
396	2025-05-07 20:17:15.8301+03	34	AUDI Q5 (WA1BNAFYXJ2011763)	2	[]	10	1
397	2025-05-07 20:20:23.276067+03	34	AUDI Q5 (WA1BNAFYXJ2011763)	2	[]	10	1
398	2025-05-07 20:26:39.693807+03	37	BMW 330XE (3MW5P9J01M8B79100)	2	[{"changed": {"fields": ["\\u0421\\u0442\\u0430\\u0442\\u0443\\u0441"]}}]	10	1
399	2025-05-07 20:27:49.168798+03	37	BMW 330XE (3MW5P9J01M8B79100)	2	[{"changed": {"fields": ["\\u0414\\u0430\\u0442\\u0430 \\u043f\\u0435\\u0440\\u0435\\u0434\\u0430\\u0447\\u0438"]}}]	10	1
400	2025-05-07 20:28:06.801272+03	37	BMW 330XE (3MW5P9J01M8B79100)	2	[{"changed": {"fields": ["THS", "PROFT"]}}]	10	1
401	2025-05-07 20:29:18.431685+03	37	BMW 330XE (3MW5P9J01M8B79100)	2	[{"changed": {"fields": ["\\u0418\\u0442\\u043e\\u0433\\u043e\\u0432\\u0430\\u044f \\u0446\\u0435\\u043d\\u0430"]}}]	10	1
402	2025-05-07 20:29:30.409448+03	37	BMW 330XE (3MW5P9J01M8B79100)	2	[{"changed": {"fields": ["PROFT"]}}]	10	1
403	2025-05-07 20:29:46.525931+03	37	BMW 330XE (3MW5P9J01M8B79100)	2	[]	10	1
404	2025-05-07 20:31:21.959047+03	48	LEXUS UX 250H (JTHR9JBH2M2049747)	2	[{"changed": {"fields": ["\\u0421\\u0442\\u0430\\u0442\\u0443\\u0441"]}}]	10	1
405	2025-05-07 20:32:47.472737+03	48	LEXUS UX 250H (JTHR9JBH2M2049747)	2	[{"changed": {"fields": ["\\u0414\\u0430\\u0442\\u0430 \\u043f\\u0435\\u0440\\u0435\\u0434\\u0430\\u0447\\u0438"]}}]	10	1
406	2025-05-07 20:33:08.668854+03	48	LEXUS UX 250H (JTHR9JBH2M2049747)	2	[{"changed": {"fields": ["\\u0414\\u0430\\u0442\\u0430 \\u043f\\u0435\\u0440\\u0435\\u0434\\u0430\\u0447\\u0438"]}}]	10	1
407	2025-05-07 20:35:17.657145+03	48	LEXUS UX 250H (JTHR9JBH2M2049747)	2	[]	10	1
408	2025-05-07 20:36:16.253476+03	46	FORD FUSION (3FA6P0RU4JR214153)	2	[{"changed": {"fields": ["\\u0421\\u0442\\u0430\\u0442\\u0443\\u0441", "\\u0414\\u0430\\u0442\\u0430 \\u043f\\u0435\\u0440\\u0435\\u0434\\u0430\\u0447\\u0438"]}}]	10	1
409	2025-05-07 20:36:33.130544+03	46	FORD FUSION (3FA6P0RU4JR214153)	2	[{"changed": {"fields": ["\\u0414\\u0430\\u0442\\u0430 \\u043f\\u0435\\u0440\\u0435\\u0434\\u0430\\u0447\\u0438"]}}]	10	1
410	2025-05-07 20:36:55.787088+03	46	FORD FUSION (3FA6P0RU4JR214153)	2	[{"changed": {"fields": ["\\u0414\\u0430\\u0442\\u0430 \\u043f\\u0435\\u0440\\u0435\\u0434\\u0430\\u0447\\u0438"]}}]	10	1
411	2025-05-07 20:37:16.583072+03	46	FORD FUSION (3FA6P0RU4JR214153)	2	[{"changed": {"fields": ["\\u0414\\u0430\\u0442\\u0430 \\u043f\\u0435\\u0440\\u0435\\u0434\\u0430\\u0447\\u0438"]}}]	10	1
412	2025-05-07 20:37:50.251586+03	46	FORD FUSION (3FA6P0RU4JR214153)	2	[]	10	1
413	2025-05-07 20:38:12.550617+03	47	AUDI Q8 (WA1FVAF12KD038854)	2	[{"changed": {"fields": ["\\u0421\\u0442\\u0430\\u0442\\u0443\\u0441", "\\u0414\\u0430\\u0442\\u0430 \\u043f\\u0435\\u0440\\u0435\\u0434\\u0430\\u0447\\u0438"]}}]	10	1
414	2025-05-07 20:38:28.594052+03	47	AUDI Q8 (WA1FVAF12KD038854)	2	[]	10	1
415	2025-05-07 20:39:13.610631+03	35	LINCOLN MKZ (3LN6L5LU2KR622238)	2	[{"changed": {"fields": ["\\u0421\\u0442\\u0430\\u0442\\u0443\\u0441", "THS"]}}]	10	1
416	2025-05-07 20:40:11.219179+03	35	LINCOLN MKZ (3LN6L5LU2KR622238)	2	[]	10	1
419	2025-05-07 20:41:27.211997+03	36	BMW X3 (5UX53DP04P9R11818)	2	[{"changed": {"fields": ["THS"]}}]	10	1
420	2025-05-07 20:41:58.477031+03	36	BMW X3 (5UX53DP04P9R11818)	2	[]	10	1
421	2025-05-07 20:48:26.297227+03	48	LEXUS UX 250H (JTHR9JBH2M2049747)	2	[{"changed": {"fields": ["\\u0421\\u0442\\u0430\\u0442\\u0443\\u0441"]}}]	10	1
422	2025-05-07 20:49:45.216021+03	48	LEXUS UX 250H (JTHR9JBH2M2049747)	2	[{"changed": {"fields": ["\\u0414\\u0430\\u0442\\u0430 \\u043f\\u0435\\u0440\\u0435\\u0434\\u0430\\u0447\\u0438"]}}]	10	1
423	2025-05-07 20:49:57.636471+03	48	LEXUS UX 250H (JTHR9JBH2M2049747)	2	[{"changed": {"fields": ["\\u0414\\u0430\\u0442\\u0430 \\u043f\\u0435\\u0440\\u0435\\u0434\\u0430\\u0447\\u0438"]}}]	10	1
424	2025-05-07 20:50:59.858461+03	48	LEXUS UX 250H (JTHR9JBH2M2049747)	2	[{"changed": {"fields": ["\\u0414\\u0430\\u0442\\u0430 \\u0440\\u0430\\u0437\\u0433\\u0440\\u0443\\u0437\\u043a\\u0438"]}}]	10	1
425	2025-05-07 20:51:07.60772+03	48	LEXUS UX 250H (JTHR9JBH2M2049747)	2	[{"changed": {"fields": ["\\u0414\\u0430\\u0442\\u0430 \\u0440\\u0430\\u0437\\u0433\\u0440\\u0443\\u0437\\u043a\\u0438"]}}]	10	1
426	2025-05-07 20:51:19.262182+03	48	LEXUS UX 250H (JTHR9JBH2M2049747)	2	[{"changed": {"fields": ["\\u0414\\u0430\\u0442\\u0430 \\u0440\\u0430\\u0437\\u0433\\u0440\\u0443\\u0437\\u043a\\u0438"]}}]	10	1
427	2025-05-07 20:51:26.800167+03	48	LEXUS UX 250H (JTHR9JBH2M2049747)	2	[{"changed": {"fields": ["\\u0414\\u0430\\u0442\\u0430 \\u0440\\u0430\\u0437\\u0433\\u0440\\u0443\\u0437\\u043a\\u0438"]}}]	10	1
428	2025-05-07 20:51:33.72522+03	48	LEXUS UX 250H (JTHR9JBH2M2049747)	2	[]	10	1
429	2025-05-07 20:52:04.09207+03	46	FORD FUSION (3FA6P0RU4JR214153)	2	[{"changed": {"fields": ["\\u0421\\u0442\\u0430\\u0442\\u0443\\u0441", "\\u0414\\u0430\\u0442\\u0430 \\u0440\\u0430\\u0437\\u0433\\u0440\\u0443\\u0437\\u043a\\u0438", "\\u0414\\u0430\\u0442\\u0430 \\u043f\\u0435\\u0440\\u0435\\u0434\\u0430\\u0447\\u0438"]}}]	10	1
430	2025-05-07 20:52:25.610164+03	46	FORD FUSION (3FA6P0RU4JR214153)	2	[]	10	1
431	2025-05-07 20:52:48.565137+03	47	AUDI Q8 (WA1FVAF12KD038854)	2	[{"changed": {"fields": ["\\u0421\\u0442\\u0430\\u0442\\u0443\\u0441", "\\u0414\\u0430\\u0442\\u0430 \\u0440\\u0430\\u0437\\u0433\\u0440\\u0443\\u0437\\u043a\\u0438", "\\u0414\\u0430\\u0442\\u0430 \\u043f\\u0435\\u0440\\u0435\\u0434\\u0430\\u0447\\u0438"]}}]	10	1
432	2025-05-07 20:53:23.081215+03	35	LINCOLN MKZ (3LN6L5LU2KR622238)	2	[{"changed": {"fields": ["\\u0421\\u0442\\u0430\\u0442\\u0443\\u0441", "\\u0414\\u0430\\u0442\\u0430 \\u0440\\u0430\\u0437\\u0433\\u0440\\u0443\\u0437\\u043a\\u0438", "\\u0414\\u0430\\u0442\\u0430 \\u043f\\u0435\\u0440\\u0435\\u0434\\u0430\\u0447\\u0438"]}}]	10	1
433	2025-05-07 20:53:31.487101+03	35	LINCOLN MKZ (3LN6L5LU2KR622238)	2	[{"changed": {"fields": ["\\u0414\\u0430\\u0442\\u0430 \\u0440\\u0430\\u0437\\u0433\\u0440\\u0443\\u0437\\u043a\\u0438"]}}]	10	1
434	2025-05-07 20:53:39.158568+03	35	LINCOLN MKZ (3LN6L5LU2KR622238)	2	[{"changed": {"fields": ["\\u0414\\u0430\\u0442\\u0430 \\u0440\\u0430\\u0437\\u0433\\u0440\\u0443\\u0437\\u043a\\u0438"]}}]	10	1
435	2025-05-07 20:53:44.625394+03	35	LINCOLN MKZ (3LN6L5LU2KR622238)	2	[]	10	1
436	2025-05-07 20:54:29.295517+03	36	BMW X3 (5UX53DP04P9R11818)	2	[{"changed": {"fields": ["\\u0421\\u0442\\u0430\\u0442\\u0443\\u0441", "\\u0414\\u0430\\u0442\\u0430 \\u0440\\u0430\\u0437\\u0433\\u0440\\u0443\\u0437\\u043a\\u0438", "\\u0414\\u0430\\u0442\\u0430 \\u043f\\u0435\\u0440\\u0435\\u0434\\u0430\\u0447\\u0438"]}}]	10	1
437	2025-05-07 20:54:38.110382+03	36	BMW X3 (5UX53DP04P9R11818)	2	[]	10	1
438	2025-05-07 20:54:57.361406+03	37	BMW 330XE (3MW5P9J01M8B79100)	2	[{"changed": {"fields": ["\\u0421\\u0442\\u0430\\u0442\\u0443\\u0441", "\\u0414\\u0430\\u0442\\u0430 \\u043f\\u0435\\u0440\\u0435\\u0434\\u0430\\u0447\\u0438"]}}]	10	1
439	2025-05-07 20:55:06.440209+03	37	BMW 330XE (3MW5P9J01M8B79100)	2	[{"changed": {"fields": ["\\u0414\\u0430\\u0442\\u0430 \\u0440\\u0430\\u0437\\u0433\\u0440\\u0443\\u0437\\u043a\\u0438"]}}]	10	1
440	2025-05-07 20:55:40.625037+03	37	BMW 330XE (3MW5P9J01M8B79100)	2	[{"changed": {"fields": ["\\u0414\\u0430\\u0442\\u0430 \\u0440\\u0430\\u0437\\u0433\\u0440\\u0443\\u0437\\u043a\\u0438"]}}]	10	1
441	2025-05-07 20:55:47.806476+03	37	BMW 330XE (3MW5P9J01M8B79100)	2	[]	10	1
442	2025-05-12 22:09:21.629372+03	37	BMW 330XE (3MW5P9J01M8B79100)	2	[{"changed": {"fields": ["\\u0421\\u0442\\u0430\\u0442\\u0443\\u0441"]}}]	10	1
443	2025-05-12 22:09:39.252268+03	48	LEXUS UX 250H (JTHR9JBH2M2049747)	2	[{"changed": {"fields": ["\\u0421\\u0442\\u0430\\u0442\\u0443\\u0441"]}}]	10	1
444	2025-05-12 22:09:58.349026+03	36	BMW X3 (5UX53DP04P9R11818)	2	[{"changed": {"fields": ["\\u0421\\u0442\\u0430\\u0442\\u0443\\u0441"]}}]	10	1
445	2025-05-12 22:10:10.728631+03	35	LINCOLN MKZ (3LN6L5LU2KR622238)	2	[{"changed": {"fields": ["\\u0421\\u0442\\u0430\\u0442\\u0443\\u0441"]}}]	10	1
446	2025-05-12 22:10:26.591669+03	47	AUDI Q8 (WA1FVAF12KD038854)	2	[{"changed": {"fields": ["\\u0421\\u0442\\u0430\\u0442\\u0443\\u0441"]}}]	10	1
447	2025-05-12 22:10:47.759516+03	46	FORD FUSION (3FA6P0RU4JR214153)	2	[{"changed": {"fields": ["\\u0421\\u0442\\u0430\\u0442\\u0443\\u0441"]}}]	10	1
448	2025-05-13 00:04:53.793587+03	48	LEXUS UX 250H (JTHR9JBH2M2049747)	2	[{"changed": {"fields": ["DAYS"]}}]	10	1
449	2025-05-13 00:05:42.18546+03	48	LEXUS UX 250H (JTHR9JBH2M2049747)	2	[{"changed": {"fields": ["\\u0414\\u0430\\u0442\\u0430 \\u043f\\u0435\\u0440\\u0435\\u0434\\u0430\\u0447\\u0438"]}}]	10	1
450	2025-05-13 00:05:59.936864+03	48	LEXUS UX 250H (JTHR9JBH2M2049747)	2	[{"changed": {"fields": ["PROFT"]}}]	10	1
451	2025-05-13 00:06:10.051887+03	48	LEXUS UX 250H (JTHR9JBH2M2049747)	2	[]	10	1
452	2025-05-13 00:07:28.300216+03	46	FORD FUSION (3FA6P0RU4JR214153)	2	[{"changed": {"fields": ["\\u0414\\u0430\\u0442\\u0430 \\u043f\\u0435\\u0440\\u0435\\u0434\\u0430\\u0447\\u0438"]}}]	10	1
453	2025-05-13 00:07:44.708854+03	46	FORD FUSION (3FA6P0RU4JR214153)	2	[{"changed": {"fields": ["PROFT"]}}]	10	1
454	2025-05-13 00:07:47.912088+03	46	FORD FUSION (3FA6P0RU4JR214153)	2	[]	10	1
455	2025-05-13 00:08:11.824349+03	47	AUDI Q8 (WA1FVAF12KD038854)	2	[{"changed": {"fields": ["\\u0414\\u0430\\u0442\\u0430 \\u043f\\u0435\\u0440\\u0435\\u0434\\u0430\\u0447\\u0438"]}}]	10	1
456	2025-05-13 00:08:27.313945+03	47	AUDI Q8 (WA1FVAF12KD038854)	2	[{"changed": {"fields": ["PROFT"]}}]	10	1
457	2025-05-13 00:09:15.611634+03	35	LINCOLN MKZ (3LN6L5LU2KR622238)	2	[{"changed": {"fields": ["\\u0414\\u0430\\u0442\\u0430 \\u043f\\u0435\\u0440\\u0435\\u0434\\u0430\\u0447\\u0438"]}}]	10	1
458	2025-05-13 00:09:29.138971+03	35	LINCOLN MKZ (3LN6L5LU2KR622238)	2	[{"changed": {"fields": ["PROFT"]}}]	10	1
459	2025-05-13 00:09:34.696461+03	35	LINCOLN MKZ (3LN6L5LU2KR622238)	2	[]	10	1
460	2025-05-13 00:10:05.06852+03	36	BMW X3 (5UX53DP04P9R11818)	2	[{"changed": {"fields": ["\\u0414\\u0430\\u0442\\u0430 \\u043f\\u0435\\u0440\\u0435\\u0434\\u0430\\u0447\\u0438"]}}]	10	1
461	2025-05-13 00:10:13.68078+03	36	BMW X3 (5UX53DP04P9R11818)	2	[{"changed": {"fields": ["PROFT"]}}]	10	1
462	2025-05-13 00:10:47.934404+03	37	BMW 330XE (3MW5P9J01M8B79100)	2	[{"changed": {"fields": ["\\u0414\\u0430\\u0442\\u0430 \\u043f\\u0435\\u0440\\u0435\\u0434\\u0430\\u0447\\u0438"]}}]	10	1
463	2025-05-13 00:10:58.160132+03	37	BMW 330XE (3MW5P9J01M8B79100)	2	[]	10	1
464	2025-05-13 00:19:03.381639+03	123	AV-000002 (Ждём оплату)	1	[{"added": {}}]	16	1
465	2025-05-13 00:20:15.223183+03	8	1045 (BALANCE)	1	[{"added": {}}]	15	1
466	2025-05-13 12:29:47.976861+03	102	2025.04.16 (Нужно оплатить)	3		16	1
467	2025-05-14 20:34:49.249792+03	9	1000 (CARD)	1	[{"added": {}}]	15	1
468	2025-05-14 20:36:36.607354+03	6	1333.00 (CARD)	2	[{"changed": {"fields": ["\\u0421\\u0443\\u043c\\u043c\\u0430"]}}]	15	1
469	2025-05-14 20:36:51.813285+03	7	1336.00 (CARD)	2	[{"changed": {"fields": ["\\u0421\\u0443\\u043c\\u043c\\u0430"]}}]	15	1
470	2025-05-14 20:37:05.804971+03	8	1046.00 (BALANCE)	2	[{"changed": {"fields": ["\\u0421\\u0443\\u043c\\u043c\\u0430"]}}]	15	1
471	2025-05-14 20:37:23.359192+03	9	1000.00 (CARD)	3		15	1
472	2025-05-14 20:38:13.560544+03	6	1300.00 (CARD)	2	[{"changed": {"fields": ["\\u0421\\u0443\\u043c\\u043c\\u0430"]}}]	15	1
473	2025-05-14 20:38:20.715523+03	7	1335.00 (CARD)	2	[{"changed": {"fields": ["\\u0421\\u0443\\u043c\\u043c\\u0430"]}}]	15	1
474	2025-05-14 20:38:34.184778+03	8	1046.00 (BALANCE)	2	[]	15	1
475	2025-05-14 20:39:00.773256+03	8	1046.00 (BALANCE)	2	[{"changed": {"fields": ["\\u041e\\u043f\\u043b\\u0430\\u0447\\u0435\\u043d\\u043e \\u0441 \\u0431\\u0430\\u043b\\u0430\\u043d\\u0441\\u0430"]}}]	15	1
476	2025-05-14 20:45:32.437242+03	6	1333.00 (CARD)	2	[{"changed": {"fields": ["\\u0421\\u0443\\u043c\\u043c\\u0430"]}}]	15	1
477	2025-05-14 20:48:05.39461+03	6	1300.00 (CARD)	2	[{"changed": {"fields": ["\\u0421\\u0443\\u043c\\u043c\\u0430"]}}]	15	1
478	2025-05-14 21:00:41.77167+03	8	1046.00 (BALANCE)	3		15	1
479	2025-05-14 21:00:41.771711+03	7	1335.00 (CARD)	3		15	1
480	2025-05-14 21:00:41.771725+03	6	1300.00 (CARD)	3		15	1
481	2025-05-14 21:21:50.341766+03	10	1335 (CARD)	1	[{"added": {}}]	15	1
482	2025-05-14 21:22:16.787558+03	11	1300 (CARD)	1	[{"added": {}}]	15	1
483	2025-05-14 21:25:10.401588+03	99	AV-000001 (Ждём оплату)	2	[]	16	1
484	2025-05-14 21:33:09.678916+03	99	AV-000001 (Ждём оплату)	2	[{"changed": {"fields": ["\\u041e\\u043f\\u043b\\u0430\\u0447\\u0435\\u043d"]}}]	16	1
485	2025-05-14 21:36:25.202746+03	99	AV-000001 (Ждём оплату)	3		16	1
486	2025-05-14 22:55:08.124308+03	136	AV-000001 (Ждём оплату)	1	[{"added": {}}]	16	1
487	2025-05-14 23:09:33.853759+03	136	AV-000001 (Ждём оплату)	2	[]	16	1
488	2025-05-14 23:11:27.233958+03	11	1300.00 (CARD)	2	[{"changed": {"fields": ["\\u0418\\u043d\\u0432\\u043e\\u0439\\u0441"]}}]	15	1
489	2025-05-14 23:11:38.948524+03	10	1335.00 (CARD)	2	[{"changed": {"fields": ["\\u0418\\u043d\\u0432\\u043e\\u0439\\u0441"]}}]	15	1
490	2025-05-14 23:13:05.012389+03	12	1045 (BALANCE)	1	[{"added": {}}]	15	1
491	2025-05-15 00:02:32.170648+03	13	1000 (CARD)	1	[{"added": {}}]	15	1
492	2025-05-15 00:07:28.750502+03	14	1000 (CASH)	1	[{"added": {}}]	15	1
493	2025-05-15 00:09:11.836916+03	14	1000.00 (CASH)	3		15	1
494	2025-05-15 00:09:11.836957+03	13	1000.00 (CARD)	3		15	1
495	2025-05-15 00:23:06.546185+03	17	1300 (CARD)	1	[{"added": {}}]	15	1
496	2025-05-15 00:34:55.384545+03	17	1200.00 (CARD)	2	[{"changed": {"fields": ["\\u0421\\u0443\\u043c\\u043c\\u0430"]}}]	15	1
497	2025-05-15 00:45:14.945587+03	18	1000 (CASH)	1	[{"added": {}}]	15	1
498	2025-05-15 00:45:55.275038+03	18	500.00 (CASH)	2	[{"changed": {"fields": ["\\u0421\\u0443\\u043c\\u043c\\u0430"]}}]	15	1
499	2025-05-15 01:08:43.819271+03	18	500.00 (CASH)	3		15	1
500	2025-05-15 01:18:33.661873+03	19	1000 (CARD)	1	[{"added": {}}]	15	1
501	2025-05-15 01:19:07.086999+03	19	1000.00 (CARD)	3		15	1
502	2025-05-18 21:23:43.463116+03	20	1000 (CARD)	1	[{"added": {}}]	15	1
503	2025-05-18 21:24:37.22045+03	20	1000.00 (CARD)	3		15	1
504	2025-05-18 21:35:16.201332+03	21	1000 (CARD)	1	[{"added": {}}]	15	1
505	2025-05-18 21:50:30.704152+03	21	1000.00 (CARD, Инвойс: Без инвойса)	2	[]	15	1
506	2025-05-18 21:51:09.182179+03	21	1000.00 (CARD, Инвойс: Без инвойса)	3		15	1
507	2025-05-18 21:54:36.855243+03	22	1000 (CARD, Инвойс: Без инвойса)	1	[{"added": {}}]	15	1
508	2025-05-18 21:55:11.869534+03	22	1000.00 (CARD, Инвойс: Без инвойса)	3		15	1
509	2025-05-18 22:05:37.095102+03	23	1000 (CARD, Инвойс: Без инвойса)	1	[{"added": {}}]	15	1
510	2025-05-18 22:06:03.563135+03	23	1000.00 (CARD, Инвойс: Без инвойса)	3		15	1
511	2025-05-18 22:08:01.531724+03	24	1000 (CASH, Инвойс: Без инвойса)	1	[{"added": {}}]	15	1
512	2025-05-18 22:13:43.808432+03	24	1000.00 (CASH, Инвойс: Без инвойса)	3		15	1
513	2025-05-18 22:19:06.358023+03	25	1000 (CASH, Инвойс: Без инвойса)	1	[{"added": {}}]	15	1
514	2025-05-18 23:08:39.7704+03	25	1000.00 (CASH, Инвойс: Без инвойса)	3		15	1
515	2025-05-18 23:35:34.113226+03	17	1200.00 (CARD, Инвойс: AV-000002)	2	[]	15	1
516	2025-05-18 23:36:52.911327+03	17	1200.00 (CARD, Инвойс: Без инвойса)	2	[{"changed": {"fields": ["\\u0418\\u043d\\u0432\\u043e\\u0439\\u0441"]}}]	15	1
517	2025-05-18 23:37:06.728153+03	17	1200.00 (CARD, Инвойс: AV-000002)	2	[{"changed": {"fields": ["\\u0418\\u043d\\u0432\\u043e\\u0439\\u0441"]}}]	15	1
518	2025-05-19 00:11:15.781697+03	28	1045.00 (BALANCE, Инвойс: AV-000002)	2	[{"changed": {"fields": ["\\u0418\\u043d\\u0432\\u043e\\u0439\\u0441"]}}]	15	1
519	2025-05-19 00:15:25.123793+03	123	AV-000002 (Ждём оплату)	2	[{"changed": {"fields": ["\\u041e\\u043f\\u043b\\u0430\\u0447\\u0435\\u043d"]}}]	16	1
520	2025-05-19 00:15:30.441658+03	136	AV-000001 (Ждём оплату)	2	[]	16	1
521	2025-05-19 00:15:36.08662+03	136	AV-000001 (Ждём оплату)	2	[{"changed": {"fields": ["\\u041e\\u043f\\u043b\\u0430\\u0447\\u0435\\u043d"]}}]	16	1
522	2025-05-19 00:16:08.07099+03	26	1300.00 (CARD, Инвойс: AV-000001)	2	[]	15	1
523	2025-05-19 00:16:13.965264+03	27	1335.00 (CARD, Инвойс: AV-000001)	2	[]	15	1
524	2025-05-19 00:16:19.352603+03	28	1045.00 (BALANCE, Инвойс: AV-000002)	2	[]	15	1
525	2025-05-19 00:16:25.472805+03	29	1200.00 (CARD, Инвойс: AV-000002)	2	[]	15	1
526	2025-05-19 20:29:01.962506+03	136	AV-000001 (Ждём оплату)	2	[]	16	1
527	2025-05-19 20:29:11.784066+03	123	AV-000002 (Ждём оплату)	2	[]	16	1
528	2025-05-19 20:42:47.903448+03	33	1000 (CASH, Инвойс: Без инвойса)	1	[{"added": {}}]	15	1
529	2025-05-19 20:43:27.186802+03	34	1000 (CARD, Инвойс: AV-000002)	1	[{"added": {}}]	15	1
530	2025-05-19 20:44:37.922731+03	34	1000.00 (CARD, Инвойс: Без инвойса)	2	[{"changed": {"fields": ["\\u0418\\u043d\\u0432\\u043e\\u0439\\u0441"]}}]	15	1
531	2025-05-19 21:10:12.170039+03	47	10000 (CASH, Инвойс: Без инвойса)	1	[{"added": {}}]	15	1
532	2025-05-19 21:10:27.712465+03	47	1000.00 (CASH, Инвойс: Без инвойса)	2	[{"changed": {"fields": ["\\u0421\\u0443\\u043c\\u043c\\u0430"]}}]	15	1
533	2025-05-19 21:51:13.489796+03	47	1000.00 (CASH, Инвойс: Без инвойса)	3		15	1
534	2025-05-19 21:51:13.489856+03	46	1200.00 (CARD, Инвойс: AV-000002)	3		15	1
535	2025-05-19 21:51:13.48988+03	45	1045.00 (BALANCE, Инвойс: Без инвойса)	3		15	1
536	2025-05-19 21:51:13.489899+03	44	1335.00 (CARD, Инвойс: AV-000001)	3		15	1
537	2025-05-19 21:51:13.489912+03	43	1300.00 (CARD, Инвойс: AV-000001)	3		15	1
538	2025-05-19 21:59:42.9071+03	136	AV-000001 (Ждём оплату)	2	[{"changed": {"fields": ["\\u041e\\u043f\\u043b\\u0430\\u0447\\u0435\\u043d"]}}]	16	1
539	2025-05-19 22:21:10.028274+03	161	2 (Ждём оплату)	1	[{"added": {}}]	16	1
540	2025-05-19 22:24:54.477147+03	35	LINCOLN MKZ (3LN6L5LU2KR622238)	2	[]	10	1
541	2025-05-19 22:28:40.577542+03	161	2 (Ждём оплату)	2	[]	16	1
542	2025-05-19 22:31:29.443753+03	35	LINCOLN MKZ (3LN6L5LU2KR622238)	2	[]	10	1
543	2025-05-19 22:38:01.034566+03	51	2000 (CARD, Инвойс: 2)	1	[{"added": {}}]	15	1
544	2025-05-19 22:38:52.044694+03	51	2000.00 (CARD, Инвойс: 2)	3		15	1
545	2025-05-19 22:56:02.764443+03	171	temp_20250519195207 (Ждём оплату)	3		16	1
546	2025-05-19 22:56:02.764493+03	170	temp_20250519195100 (Ждём оплату)	3		16	1
547	2025-05-19 22:56:02.764508+03	169	temp_20250519195040 (Ждём оплату)	3		16	1
548	2025-05-19 23:06:17.008986+03	174	temp_20250519195757 (Ждём оплату)	3		16	1
549	2025-05-19 23:13:53.345721+03	177	2 (Ждём оплату)	1	[{"added": {}}]	16	1
550	2025-05-19 23:14:15.926579+03	177	2 (Ждём оплату)	2	[{"changed": {"fields": ["\\u041e\\u043f\\u043b\\u0430\\u0447\\u0435\\u043d"]}}]	16	1
551	2025-05-19 23:18:02.184349+03	181	1 (Ждём оплату)	1	[{"added": {}}]	16	1
552	2025-05-19 23:18:14.832122+03	181	1 (Ждём оплату)	2	[{"changed": {"fields": ["\\u041e\\u043f\\u043b\\u0430\\u0447\\u0435\\u043d"]}}]	16	1
553	2025-05-19 23:19:00.446812+03	52	1000 (CASH, Инвойс: Без инвойса)	1	[{"added": {}}]	15	1
554	2025-05-19 23:20:10.106432+03	53	2000 (CARD, Инвойс: 1)	1	[{"added": {}}]	15	1
555	2025-05-19 23:21:22.578937+03	54	2000 (CARD, Инвойс: 2)	1	[{"added": {}}]	15	1
556	2025-05-19 23:32:08.8692+03	54	2000.00 (CARD, Инвойс: 2)	3		15	1
557	2025-05-19 23:32:08.869244+03	53	2000.00 (CARD, Инвойс: 1)	3		15	1
558	2025-05-19 23:32:08.869265+03	52	1000.00 (CASH, Инвойс: Без инвойса)	3		15	1
559	2025-05-19 23:32:40.697484+03	181	1 (Ждём оплату)	3		16	1
560	2025-05-19 23:32:40.697545+03	177	2 (Ждём оплату)	3		16	1
561	2025-05-19 23:38:49.803259+03	185	1 (Ждём оплату)	1	[{"added": {}}]	16	1
562	2025-05-19 23:38:57.719167+03	185	1 (Ждём оплату)	2	[{"changed": {"fields": ["\\u041e\\u043f\\u043b\\u0430\\u0447\\u0435\\u043d"]}}]	16	1
563	2025-05-19 23:42:04.517685+03	185	2 (Ждём оплату)	2	[{"changed": {"fields": ["\\u041d\\u043e\\u043c\\u0435\\u0440 \\u0438\\u043d\\u0432\\u043e\\u0439\\u0441\\u0430"]}}]	16	1
564	2025-05-19 23:43:38.182878+03	192	1 (Ждём оплату)	1	[{"added": {}}]	16	1
565	2025-05-19 23:43:46.412153+03	192	1 (Ждём оплату)	2	[{"changed": {"fields": ["\\u041e\\u043f\\u043b\\u0430\\u0447\\u0435\\u043d"]}}]	16	1
566	2025-05-19 23:44:21.039037+03	55	2000 (CARD, Инвойс: 1)	1	[{"added": {}}]	15	1
567	2025-05-19 23:45:43.342715+03	55	2000.00 (CARD, Инвойс: 1)	2	[{"changed": {"fields": ["\\u041e\\u043f\\u043b\\u0430\\u0447\\u0435\\u043d\\u043e \\u0441 \\u0431\\u0430\\u043b\\u0430\\u043d\\u0441\\u0430"]}}]	15	1
568	2025-05-19 23:47:45.717684+03	56	5000 (CARD, Инвойс: Без инвойса)	1	[{"added": {}}]	15	1
569	2025-05-19 23:48:13.833541+03	56	5000.00 (CASH, Инвойс: Без инвойса)	2	[{"changed": {"fields": ["\\u0422\\u0438\\u043f \\u043f\\u043b\\u0430\\u0442\\u0435\\u0436\\u0430"]}}]	15	1
570	2025-05-20 00:18:17.92465+03	197	1 (Ждём оплату)	1	[{"added": {}}]	16	1
571	2025-05-20 00:18:44.751488+03	197	1 (Ждём оплату)	2	[{"changed": {"fields": ["\\u041e\\u043f\\u043b\\u0430\\u0447\\u0435\\u043d"]}}]	16	1
572	2025-05-20 00:20:27.859772+03	201	2 (Ждём оплату)	1	[{"added": {}}]	16	1
573	2025-05-20 00:20:33.976443+03	201	2 (Ждём оплату)	2	[{"changed": {"fields": ["\\u041e\\u043f\\u043b\\u0430\\u0447\\u0435\\u043d"]}}]	16	1
574	2025-05-20 00:22:25.970944+03	57	1335 (CARD, Инвойс: 1)	1	[{"added": {}}]	15	1
575	2025-05-20 00:22:55.103722+03	57	1335.00 (CARD, Инвойс: 1)	2	[{"changed": {"fields": ["\\u041e\\u043f\\u043b\\u0430\\u0447\\u0435\\u043d\\u043e \\u0441 \\u0431\\u0430\\u043b\\u0430\\u043d\\u0441\\u0430"]}}]	15	1
576	2025-05-20 00:23:37.759037+03	57	1335.00 (CARD, Инвойс: 1)	2	[{"changed": {"fields": ["\\u041e\\u043f\\u043b\\u0430\\u0447\\u0435\\u043d\\u043e \\u0441 \\u0431\\u0430\\u043b\\u0430\\u043d\\u0441\\u0430"]}}]	15	1
577	2025-05-20 00:24:44.121441+03	58	1300 (CARD, Инвойс: 1)	1	[{"added": {}}]	15	1
578	2025-05-20 00:26:09.980056+03	58	1300.00 (CARD, Инвойс: 1)	3		15	1
579	2025-05-20 00:26:37.491011+03	57	1335.00 (CARD, Инвойс: 1)	3		15	1
580	2025-05-20 00:27:12.690258+03	197	1 (Ждём оплату)	2	[{"changed": {"fields": ["\\u041e\\u043f\\u043b\\u0430\\u0447\\u0435\\u043d"]}}]	16	1
581	2025-05-20 14:07:46.4201+03	201	2 (Ждём оплату)	3		16	1
582	2025-05-20 14:07:46.420194+03	197	1 (Ждём оплату)	3		16	1
583	2025-05-20 14:58:33.78412+03	206	1 (Ждём оплату)	1	[{"added": {}}]	16	1
584	2025-05-20 14:58:53.151274+03	206	1 (Ждём оплату)	2	[{"changed": {"fields": ["\\u041e\\u043f\\u043b\\u0430\\u0447\\u0435\\u043d"]}}]	16	1
585	2025-05-20 15:00:22.239429+03	210	2 (Ждём оплату)	1	[{"added": {}}]	16	1
586	2025-05-20 15:00:27.855613+03	210	2 (Ждём оплату)	2	[{"changed": {"fields": ["\\u041e\\u043f\\u043b\\u0430\\u0447\\u0435\\u043d"]}}]	16	1
587	2025-05-20 15:02:00.863224+03	59	1335 (CARD, Инвойс: 1)	1	[{"added": {}}]	15	1
588	2025-05-20 15:02:44.199433+03	60	1300 (CARD, Инвойс: 1)	1	[{"added": {}}]	15	1
589	2025-05-20 15:08:39.592865+03	61	1045 (BALANCE, Инвойс: 2)	1	[{"added": {}}]	15	1
590	2025-05-20 15:09:53.461608+03	61	1045.00 (BALANCE, Инвойс: 2)	3		15	1
591	2025-05-20 15:10:46.668024+03	62	1045 (BALANCE, Инвойс: 2)	1	[{"added": {}}]	15	1
592	2025-05-20 15:11:10.951904+03	62	1045.00 (BALANCE, Инвойс: 2)	3		15	1
593	2025-05-20 15:12:06.248033+03	63	1045 (BALANCE, Инвойс: 2)	1	[{"added": {}}]	15	1
594	2025-05-20 15:13:42.614459+03	64	1200 (CARD, Инвойс: 2)	1	[{"added": {}}]	15	1
595	2025-05-20 15:41:15.692932+03	65	1000 (CASH, Инвойс: Без инвойса)	1	[{"added": {}}]	15	1
596	2025-05-20 15:42:51.804496+03	65	1000.00 (CASH, Инвойс: 2)	2	[{"changed": {"fields": ["\\u0418\\u043d\\u0432\\u043e\\u0439\\u0441"]}}]	15	1
597	2025-05-20 15:43:40.49617+03	65	1000.00 (CASH, Инвойс: 2)	3		15	1
598	2025-05-20 15:51:04.847228+03	67	1000 (CASH, Инвойс: Без инвойса)	1	[{"added": {}}]	15	1
599	2025-05-20 15:52:36.228737+03	67	1000.00 (CASH, Инвойс: 2)	2	[{"changed": {"fields": ["\\u0418\\u043d\\u0432\\u043e\\u0439\\u0441"]}}]	15	1
600	2025-05-20 15:57:05.420079+03	206	1 (Ждём оплату)	2	[{"changed": {"fields": ["\\u041e\\u043f\\u043b\\u0430\\u0447\\u0435\\u043d"]}}]	16	1
601	2025-05-20 15:57:20.194094+03	206	1 (Ждём оплату)	2	[{"changed": {"fields": ["\\u041e\\u043f\\u043b\\u0430\\u0447\\u0435\\u043d"]}}]	16	1
602	2025-05-20 15:57:30.828054+03	206	1 (Ждём оплату)	2	[{"changed": {"fields": ["\\u041e\\u043f\\u043b\\u0430\\u0447\\u0435\\u043d"]}}]	16	1
603	2025-05-20 16:18:04.119578+03	217	0001 (Ждём оплату)	1	[{"added": {}}]	16	1
604	2025-05-20 16:18:19.189211+03	217	0001 (Ждём оплату)	2	[{"changed": {"fields": ["\\u041e\\u043f\\u043b\\u0430\\u0447\\u0435\\u043d"]}}]	16	1
605	2025-05-20 16:20:18.011427+03	221	0002 (Ждём оплату)	1	[{"added": {}}]	16	1
606	2025-05-20 16:20:29.08334+03	221	0002 (Ждём оплату)	2	[{"changed": {"fields": ["\\u041e\\u043f\\u043b\\u0430\\u0447\\u0435\\u043d"]}}]	16	1
607	2025-05-20 16:21:10.204596+03	70	1335 (CARD, Инвойс: 0001)	1	[{"added": {}}]	15	1
608	2025-05-20 16:21:43.634494+03	71	1300 (CARD, Инвойс: 0001)	1	[{"added": {}}]	15	1
609	2025-05-20 16:22:50.96092+03	72	1045 (BALANCE, Инвойс: 0001)	1	[{"added": {}}]	15	1
610	2025-05-20 16:23:33.331164+03	73	1000 (CASH, Инвойс: Без инвойса)	1	[{"added": {}}]	15	1
611	2025-05-20 16:24:10.743385+03	73	1000.00 (CASH, Инвойс: 0002)	2	[{"changed": {"fields": ["\\u0418\\u043d\\u0432\\u043e\\u0439\\u0441"]}}]	15	1
612	2025-05-20 16:24:44.097259+03	73	1000.00 (CASH, Инвойс: 0002)	3		15	1
613	2025-05-20 16:25:52.19699+03	74	1200 (CARD, Инвойс: 0002)	1	[{"added": {}}]	15	1
614	2025-05-20 16:29:37.626558+03	74	1200.00 (CARD, Инвойс: Без инвойса)	2	[{"changed": {"fields": ["\\u0418\\u043d\\u0432\\u043e\\u0439\\u0441"]}}]	15	1
615	2025-05-20 16:37:57.397994+03	75	1000 (CASH, Инвойс: Без инвойса)	1	[{"added": {}}]	15	1
616	2025-05-20 16:38:48.677556+03	75	1000.00 (CASH, Инвойс: Без инвойса)	3		15	1
617	2025-05-20 17:07:44.874297+03	15	MRSU5659960	1	[{"added": {}}, {"added": {"name": "car", "object": "AUDI Q5 (WA1E2AFY9M2136909)"}}]	12	1
618	2025-05-20 17:08:52.633537+03	15	MRSU5659960	2	[{"changed": {"name": "car", "object": "AUDI Q5 (WA1E2AFY9M2136909)", "fields": ["\\u0414\\u0430\\u0442\\u0430 \\u0440\\u0430\\u0437\\u0433\\u0440\\u0443\\u0437\\u043a\\u0438", "\\u0414\\u0430\\u0442\\u0430 \\u043f\\u0435\\u0440\\u0435\\u0434\\u0430\\u0447\\u0438"]}}]	12	1
619	2025-05-20 17:11:01.330735+03	15	MRSU5659960	2	[{"added": {"name": "car", "object": "TESLA 3 (5YJ3E1ET7RF833624)"}}, {"changed": {"name": "car", "object": "AUDI Q5 (WA1E2AFY9M2136909)", "fields": ["\\u0421\\u0442\\u0430\\u0442\\u0443\\u0441"]}}]	12	1
620	2025-05-20 17:12:50.803942+03	15	MRSU5659960	2	[{"changed": {"fields": ["PROFT"]}}]	12	1
621	2025-05-20 17:15:21.15269+03	15	MRSU5659960	2	[{"added": {"name": "car", "object": "AUDI Q5 (WA1BNAFY5J2247401)"}}, {"changed": {"name": "car", "object": "AUDI Q5 (WA1E2AFY9M2136909)", "fields": ["\\u0414\\u0430\\u0442\\u0430 \\u043f\\u0435\\u0440\\u0435\\u0434\\u0430\\u0447\\u0438"]}}, {"changed": {"name": "car", "object": "TESLA 3 (5YJ3E1ET7RF833624)", "fields": ["\\u0414\\u0430\\u0442\\u0430 \\u043f\\u0435\\u0440\\u0435\\u0434\\u0430\\u0447\\u0438"]}}]	12	1
622	2025-05-20 17:16:56.344881+03	15	MRSU5659960	2	[{"added": {"name": "car", "object": "NISSAN LEAF (1N4AZ1CP8JC300481)"}}]	12	1
623	2025-05-20 17:18:49.519072+03	15	MRSU5659960	2	[]	12	1
624	2025-05-20 17:21:16.914973+03	226	0003 (Ждём оплату)	1	[{"added": {}}]	16	1
625	2025-05-20 17:21:23.63783+03	226	0003 (Ждём оплату)	2	[{"changed": {"fields": ["\\u041e\\u043f\\u043b\\u0430\\u0447\\u0435\\u043d"]}}]	16	1
626	2025-05-20 17:22:22.633516+03	74	1200.00 (BALANCE, Инвойс: 0003)	2	[{"changed": {"fields": ["\\u0418\\u043d\\u0432\\u043e\\u0439\\u0441", "\\u0422\\u0438\\u043f \\u043f\\u043b\\u0430\\u0442\\u0435\\u0436\\u0430", "\\u041e\\u043f\\u043b\\u0430\\u0447\\u0435\\u043d\\u043e \\u0441 \\u0431\\u0430\\u043b\\u0430\\u043d\\u0441\\u0430"]}}]	15	1
627	2025-05-20 18:27:38.319243+03	7	LTU OFFICE	1	[{"added": {}}]	9	1
628	2025-05-20 18:33:18.861474+03	16	SUDU8905020	1	[{"added": {}}, {"added": {"name": "car", "object": "GMC TERRAIN (3GKALVEV2ML345721)"}}, {"added": {"name": "car", "object": "CHEVROLET MALIBU (1G1ZD5ST3MF048359)"}}, {"added": {"name": "car", "object": "BMW X3 (5UXWX9C52H0T15586)"}}, {"added": {"name": "car", "object": "HONDA CRV (2HKRW6H36JH208721)"}}]	12	1
629	2025-05-20 18:33:35.417638+03	16	SUDU8905020	2	[{"changed": {"fields": ["\\u0421\\u0442\\u0430\\u0442\\u0443\\u0441"]}}]	12	1
630	2025-05-20 18:35:20.562589+03	17	CAAU7180006	1	[{"added": {}}]	12	1
631	2025-05-20 18:36:13.300444+03	17	CAAU7180006	2	[{"changed": {"fields": ["\\u041a\\u043b\\u0438\\u0435\\u043d\\u0442"]}}]	12	1
632	2025-05-20 18:39:31.453578+03	17	CAAU7180006	2	[{"added": {"name": "car", "object": "BMW 5 (WBAJA7C37HG906582)"}}, {"added": {"name": "car", "object": "VW JETTA (3VWC57BU1LM089745)"}}, {"added": {"name": "car", "object": "TOYOTA VENZA (JTEAAAAH0MJ077488)"}}, {"added": {"name": "car", "object": "HONDA CLARITY (JHMZC5F11JC012961)"}}]	12	1
633	2025-05-20 18:43:22.853118+03	18	CAAU9036390	1	[{"added": {}}]	12	1
634	2025-05-20 18:43:31.033568+03	17	CAAU7180006	2	[{"changed": {"fields": ["\\u0411\\u0435\\u0441\\u043f\\u043b\\u0430\\u0442\\u043d\\u044b\\u0435 \\u0434\\u043d\\u0438"]}}]	12	1
635	2025-05-20 18:43:55.063648+03	16	SUDU8905020	2	[{"changed": {"fields": ["\\u0411\\u0435\\u0441\\u043f\\u043b\\u0430\\u0442\\u043d\\u044b\\u0435 \\u0434\\u043d\\u0438"]}}]	12	1
636	2025-05-20 18:44:01.45625+03	17	CAAU7180006	2	[]	12	1
637	2025-05-20 18:47:28.21861+03	18	CAAU9036390	2	[{"added": {"name": "car", "object": "HONDA ACCORD (1HGCV1F41MA040538)"}}, {"added": {"name": "car", "object": "VW JETTA (3VWC57BU1LM083010)"}}, {"added": {"name": "car", "object": "CHEVROLET EQUINOX (2GNAXTEV5M6106860)"}}, {"added": {"name": "car", "object": "CHEVROLET EQUINOX (2GNAXNEV6M6104661)"}}]	12	1
638	2025-05-20 18:47:57.021234+03	18	CAAU9036390	2	[]	12	1
639	2025-05-20 18:55:51.662703+03	19	HASU4262073	1	[{"added": {}}, {"added": {"name": "car", "object": "CHEVROLET EQUINOX (3GNAXUEG4PS156484)"}}, {"added": {"name": "car", "object": "LAND ROVER (SALYL2EX9KA204782)"}}, {"added": {"name": "car", "object": "BMW 330I (3MW5R7J00L8B16356)"}}, {"added": {"name": "car", "object": "MERCEDEZ (W1KAF4HBXNR044290)"}}]	12	1
640	2025-05-20 18:56:42.372747+03	19	HASU4262073	2	[{"changed": {"fields": ["PROFT"]}}]	12	1
641	2025-05-20 18:56:50.326926+03	18	CAAU9036390	2	[{"changed": {"fields": ["PROFT"]}}]	12	1
642	2025-05-20 18:56:57.826435+03	17	CAAU7180006	2	[{"changed": {"fields": ["PROFT"]}}]	12	1
643	2025-05-20 18:57:07.291368+03	16	SUDU8905020	2	[{"changed": {"fields": ["PROFT"]}}]	12	1
644	2025-05-20 20:58:22.839078+03	221	0002 (Ждём оплату)	2	[{"changed": {"fields": ["\\u041e\\u043f\\u043b\\u0430\\u0447\\u0435\\u043d"]}}]	16	1
645	2025-05-20 23:55:20.814079+03	20	iygdiulccgdliu	1	[{"added": {}}]	12	1
646	2025-05-21 00:25:21.870973+03	19	HASU4262073	2	[{"changed": {"fields": ["\\u0414\\u0430\\u0442\\u0430 \\u0440\\u0430\\u0437\\u0433\\u0440\\u0443\\u0437\\u043a\\u0438"]}}, {"changed": {"name": "car", "object": "BMW 330I (3MW5R7J00L8B16356)", "fields": ["\\u0421\\u0442\\u0430\\u0442\\u0443\\u0441"]}}]	12	1
647	2025-05-21 00:25:57.519441+03	19	HASU4262073	2	[{"changed": {"fields": ["\\u0421\\u0442\\u0430\\u0442\\u0443\\u0441"]}}, {"changed": {"name": "car", "object": "BMW 330I (3MW5R7J00L8B16356)", "fields": ["\\u0421\\u0442\\u0430\\u0442\\u0443\\u0441"]}}]	12	1
648	2025-05-21 00:27:00.506355+03	18	CAAU9036390	2	[{"changed": {"fields": ["\\u0421\\u0442\\u0430\\u0442\\u0443\\u0441", "\\u0414\\u0430\\u0442\\u0430 \\u0440\\u0430\\u0437\\u0433\\u0440\\u0443\\u0437\\u043a\\u0438"]}}]	12	1
649	2025-05-21 00:27:27.121643+03	18	CAAU9036390	2	[{"changed": {"fields": ["\\u0421\\u0442\\u0430\\u0442\\u0443\\u0441", "\\u0414\\u0430\\u0442\\u0430 \\u0440\\u0430\\u0437\\u0433\\u0440\\u0443\\u0437\\u043a\\u0438"]}}]	12	1
650	2025-05-21 00:28:14.245668+03	19	HASU4262073	2	[{"changed": {"fields": ["\\u0421\\u0442\\u0430\\u0442\\u0443\\u0441", "\\u0414\\u0430\\u0442\\u0430 \\u0440\\u0430\\u0437\\u0433\\u0440\\u0443\\u0437\\u043a\\u0438"]}}]	12	1
651	2025-05-21 00:28:29.534055+03	19	HASU4262073	2	[{"changed": {"fields": ["\\u0421\\u0442\\u0430\\u0442\\u0443\\u0441", "\\u0414\\u0430\\u0442\\u0430 \\u0440\\u0430\\u0437\\u0433\\u0440\\u0443\\u0437\\u043a\\u0438"]}}]	12	1
652	2025-05-21 00:28:45.621677+03	19	HASU4262073	2	[{"changed": {"fields": ["\\u0421\\u0442\\u0430\\u0442\\u0443\\u0441", "\\u0414\\u0430\\u0442\\u0430 \\u0440\\u0430\\u0437\\u0433\\u0440\\u0443\\u0437\\u043a\\u0438"]}}]	12	1
653	2025-05-21 00:29:20.499344+03	19	HASU4262073	2	[{"changed": {"fields": ["\\u0421\\u0442\\u0430\\u0442\\u0443\\u0441", "\\u0414\\u0430\\u0442\\u0430 \\u0440\\u0430\\u0437\\u0433\\u0440\\u0443\\u0437\\u043a\\u0438"]}}]	12	1
654	2025-05-21 00:29:28.504589+03	20	iygdiulccgdliu	3		12	1
655	2025-05-21 00:33:16.095519+03	21	333333	1	[{"added": {}}, {"added": {"name": "car", "object": "\\u044b\\u0446\\u0432\\u0432 (\\u0440\\u044b\\u0441\\u0440\\u043f\\u044b\\u0433\\u0430\\u043f\\u0433\\u0430\\u0432)"}}]	12	1
656	2025-05-21 00:44:16.129206+03	19	HASU4262073	2	[{"changed": {"fields": ["\\u0421\\u0442\\u0430\\u0442\\u0443\\u0441"]}}]	12	1
657	2025-05-21 00:44:25.080525+03	21	333333	3		12	1
658	2025-05-21 00:52:22.843365+03	68	MERCEDEZ (W1KAF4HBXNR044290)	2	[{"changed": {"fields": ["\\u0414\\u0430\\u0442\\u0430 \\u043f\\u0435\\u0440\\u0435\\u0434\\u0430\\u0447\\u0438"]}}]	10	1
659	2025-05-21 00:53:01.982756+03	68	MERCEDEZ (W1KAF4HBXNR044290)	2	[{"changed": {"fields": ["\\u0414\\u0430\\u0442\\u0430 \\u043f\\u0435\\u0440\\u0435\\u0434\\u0430\\u0447\\u0438"]}}]	10	1
660	2025-05-21 01:07:30.358106+03	19	HASU4262073	2	[]	12	1
661	2025-05-21 01:21:27.974904+03	19	HASU4262073	2	[]	12	1
662	2025-05-22 19:01:42.691811+03	19	HASU4262073	2	[{"changed": {"fields": ["THS"]}}]	12	1
663	2025-05-22 19:02:01.583266+03	19	HASU4262073	2	[{"changed": {"fields": ["THS"]}}]	12	1
664	2025-05-22 19:13:10.470827+03	19	HASU4262073	2	[{"changed": {"fields": ["\\u0414\\u0430\\u0442\\u0430 \\u0440\\u0430\\u0437\\u0433\\u0440\\u0443\\u0437\\u043a\\u0438"]}}]	12	1
665	2025-05-22 19:14:41.363866+03	66	LAND ROVER (SALYL2EX9KA204782)	2	[]	10	1
666	2025-05-22 19:17:53.296597+03	66	LAND ROVER (SALYL2EX9KA204782)	2	[{"changed": {"fields": ["\\u0414\\u0430\\u0442\\u0430 \\u043f\\u0435\\u0440\\u0435\\u0434\\u0430\\u0447\\u0438"]}}]	10	1
667	2025-05-22 19:18:02.541148+03	66	LAND ROVER (SALYL2EX9KA204782)	2	[]	10	1
668	2025-05-22 19:20:38.966427+03	19	HASU4262073	2	[{"changed": {"fields": ["\\u0421\\u0442\\u0430\\u0442\\u0443\\u0441"]}}]	12	1
669	2025-05-22 19:21:47.808963+03	66	LAND ROVER (SALYL2EX9KA204782)	2	[{"changed": {"fields": ["\\u0414\\u0430\\u0442\\u0430 \\u043f\\u0435\\u0440\\u0435\\u0434\\u0430\\u0447\\u0438"]}}]	10	1
670	2025-05-22 20:06:18.711225+03	76	1000 (CASH, Инвойс: Без инвойса)	1	[{"added": {}}]	15	1
671	2025-05-22 20:07:27.750433+03	76	1000.00 (CASH, Инвойс: Без инвойса)	3		15	1
672	2025-05-22 23:51:53.744493+03	68	MERCEDEZ (W1KAF4HBXNR044290)	2	[{"changed": {"fields": ["\\u0414\\u0430\\u0442\\u0430 \\u0440\\u0430\\u0437\\u0433\\u0440\\u0443\\u0437\\u043a\\u0438"]}}]	10	1
673	2025-05-22 23:52:20.25322+03	68	MERCEDEZ (W1KAF4HBXNR044290)	2	[{"changed": {"fields": ["\\u0414\\u0430\\u0442\\u0430 \\u043f\\u0435\\u0440\\u0435\\u0434\\u0430\\u0447\\u0438"]}}]	10	1
674	2025-05-22 23:59:31.337977+03	19	HASU4262073	2	[{"changed": {"fields": ["\\u0421\\u0442\\u0430\\u0442\\u0443\\u0441"]}}]	12	1
675	2025-05-23 00:02:05.793021+03	19	HASU4262073	2	[{"changed": {"fields": ["\\u0414\\u0430\\u0442\\u0430 \\u0440\\u0430\\u0437\\u0433\\u0440\\u0443\\u0437\\u043a\\u0438"]}}]	12	1
676	2025-05-23 00:15:13.699144+03	67	BMW 330I (3MW5R7J00L8B16356)	2	[{"changed": {"fields": ["\\u0414\\u0430\\u0442\\u0430 \\u0440\\u0430\\u0437\\u0433\\u0440\\u0443\\u0437\\u043a\\u0438", "\\u0414\\u0430\\u0442\\u0430 \\u043f\\u0435\\u0440\\u0435\\u0434\\u0430\\u0447\\u0438"]}}]	10	1
677	2025-05-23 00:15:42.647889+03	67	BMW 330I (3MW5R7J00L8B16356)	2	[]	10	1
678	2025-05-23 00:47:15.011506+03	19	HASU4262073	2	[{"changed": {"fields": ["\\u0421\\u0442\\u0430\\u0442\\u0443\\u0441", "\\u0414\\u0430\\u0442\\u0430 \\u0440\\u0430\\u0437\\u0433\\u0440\\u0443\\u0437\\u043a\\u0438"]}}]	12	1
679	2025-05-23 00:48:29.549491+03	19	HASU4262073	2	[{"changed": {"fields": ["\\u0421\\u0442\\u0430\\u0442\\u0443\\u0441", "\\u0414\\u0430\\u0442\\u0430 \\u0440\\u0430\\u0437\\u0433\\u0440\\u0443\\u0437\\u043a\\u0438"]}}]	12	1
680	2025-05-23 00:48:42.124494+03	19	HASU4262073	2	[{"changed": {"fields": ["\\u0421\\u0442\\u0430\\u0442\\u0443\\u0441"]}}]	12	1
681	2025-05-23 00:50:17.499177+03	19	HASU4262073	2	[{"changed": {"fields": ["\\u0421\\u0442\\u0430\\u0442\\u0443\\u0441"]}}]	12	1
682	2025-05-23 00:51:09.656324+03	19	HASU4262073	2	[{"changed": {"fields": ["\\u0421\\u0442\\u0430\\u0442\\u0443\\u0441"]}}]	12	1
683	2025-05-23 21:45:26.767412+03	19	HASU4262073	2	[{"changed": {"fields": ["\\u0421\\u0442\\u0430\\u0442\\u0443\\u0441"]}}]	12	1
684	2025-05-23 22:01:37.767427+03	22	MRSU3338723	1	[{"added": {}}, {"added": {"name": "car", "object": "HONDA C-RV (5J6RT6H51NL047667)"}}]	12	1
685	2025-05-23 22:02:46.992191+03	22	MRSU3338723	2	[{"added": {"name": "car", "object": "BMW 5 (WBAJA9C55JG622936)"}}]	12	1
686	2025-05-23 22:05:49.54152+03	22	MRSU3338723	2	[{"added": {"name": "car", "object": "FORD FUSION (3FA6P0SU8HR215570)"}}, {"added": {"name": "car", "object": "VW JETTA (3VWGM7BU3NM024094)"}}]	12	1
687	2025-05-23 22:06:11.464575+03	19	HASU4262073	2	[{"changed": {"fields": ["ETA"]}}]	12	1
688	2025-05-23 22:06:27.326233+03	18	CAAU9036390	2	[{"changed": {"fields": ["ETA"]}}]	12	1
689	2025-05-23 22:06:38.612967+03	17	CAAU7180006	2	[]	12	1
690	2025-05-23 22:14:35.553627+03	23	TCKU7644325	1	[{"added": {}}, {"added": {"name": "car", "object": "FORD ESCAPE (1FMCU0GD6KUC23645)"}}, {"added": {"name": "car", "object": "BMW X5 (5UXTA6C02P9N52449)"}}, {"added": {"name": "car", "object": "BMW X5 (5UXTA6C03P9N68546)"}}]	12	1
691	2025-05-23 22:14:48.053097+03	22	MRSU3338723	2	[{"changed": {"fields": ["\\u0411\\u0435\\u0441\\u043f\\u043b\\u0430\\u0442\\u043d\\u044b\\u0435 \\u0434\\u043d\\u0438"]}}]	12	1
692	2025-05-23 22:15:24.295519+03	22	MRSU3338723	2	[]	12	1
693	2025-05-23 22:20:22.221677+03	23	TCKU7644325	2	[]	12	1
694	2025-05-23 22:27:47.566587+03	24	MRKU2022830	1	[{"added": {}}, {"added": {"name": "car", "object": "FORD ESCAPE (1FMCU0G64NUB52354)"}}, {"added": {"name": "car", "object": "GMC TERRAIN (3GKALTEV3NL172510)"}}, {"added": {"name": "car", "object": "GMC TERRAIN (3GKALMEVXNL286302)"}}, {"added": {"name": "car", "object": "FORD FUSION (3FA6P0PU2DR282331)"}}]	12	1
695	2025-05-23 22:30:47.987313+03	80	FORD FUSION (3FA6P0PU2DR282331)	2	[{"changed": {"fields": ["\\u0411\\u0435\\u0441\\u043f\\u043b\\u0430\\u0442\\u043d\\u044b\\u0435 \\u0434\\u043d\\u0438", "\\u041e\\u043f\\u043b\\u0430\\u0442\\u0430 \\u0441\\u043a\\u043b\\u0430\\u0434\\u0443"]}}]	10	1
696	2025-05-23 22:38:44.956263+03	24	MRKU2022830	2	[{"changed": {"fields": ["\\u041e\\u043f\\u043b\\u0430\\u0442\\u0430 \\u043b\\u0438\\u043d\\u0438\\u044f\\u043c"]}}]	12	1
697	2025-05-23 22:39:37.367915+03	24	MRKU2022830	2	[{"changed": {"fields": ["\\u041d\\u0430\\u0446\\u0435\\u043d\\u043a\\u0430"]}}]	12	1
698	2025-05-23 22:41:04.485518+03	24	MRKU2022830	2	[{"changed": {"fields": ["\\u041e\\u043f\\u043b\\u0430\\u0442\\u0430 \\u043b\\u0438\\u043d\\u0438\\u044f\\u043c"]}}]	12	1
699	2025-05-23 22:41:29.407265+03	24	MRKU2022830	2	[]	12	1
700	2025-05-23 22:53:21.80986+03	25	TGHU6446260	1	[{"added": {}}, {"added": {"name": "car", "object": "FORD ECOSPORT (MAJ6S3KL7KC306861)"}}, {"added": {"name": "car", "object": "HYUNDAI TUCSON (KM8J33A49LU149966)"}}, {"added": {"name": "car", "object": "VOLVO S90 (LVY982MK9JP021101)"}}, {"added": {"name": "car", "object": "HARLEY-DAVIDSON (1HD1PXL1XMB950341)"}}]	12	1
701	2025-05-23 22:56:36.081614+03	16	SUDU8905020	2	[]	12	1
702	2025-05-23 22:58:07.584802+03	18	CAAU9036390	2	[{"changed": {"fields": ["\\u041e\\u043f\\u043b\\u0430\\u0442\\u0430 \\u043b\\u0438\\u043d\\u0438\\u044f\\u043c"]}}]	12	1
703	2025-05-23 22:58:42.736488+03	18	CAAU9036390	2	[{"changed": {"fields": ["\\u041e\\u043f\\u043b\\u0430\\u0442\\u0430 \\u043b\\u0438\\u043d\\u0438\\u044f\\u043c", "\\u041d\\u0430\\u0446\\u0435\\u043d\\u043a\\u0430"]}}]	12	1
704	2025-05-23 22:59:14.411981+03	18	CAAU9036390	2	[{"changed": {"fields": ["\\u041d\\u0430\\u0446\\u0435\\u043d\\u043a\\u0430"]}}]	12	1
705	2025-05-23 23:01:45.486144+03	18	CAAU9036390	2	[{"changed": {"fields": ["\\u041d\\u0430\\u0446\\u0435\\u043d\\u043a\\u0430"]}}]	12	1
706	2025-05-23 23:02:33.814138+03	18	CAAU9036390	2	[{"changed": {"fields": ["\\u041d\\u0430\\u0446\\u0435\\u043d\\u043a\\u0430"]}}]	12	1
707	2025-05-23 23:02:57.028365+03	18	CAAU9036390	2	[]	12	1
708	2025-05-23 23:03:45.616911+03	19	HASU4262073	2	[]	12	1
709	2025-05-23 23:04:09.976083+03	1	MDV OFFICE	2	[{"changed": {"fields": ["\\u0418\\u043c\\u044f \\u043a\\u043b\\u0438\\u0435\\u043d\\u0442\\u0430"]}}]	9	1
710	2025-05-23 23:07:20.616965+03	25	TGHU6446260	2	[]	12	1
711	2025-05-25 21:58:58.906036+03	80	FORD FUSION (3FA6P0PU2DR282331)	2	[{"changed": {"fields": ["\\u041e\\u043f\\u043b\\u0430\\u0442\\u0430 \\u0441\\u043a\\u043b\\u0430\\u0434\\u0443"]}}]	10	1
712	2025-05-25 22:09:02.904623+03	19	HASU4262073	2	[{"changed": {"fields": ["\\u0414\\u0430\\u0442\\u0430 \\u0440\\u0430\\u0437\\u0433\\u0440\\u0443\\u0437\\u043a\\u0438"]}}]	12	1
713	2025-05-25 22:09:36.347156+03	18	CAAU9036390	2	[{"changed": {"fields": ["\\u0414\\u0430\\u0442\\u0430 \\u0440\\u0430\\u0437\\u0433\\u0440\\u0443\\u0437\\u043a\\u0438"]}}]	12	1
714	2025-05-25 22:10:21.056578+03	17	CAAU7180006	2	[{"changed": {"fields": ["\\u0421\\u0442\\u0430\\u0442\\u0443\\u0441", "\\u0414\\u0430\\u0442\\u0430 \\u0440\\u0430\\u0437\\u0433\\u0440\\u0443\\u0437\\u043a\\u0438"]}}]	12	1
715	2025-05-25 22:11:18.05853+03	18	CAAU9036390	2	[{"changed": {"fields": ["\\u0421\\u0442\\u0430\\u0442\\u0443\\u0441"]}}]	12	1
716	2025-05-25 22:11:42.461596+03	19	HASU4262073	2	[{"changed": {"fields": ["\\u0421\\u0442\\u0430\\u0442\\u0443\\u0441"]}}]	12	1
717	2025-05-25 22:12:35.275431+03	16	SUDU8905020	2	[{"changed": {"fields": ["\\u0421\\u0442\\u0430\\u0442\\u0443\\u0441", "\\u0414\\u0430\\u0442\\u0430 \\u0440\\u0430\\u0437\\u0433\\u0440\\u0443\\u0437\\u043a\\u0438"]}}]	12	1
718	2025-05-25 22:13:45.495017+03	5	TRHU6810414	2	[{"changed": {"fields": ["\\u0421\\u0442\\u0430\\u0442\\u0443\\u0441"]}}]	12	1
719	2025-05-25 22:14:27.043655+03	9	MAEU9231097	2	[{"changed": {"fields": ["\\u0421\\u0442\\u0430\\u0442\\u0443\\u0441"]}}]	12	1
720	2025-05-25 22:14:34.752765+03	10	MRSU6087154	2	[{"changed": {"fields": ["\\u0421\\u0442\\u0430\\u0442\\u0443\\u0441"]}}]	12	1
721	2025-05-25 22:14:54.054308+03	14	CAAU8462107	2	[{"changed": {"fields": ["\\u0421\\u0442\\u0430\\u0442\\u0443\\u0441"]}}]	12	1
722	2025-05-25 22:15:02.258462+03	15	MRSU5659960	2	[{"changed": {"fields": ["\\u0421\\u0442\\u0430\\u0442\\u0443\\u0441"]}}]	12	1
\.


--
-- Data for Name: django_content_type; Type: TABLE DATA; Schema: public; Owner: arturas
--

COPY public.django_content_type (id, app_label, model) FROM stdin;
1	admin_interface	theme
2	admin	logentry
3	auth	permission
4	auth	group
5	auth	user
6	contenttypes	contenttype
7	sessions	session
8	core	line
9	core	client
10	core	car
11	core	accounting
12	core	container
13	core	warehouse
14	core	declaration
15	core	payment
16	core	invoice
\.


--
-- Data for Name: django_migrations; Type: TABLE DATA; Schema: public; Owner: arturas
--

COPY public.django_migrations (id, app, name, applied) FROM stdin;
1	contenttypes	0001_initial	2025-03-07 22:42:35.189117+02
2	auth	0001_initial	2025-03-07 22:42:35.263531+02
3	admin	0001_initial	2025-03-07 22:42:35.282217+02
4	admin	0002_logentry_remove_auto_add	2025-03-07 22:42:35.28814+02
5	admin	0003_logentry_add_action_flag_choices	2025-03-07 22:42:35.293598+02
6	admin_interface	0001_initial	2025-03-07 22:42:35.305292+02
7	admin_interface	0002_add_related_modal	2025-03-07 22:42:35.32391+02
8	admin_interface	0003_add_logo_color	2025-03-07 22:42:35.332247+02
9	admin_interface	0004_rename_title_color	2025-03-07 22:42:35.337379+02
10	admin_interface	0005_add_recent_actions_visible	2025-03-07 22:42:35.341581+02
11	admin_interface	0006_bytes_to_str	2025-03-07 22:42:35.38326+02
12	admin_interface	0007_add_favicon	2025-03-07 22:42:35.388776+02
13	admin_interface	0008_change_related_modal_background_opacity_type	2025-03-07 22:42:35.397145+02
14	admin_interface	0009_add_enviroment	2025-03-07 22:42:35.404838+02
15	admin_interface	0010_add_localization	2025-03-07 22:42:35.416856+02
16	admin_interface	0011_add_environment_options	2025-03-07 22:42:35.437499+02
17	admin_interface	0012_update_verbose_names	2025-03-07 22:42:35.44327+02
18	admin_interface	0013_add_related_modal_close_button	2025-03-07 22:42:35.448907+02
19	admin_interface	0014_name_unique	2025-03-07 22:42:35.45736+02
20	admin_interface	0015_add_language_chooser_active	2025-03-07 22:42:35.462515+02
21	admin_interface	0016_add_language_chooser_display	2025-03-07 22:42:35.46823+02
22	admin_interface	0017_change_list_filter_dropdown	2025-03-07 22:42:35.472726+02
23	admin_interface	0018_theme_list_filter_sticky	2025-03-07 22:42:35.478196+02
24	admin_interface	0019_add_form_sticky	2025-03-07 22:42:35.486109+02
25	admin_interface	0020_module_selected_colors	2025-03-07 22:42:35.50169+02
26	admin_interface	0021_file_extension_validator	2025-03-07 22:42:35.508369+02
27	admin_interface	0022_add_logo_max_width_and_height	2025-03-07 22:42:35.520637+02
28	admin_interface	0023_theme_foldable_apps	2025-03-07 22:42:35.526382+02
29	admin_interface	0024_remove_theme_css	2025-03-07 22:42:35.530842+02
30	admin_interface	0025_theme_language_chooser_control	2025-03-07 22:42:35.537995+02
31	admin_interface	0026_theme_list_filter_highlight	2025-03-07 22:42:35.543397+02
32	admin_interface	0027_theme_list_filter_removal_links	2025-03-07 22:42:35.548452+02
33	admin_interface	0028_theme_show_fieldsets_as_tabs_and_more	2025-03-07 22:42:35.558977+02
34	admin_interface	0029_theme_css_generic_link_active_color	2025-03-07 22:42:35.566272+02
35	admin_interface	0030_theme_collapsible_stacked_inlines_and_more	2025-03-07 22:42:35.583366+02
36	contenttypes	0002_remove_content_type_name	2025-03-07 22:42:35.601423+02
37	auth	0002_alter_permission_name_max_length	2025-03-07 22:42:35.609163+02
38	auth	0003_alter_user_email_max_length	2025-03-07 22:42:35.615616+02
39	auth	0004_alter_user_username_opts	2025-03-07 22:42:35.621676+02
40	auth	0005_alter_user_last_login_null	2025-03-07 22:42:35.628969+02
41	auth	0006_require_contenttypes_0002	2025-03-07 22:42:35.630631+02
42	auth	0007_alter_validators_add_error_messages	2025-03-07 22:42:35.636683+02
43	auth	0008_alter_user_username_max_length	2025-03-07 22:42:35.649213+02
44	auth	0009_alter_user_last_name_max_length	2025-03-07 22:42:35.658182+02
45	auth	0010_alter_group_name_max_length	2025-03-07 22:42:35.66717+02
46	auth	0011_update_proxy_permissions	2025-03-07 22:42:35.67574+02
47	auth	0012_alter_user_first_name_max_length	2025-03-07 22:42:35.686904+02
48	sessions	0001_initial	2025-03-07 22:42:35.697325+02
49	core	0001_initial	2025-03-07 22:52:49.755784+02
50	core	0002_car_dekl_car_prof_car_sklad_car_ths	2025-03-11 15:33:05.559146+02
51	core	0003_car_days	2025-03-11 16:18:47.958752+02
52	core	0004_car_free_days_container_free_days	2025-03-11 17:54:55.618669+02
53	core	0005_car_rate_container_rate	2025-03-11 18:12:08.307391+02
54	core	0006_car_storage_cost_container_storage_cost	2025-03-11 18:52:08.310478+02
55	core	0007_alter_car_prof	2025-03-11 19:41:32.882073+02
56	core	0008_alter_car_prof	2025-03-11 19:48:32.520608+02
57	core	0009_invoice_is_outgoing_alter_invoice_client	2025-03-11 20:32:20.977228+02
58	core	0010_invoice_warehouse_alter_invoice_client_and_more	2025-03-11 20:48:43.116601+02
59	core	0011_alter_invoice_is_outgoing	2025-03-15 20:29:15.95002+02
60	core	0012_remove_car_prof_remove_container_prof_car_proft_and_more	2025-03-28 16:26:49.974047+02
61	core	0013_payment_from_balance_alter_payment_payment_type	2025-04-21 14:09:28.86038+03
62	core	0013_payment_from_balance	2025-04-21 11:08:00+03
63	core	0014_payment_from_cash_balance	2025-04-22 11:50:13.517138+03
64	core	0015_car_final_storage_cost_car_transfer_date_and_more	2025-04-22 12:17:17.837997+03
65	core	0016_client_balance_client_card_balance_and_more	2025-05-14 20:29:44.764013+03
66	core	0017_alter_client_options_alter_invoice_options_and_more	2025-05-19 21:49:21.542002+03
67	core	0018_remove_client_balance	2025-05-19 23:36:55.98834+03
68	core	0019_client_balance	2025-05-20 00:14:49.678602+03
69	core	0020_remove_client_balance_client_debt_and_more	2025-05-20 14:54:26.808737+03
70	core	0021_alter_container_options_container_notes_and_more	2025-05-23 00:59:23.759156+03
\.


--
-- Data for Name: django_session; Type: TABLE DATA; Schema: public; Owner: arturas
--

COPY public.django_session (session_key, session_data, expire_date) FROM stdin;
m64jb7dajxaxc81y18sqr9ay29ld4ei2	.eJxVjEsOwiAUAO_C2hD-pS7d9wzkwXtI1UBS2pXx7oakC93OTObNAhx7CUenLazIrkyyyy-LkJ5Uh8AH1HvjqdV9WyMfCT9t50tDet3O9m9QoJexRW3JRYU5ayFnZZ00UoGJ1s5eJCRDytnoPKAnqycSSeRM2muTJ3SZfb7UsTfY:1tyaO2:o5y1kzwenp20IkIJojND47UZeOF5oyt-YKUAbP8ci44	2025-04-12 20:54:26.440896+03
o3eqteq8ycx0ab0i3dfmewoazn9kk9hz	.eJxVjEsOwiAUAO_C2hD-pS7d9wzkwXtI1UBS2pXx7oakC93OTObNAhx7CUenLazIrkyyyy-LkJ5Uh8AH1HvjqdV9WyMfCT9t50tDet3O9m9QoJexRW3JRYU5ayFnZZ00UoGJ1s5eJCRDytnoPKAnqycSSeRM2muTJ3SZfb7UsTfY:1tzL2P:HtuP37jvpvAVU4wVCaPjqD2dZuPfX-U5D7-WT7vTn_E	2025-04-14 22:43:13.682485+03
apodfteo29ei4iqyo55zy9v8x5rdrccs	.eJxVjEsOwiAUAO_C2hD-pS7d9wzkwXtI1UBS2pXx7oakC93OTObNAhx7CUenLazIrkyyyy-LkJ5Uh8AH1HvjqdV9WyMfCT9t50tDet3O9m9QoJexRW3JRYU5ayFnZZ00UoGJ1s5eJCRDytnoPKAnqycSSeRM2muTJ3SZfb7UsTfY:1trlUO:4z3eJ9dVuFkbxGXhFEJ2dQQdxem_vgjeo3ACKiFQDeY	2025-03-25 00:20:48.289619+02
73eic36ocm8mt4knhwmkxicoele6kwm0	.eJxVjMsOwiAQRf-FtSE8B3Dp3m8gA0OlaiAp7cr479qkC93ec859sYjbWuM2yhJnYmcm2el3S5gfpe2A7thunefe1mVOfFf4QQe_dirPy-H-HVQc9Vs7CBlBBU2UdVHKKwOUbHATYZi8kYDgAQRJB9l7UYwVwii0QN4ILdn7A8_PNsI:1uJwzw:eEre-b3MKK79staHS_oxpPApQvIGr2WK9pLMZO6aE1E	2025-06-10 19:17:52.265067+03
35hocseh67cgymtkll74dpyvtvwr84ho	.eJxVjEsOwiAUAO_C2hD-pS7d9wzkwXtI1UBS2pXx7oakC93OTObNAhx7CUenLazIrkyyyy-LkJ5Uh8AH1HvjqdV9WyMfCT9t50tDet3O9m9QoJexRW3JRYU5ayFnZZ00UoGJ1s5eJCRDytnoPKAnqycSSeRM2muTJ3SZfb7UsTfY:1ttTw2:d9Ow2-328s_wbnpjtET-hwJFB3VN99Wki8wdcb9rcoY	2025-03-29 18:00:26.179195+02
qarr6lb7exiowtyo0f1tqskmi7m3k0eg	.eJxVjEsOwiAUAO_C2hD-pS7d9wzkwXtI1UBS2pXx7oakC93OTObNAhx7CUenLazIrkyyyy-LkJ5Uh8AH1HvjqdV9WyMfCT9t50tDet3O9m9QoJexRW3JRYU5ayFnZZ00UoGJ1s5eJCRDytnoPKAnqycSSeRM2muTJ3SZfb7UsTfY:1uIEI2:LXq9X2YZYY--55LPqsJKyk2hB3NCG-ju6Paot8DdGzc	2025-06-06 01:21:26.120545+03
vwd4ysa2eausq57mf8ils69ku6n9666j	.eJxVjEsOwiAUAO_C2hD-pS7d9wzkwXtI1UBS2pXx7oakC93OTObNAhx7CUenLazIrkyyyy-LkJ5Uh8AH1HvjqdV9WyMfCT9t50tDet3O9m9QoJexRW3JRYU5ayFnZZ00UoGJ1s5eJCRDytnoPKAnqycSSeRM2muTJ3SZfb7UsTfY:1tyE94:0jHFVpTUX0M2cmz__59jTUwXmmi_nBBKtwbRknoy6SU	2025-04-11 21:09:30.862732+03
wx9iy1qr8aolt8pi5i6qai1t66abw85p	.eJxVjEsOwiAUAO_C2hD-pS7d9wzkwXtI1UBS2pXx7oakC93OTObNAhx7CUenLazIrkyyyy-LkJ5Uh8AH1HvjqdV9WyMfCT9t50tDet3O9m9QoJexRW3JRYU5ayFnZZ00UoGJ1s5eJCRDytnoPKAnqycSSeRM2muTJ3SZfb7UsTfY:1uHVKy:7fMpHlvKsIlaZsh2nkarKhgEX04-hf7_N2pOVn03wBE	2025-06-04 01:21:28.316155+03
c75gnqg8vnfzumuvyu146e0ens9x3wpg	.eJxVjEsOwiAUAO_C2hD-pS7d9wzkwXtI1UBS2pXx7oakC93OTObNAhx7CUenLazIrkyyyy-LkJ5Uh8AH1HvjqdV9WyMfCT9t50tDet3O9m9QoJexRW3JRYU5ayFnZZ00UoGJ1s5eJCRDytnoPKAnqycSSeRM2muTJ3SZfb7UsTfY:1ttXF0:pXjaC2u1zEEybF8wsLn8T9NvtGEt-EEspj8qTWefoHo	2025-03-29 21:32:14.731819+02
23z81juxwedisfk6s5b771dawmv2blb4	.eJxVjEsOwiAUAO_C2hD-pS7d9wzkwXtI1UBS2pXx7oakC93OTObNAhx7CUenLazIrkyyyy-LkJ5Uh8AH1HvjqdV9WyMfCT9t50tDet3O9m9QoJexRW3JRYU5ayFnZZ00UoGJ1s5eJCRDytnoPKAnqycSSeRM2muTJ3SZfb7UsTfY:1tyDm5:KKD4nRaoNYZshtrEpod2xvUskBaAEhI5B1ut6Lmtllg	2025-04-11 20:45:45.683539+03
6cy4qcuwd8cenlg0uxctvabks7fjmmog	.eJxVjEsOwiAUAO_C2hD-pS7d9wzkwXtI1UBS2pXx7oakC93OTObNAhx7CUenLazIrkyyyy-LkJ5Uh8AH1HvjqdV9WyMfCT9t50tDet3O9m9QoJexRW3JRYU5ayFnZZ00UoGJ1s5eJCRDytnoPKAnqycSSeRM2muTJ3SZfb7UsTfY:1uI66U:jzwkQWqMxEiBaTwlHZpegdM9nzNAqMywpRHFC_X9wTg	2025-06-05 16:36:58.789658+03
z4uro2t9dwm5cu82imty2x84zw0ixp5r	.eJxVjEsOwiAUAO_C2hD-pS7d9wzkwXtI1UBS2pXx7oakC93OTObNAhx7CUenLazIrkyyyy-LkJ5Uh8AH1HvjqdV9WyMfCT9t50tDet3O9m9QoJexRW3JRYU5ayFnZZ00UoGJ1s5eJCRDytnoPKAnqycSSeRM2muTJ3SZfb7UsTfY:1uHhCP:Lb6lbQ0z29R9oDq_b3mbrHJr5SUGeScU69hp52AO4L4	2025-06-04 14:01:25.858028+03
8vj25kgeyvmudmfbragkuwpg6uk6p9j9	.eJxVjEsOwiAUAO_C2hD-pS7d9wzkwXtI1UBS2pXx7oakC93OTObNAhx7CUenLazIrkyyyy-LkJ5Uh8AH1HvjqdV9WyMfCT9t50tDet3O9m9QoJexRW3JRYU5ayFnZZ00UoGJ1s5eJCRDytnoPKAnqycSSeRM2muTJ3SZfb7UsTfY:1u6qjr:tMdYYRDwbUZAp3siry4Mk0X5bPjH1SgZFHEYTapo2pM	2025-05-05 15:59:07.629658+03
st3gqlf12e250cz9k947jtm8qsr7q4q3	.eJxVjEsOwiAUAO_C2hD-pS7d9wzkwXtI1UBS2pXx7oakC93OTObNAhx7CUenLazIrkyyyy-LkJ5Uh8AH1HvjqdV9WyMfCT9t50tDet3O9m9QoJexRW3JRYU5ayFnZZ00UoGJ1s5eJCRDytnoPKAnqycSSeRM2muTJ3SZfb7UsTfY:1uFKRS:o1Tiw19-VVM1KWT_N861JxapOljlZwrVZCVdcHXMn3E	2025-05-29 01:19:10.78026+03
ehnchm232glrr1qvsli8dikemby1mrao	.eJxVjEsOwiAUAO_C2hD-pS7d9wzkwXtI1UBS2pXx7oakC93OTObNAhx7CUenLazIrkyyyy-LkJ5Uh8AH1HvjqdV9WyMfCT9t50tDet3O9m9QoJexRW3JRYU5ayFnZZ00UoGJ1s5eJCRDytnoPKAnqycSSeRM2muTJ3SZfb7UsTfY:1tysEg:EUwlOSsyFF1_08N9IFHbMoRn5hkg-8Q-zGz-2cK6ECI	2025-04-13 15:57:58.384419+03
nbhamdwb241lfwnznnoscw434w1v2qxk	.eJxVjEsOwiAUAO_C2hD-pS7d9wzkwXtI1UBS2pXx7oakC93OTObNAhx7CUenLazIrkyyyy-LkJ5Uh8AH1HvjqdV9WyMfCT9t50tDet3O9m9QoJexRW3JRYU5ayFnZZ00UoGJ1s5eJCRDytnoPKAnqycSSeRM2muTJ3SZfb7UsTfY:1tydXF:7ESzdfdEj-74bOTZxKv2RI1dbWWhsPD3KezneLzjrSQ	2025-04-13 00:16:09.374977+03
\.


--
-- Name: admin_interface_theme_id_seq; Type: SEQUENCE SET; Schema: public; Owner: arturas
--

SELECT pg_catalog.setval('public.admin_interface_theme_id_seq', 1, true);


--
-- Name: auth_group_id_seq; Type: SEQUENCE SET; Schema: public; Owner: arturas
--

SELECT pg_catalog.setval('public.auth_group_id_seq', 1, false);


--
-- Name: auth_group_permissions_id_seq; Type: SEQUENCE SET; Schema: public; Owner: arturas
--

SELECT pg_catalog.setval('public.auth_group_permissions_id_seq', 1, false);


--
-- Name: auth_permission_id_seq; Type: SEQUENCE SET; Schema: public; Owner: arturas
--

SELECT pg_catalog.setval('public.auth_permission_id_seq', 64, true);


--
-- Name: auth_user_groups_id_seq; Type: SEQUENCE SET; Schema: public; Owner: arturas
--

SELECT pg_catalog.setval('public.auth_user_groups_id_seq', 1, false);


--
-- Name: auth_user_id_seq; Type: SEQUENCE SET; Schema: public; Owner: arturas
--

SELECT pg_catalog.setval('public.auth_user_id_seq', 1, true);


--
-- Name: auth_user_user_permissions_id_seq; Type: SEQUENCE SET; Schema: public; Owner: arturas
--

SELECT pg_catalog.setval('public.auth_user_user_permissions_id_seq', 1, false);


--
-- Name: core_accounting_id_seq; Type: SEQUENCE SET; Schema: public; Owner: arturas
--

SELECT pg_catalog.setval('public.core_accounting_id_seq', 1, false);


--
-- Name: core_car_id_seq; Type: SEQUENCE SET; Schema: public; Owner: arturas
--

SELECT pg_catalog.setval('public.core_car_id_seq', 84, true);


--
-- Name: core_client_id_seq; Type: SEQUENCE SET; Schema: public; Owner: arturas
--

SELECT pg_catalog.setval('public.core_client_id_seq', 7, true);


--
-- Name: core_container_id_seq; Type: SEQUENCE SET; Schema: public; Owner: arturas
--

SELECT pg_catalog.setval('public.core_container_id_seq', 25, true);


--
-- Name: core_declaration_id_seq; Type: SEQUENCE SET; Schema: public; Owner: arturas
--

SELECT pg_catalog.setval('public.core_declaration_id_seq', 1, false);


--
-- Name: core_invoice_cars_id_seq; Type: SEQUENCE SET; Schema: public; Owner: arturas
--

SELECT pg_catalog.setval('public.core_invoice_cars_id_seq', 1092, true);


--
-- Name: core_invoice_id_seq; Type: SEQUENCE SET; Schema: public; Owner: arturas
--

SELECT pg_catalog.setval('public.core_invoice_id_seq', 236, true);


--
-- Name: core_line_id_seq; Type: SEQUENCE SET; Schema: public; Owner: arturas
--

SELECT pg_catalog.setval('public.core_line_id_seq', 5, true);


--
-- Name: core_payment_id_seq; Type: SEQUENCE SET; Schema: public; Owner: arturas
--

SELECT pg_catalog.setval('public.core_payment_id_seq', 76, true);


--
-- Name: core_warehouse_id_seq; Type: SEQUENCE SET; Schema: public; Owner: arturas
--

SELECT pg_catalog.setval('public.core_warehouse_id_seq', 3, true);


--
-- Name: django_admin_log_id_seq; Type: SEQUENCE SET; Schema: public; Owner: arturas
--

SELECT pg_catalog.setval('public.django_admin_log_id_seq', 722, true);


--
-- Name: django_content_type_id_seq; Type: SEQUENCE SET; Schema: public; Owner: arturas
--

SELECT pg_catalog.setval('public.django_content_type_id_seq', 16, true);


--
-- Name: django_migrations_id_seq; Type: SEQUENCE SET; Schema: public; Owner: arturas
--

SELECT pg_catalog.setval('public.django_migrations_id_seq', 70, true);


--
-- Name: admin_interface_theme admin_interface_theme_name_30bda70f_uniq; Type: CONSTRAINT; Schema: public; Owner: arturas
--

ALTER TABLE ONLY public.admin_interface_theme
    ADD CONSTRAINT admin_interface_theme_name_30bda70f_uniq UNIQUE (name);


--
-- Name: admin_interface_theme admin_interface_theme_pkey; Type: CONSTRAINT; Schema: public; Owner: arturas
--

ALTER TABLE ONLY public.admin_interface_theme
    ADD CONSTRAINT admin_interface_theme_pkey PRIMARY KEY (id);


--
-- Name: auth_group auth_group_name_key; Type: CONSTRAINT; Schema: public; Owner: arturas
--

ALTER TABLE ONLY public.auth_group
    ADD CONSTRAINT auth_group_name_key UNIQUE (name);


--
-- Name: auth_group_permissions auth_group_permissions_group_id_permission_id_0cd325b0_uniq; Type: CONSTRAINT; Schema: public; Owner: arturas
--

ALTER TABLE ONLY public.auth_group_permissions
    ADD CONSTRAINT auth_group_permissions_group_id_permission_id_0cd325b0_uniq UNIQUE (group_id, permission_id);


--
-- Name: auth_group_permissions auth_group_permissions_pkey; Type: CONSTRAINT; Schema: public; Owner: arturas
--

ALTER TABLE ONLY public.auth_group_permissions
    ADD CONSTRAINT auth_group_permissions_pkey PRIMARY KEY (id);


--
-- Name: auth_group auth_group_pkey; Type: CONSTRAINT; Schema: public; Owner: arturas
--

ALTER TABLE ONLY public.auth_group
    ADD CONSTRAINT auth_group_pkey PRIMARY KEY (id);


--
-- Name: auth_permission auth_permission_content_type_id_codename_01ab375a_uniq; Type: CONSTRAINT; Schema: public; Owner: arturas
--

ALTER TABLE ONLY public.auth_permission
    ADD CONSTRAINT auth_permission_content_type_id_codename_01ab375a_uniq UNIQUE (content_type_id, codename);


--
-- Name: auth_permission auth_permission_pkey; Type: CONSTRAINT; Schema: public; Owner: arturas
--

ALTER TABLE ONLY public.auth_permission
    ADD CONSTRAINT auth_permission_pkey PRIMARY KEY (id);


--
-- Name: auth_user_groups auth_user_groups_pkey; Type: CONSTRAINT; Schema: public; Owner: arturas
--

ALTER TABLE ONLY public.auth_user_groups
    ADD CONSTRAINT auth_user_groups_pkey PRIMARY KEY (id);


--
-- Name: auth_user_groups auth_user_groups_user_id_group_id_94350c0c_uniq; Type: CONSTRAINT; Schema: public; Owner: arturas
--

ALTER TABLE ONLY public.auth_user_groups
    ADD CONSTRAINT auth_user_groups_user_id_group_id_94350c0c_uniq UNIQUE (user_id, group_id);


--
-- Name: auth_user auth_user_pkey; Type: CONSTRAINT; Schema: public; Owner: arturas
--

ALTER TABLE ONLY public.auth_user
    ADD CONSTRAINT auth_user_pkey PRIMARY KEY (id);


--
-- Name: auth_user_user_permissions auth_user_user_permissions_pkey; Type: CONSTRAINT; Schema: public; Owner: arturas
--

ALTER TABLE ONLY public.auth_user_user_permissions
    ADD CONSTRAINT auth_user_user_permissions_pkey PRIMARY KEY (id);


--
-- Name: auth_user_user_permissions auth_user_user_permissions_user_id_permission_id_14a6b632_uniq; Type: CONSTRAINT; Schema: public; Owner: arturas
--

ALTER TABLE ONLY public.auth_user_user_permissions
    ADD CONSTRAINT auth_user_user_permissions_user_id_permission_id_14a6b632_uniq UNIQUE (user_id, permission_id);


--
-- Name: auth_user auth_user_username_key; Type: CONSTRAINT; Schema: public; Owner: arturas
--

ALTER TABLE ONLY public.auth_user
    ADD CONSTRAINT auth_user_username_key UNIQUE (username);


--
-- Name: core_accounting core_accounting_pkey; Type: CONSTRAINT; Schema: public; Owner: arturas
--

ALTER TABLE ONLY public.core_accounting
    ADD CONSTRAINT core_accounting_pkey PRIMARY KEY (id);


--
-- Name: core_car core_car_pkey; Type: CONSTRAINT; Schema: public; Owner: arturas
--

ALTER TABLE ONLY public.core_car
    ADD CONSTRAINT core_car_pkey PRIMARY KEY (id);


--
-- Name: core_car core_car_vin_key; Type: CONSTRAINT; Schema: public; Owner: arturas
--

ALTER TABLE ONLY public.core_car
    ADD CONSTRAINT core_car_vin_key UNIQUE (vin);


--
-- Name: core_client core_client_pkey; Type: CONSTRAINT; Schema: public; Owner: arturas
--

ALTER TABLE ONLY public.core_client
    ADD CONSTRAINT core_client_pkey PRIMARY KEY (id);


--
-- Name: core_container core_container_number_key; Type: CONSTRAINT; Schema: public; Owner: arturas
--

ALTER TABLE ONLY public.core_container
    ADD CONSTRAINT core_container_number_key UNIQUE (number);


--
-- Name: core_container core_container_pkey; Type: CONSTRAINT; Schema: public; Owner: arturas
--

ALTER TABLE ONLY public.core_container
    ADD CONSTRAINT core_container_pkey PRIMARY KEY (id);


--
-- Name: core_declaration core_declaration_number_key; Type: CONSTRAINT; Schema: public; Owner: arturas
--

ALTER TABLE ONLY public.core_declaration
    ADD CONSTRAINT core_declaration_number_key UNIQUE (number);


--
-- Name: core_declaration core_declaration_pkey; Type: CONSTRAINT; Schema: public; Owner: arturas
--

ALTER TABLE ONLY public.core_declaration
    ADD CONSTRAINT core_declaration_pkey PRIMARY KEY (id);


--
-- Name: core_invoice_cars core_invoice_cars_invoice_id_car_id_b9c8ff04_uniq; Type: CONSTRAINT; Schema: public; Owner: arturas
--

ALTER TABLE ONLY public.core_invoice_cars
    ADD CONSTRAINT core_invoice_cars_invoice_id_car_id_b9c8ff04_uniq UNIQUE (invoice_id, car_id);


--
-- Name: core_invoice_cars core_invoice_cars_pkey; Type: CONSTRAINT; Schema: public; Owner: arturas
--

ALTER TABLE ONLY public.core_invoice_cars
    ADD CONSTRAINT core_invoice_cars_pkey PRIMARY KEY (id);


--
-- Name: core_invoice core_invoice_number_key; Type: CONSTRAINT; Schema: public; Owner: arturas
--

ALTER TABLE ONLY public.core_invoice
    ADD CONSTRAINT core_invoice_number_key UNIQUE (number);


--
-- Name: core_invoice core_invoice_pkey; Type: CONSTRAINT; Schema: public; Owner: arturas
--

ALTER TABLE ONLY public.core_invoice
    ADD CONSTRAINT core_invoice_pkey PRIMARY KEY (id);


--
-- Name: core_line core_line_pkey; Type: CONSTRAINT; Schema: public; Owner: arturas
--

ALTER TABLE ONLY public.core_line
    ADD CONSTRAINT core_line_pkey PRIMARY KEY (id);


--
-- Name: core_payment core_payment_pkey; Type: CONSTRAINT; Schema: public; Owner: arturas
--

ALTER TABLE ONLY public.core_payment
    ADD CONSTRAINT core_payment_pkey PRIMARY KEY (id);


--
-- Name: core_warehouse core_warehouse_pkey; Type: CONSTRAINT; Schema: public; Owner: arturas
--

ALTER TABLE ONLY public.core_warehouse
    ADD CONSTRAINT core_warehouse_pkey PRIMARY KEY (id);


--
-- Name: django_admin_log django_admin_log_pkey; Type: CONSTRAINT; Schema: public; Owner: arturas
--

ALTER TABLE ONLY public.django_admin_log
    ADD CONSTRAINT django_admin_log_pkey PRIMARY KEY (id);


--
-- Name: django_content_type django_content_type_app_label_model_76bd3d3b_uniq; Type: CONSTRAINT; Schema: public; Owner: arturas
--

ALTER TABLE ONLY public.django_content_type
    ADD CONSTRAINT django_content_type_app_label_model_76bd3d3b_uniq UNIQUE (app_label, model);


--
-- Name: django_content_type django_content_type_pkey; Type: CONSTRAINT; Schema: public; Owner: arturas
--

ALTER TABLE ONLY public.django_content_type
    ADD CONSTRAINT django_content_type_pkey PRIMARY KEY (id);


--
-- Name: django_migrations django_migrations_pkey; Type: CONSTRAINT; Schema: public; Owner: arturas
--

ALTER TABLE ONLY public.django_migrations
    ADD CONSTRAINT django_migrations_pkey PRIMARY KEY (id);


--
-- Name: django_session django_session_pkey; Type: CONSTRAINT; Schema: public; Owner: arturas
--

ALTER TABLE ONLY public.django_session
    ADD CONSTRAINT django_session_pkey PRIMARY KEY (session_key);


--
-- Name: admin_interface_theme_name_30bda70f_like; Type: INDEX; Schema: public; Owner: arturas
--

CREATE INDEX admin_interface_theme_name_30bda70f_like ON public.admin_interface_theme USING btree (name varchar_pattern_ops);


--
-- Name: auth_group_name_a6ea08ec_like; Type: INDEX; Schema: public; Owner: arturas
--

CREATE INDEX auth_group_name_a6ea08ec_like ON public.auth_group USING btree (name varchar_pattern_ops);


--
-- Name: auth_group_permissions_group_id_b120cbf9; Type: INDEX; Schema: public; Owner: arturas
--

CREATE INDEX auth_group_permissions_group_id_b120cbf9 ON public.auth_group_permissions USING btree (group_id);


--
-- Name: auth_group_permissions_permission_id_84c5c92e; Type: INDEX; Schema: public; Owner: arturas
--

CREATE INDEX auth_group_permissions_permission_id_84c5c92e ON public.auth_group_permissions USING btree (permission_id);


--
-- Name: auth_permission_content_type_id_2f476e4b; Type: INDEX; Schema: public; Owner: arturas
--

CREATE INDEX auth_permission_content_type_id_2f476e4b ON public.auth_permission USING btree (content_type_id);


--
-- Name: auth_user_groups_group_id_97559544; Type: INDEX; Schema: public; Owner: arturas
--

CREATE INDEX auth_user_groups_group_id_97559544 ON public.auth_user_groups USING btree (group_id);


--
-- Name: auth_user_groups_user_id_6a12ed8b; Type: INDEX; Schema: public; Owner: arturas
--

CREATE INDEX auth_user_groups_user_id_6a12ed8b ON public.auth_user_groups USING btree (user_id);


--
-- Name: auth_user_user_permissions_permission_id_1fbb5f2c; Type: INDEX; Schema: public; Owner: arturas
--

CREATE INDEX auth_user_user_permissions_permission_id_1fbb5f2c ON public.auth_user_user_permissions USING btree (permission_id);


--
-- Name: auth_user_user_permissions_user_id_a95ead1b; Type: INDEX; Schema: public; Owner: arturas
--

CREATE INDEX auth_user_user_permissions_user_id_a95ead1b ON public.auth_user_user_permissions USING btree (user_id);


--
-- Name: auth_user_username_6821ab7c_like; Type: INDEX; Schema: public; Owner: arturas
--

CREATE INDEX auth_user_username_6821ab7c_like ON public.auth_user USING btree (username varchar_pattern_ops);


--
-- Name: core_accounting_invoice_id_9d39e9fc; Type: INDEX; Schema: public; Owner: arturas
--

CREATE INDEX core_accounting_invoice_id_9d39e9fc ON public.core_accounting USING btree (invoice_id);


--
-- Name: core_accounting_payment_id_670eb816; Type: INDEX; Schema: public; Owner: arturas
--

CREATE INDEX core_accounting_payment_id_670eb816 ON public.core_accounting USING btree (payment_id);


--
-- Name: core_car_client_id_650a3044; Type: INDEX; Schema: public; Owner: arturas
--

CREATE INDEX core_car_client_id_650a3044 ON public.core_car USING btree (client_id);


--
-- Name: core_car_container_id_11fa1bb6; Type: INDEX; Schema: public; Owner: arturas
--

CREATE INDEX core_car_container_id_11fa1bb6 ON public.core_car USING btree (container_id);


--
-- Name: core_car_vin_023ec2c4_like; Type: INDEX; Schema: public; Owner: arturas
--

CREATE INDEX core_car_vin_023ec2c4_like ON public.core_car USING btree (vin varchar_pattern_ops);


--
-- Name: core_car_warehouse_id_0514e232; Type: INDEX; Schema: public; Owner: arturas
--

CREATE INDEX core_car_warehouse_id_0514e232 ON public.core_car USING btree (warehouse_id);


--
-- Name: core_container_client_id_790f3ab9; Type: INDEX; Schema: public; Owner: arturas
--

CREATE INDEX core_container_client_id_790f3ab9 ON public.core_container USING btree (client_id);


--
-- Name: core_container_line_id_4d22946f; Type: INDEX; Schema: public; Owner: arturas
--

CREATE INDEX core_container_line_id_4d22946f ON public.core_container USING btree (line_id);


--
-- Name: core_container_number_60868d35_like; Type: INDEX; Schema: public; Owner: arturas
--

CREATE INDEX core_container_number_60868d35_like ON public.core_container USING btree (number varchar_pattern_ops);


--
-- Name: core_container_warehouse_id_7cb7de7d; Type: INDEX; Schema: public; Owner: arturas
--

CREATE INDEX core_container_warehouse_id_7cb7de7d ON public.core_container USING btree (warehouse_id);


--
-- Name: core_declaration_container_id_ae8e71b1; Type: INDEX; Schema: public; Owner: arturas
--

CREATE INDEX core_declaration_container_id_ae8e71b1 ON public.core_declaration USING btree (container_id);


--
-- Name: core_declaration_number_3c78697c_like; Type: INDEX; Schema: public; Owner: arturas
--

CREATE INDEX core_declaration_number_3c78697c_like ON public.core_declaration USING btree (number varchar_pattern_ops);


--
-- Name: core_invoice_cars_car_id_80a1d895; Type: INDEX; Schema: public; Owner: arturas
--

CREATE INDEX core_invoice_cars_car_id_80a1d895 ON public.core_invoice_cars USING btree (car_id);


--
-- Name: core_invoice_cars_invoice_id_c8ca0a6c; Type: INDEX; Schema: public; Owner: arturas
--

CREATE INDEX core_invoice_cars_invoice_id_c8ca0a6c ON public.core_invoice_cars USING btree (invoice_id);


--
-- Name: core_invoice_client_id_5b95bdaf; Type: INDEX; Schema: public; Owner: arturas
--

CREATE INDEX core_invoice_client_id_5b95bdaf ON public.core_invoice USING btree (client_id);


--
-- Name: core_invoice_number_3db5f68c_like; Type: INDEX; Schema: public; Owner: arturas
--

CREATE INDEX core_invoice_number_3db5f68c_like ON public.core_invoice USING btree (number varchar_pattern_ops);


--
-- Name: core_invoice_warehouse_id_5cfe9c1a; Type: INDEX; Schema: public; Owner: arturas
--

CREATE INDEX core_invoice_warehouse_id_5cfe9c1a ON public.core_invoice USING btree (warehouse_id);


--
-- Name: core_payment_invoice_id_6807b035; Type: INDEX; Schema: public; Owner: arturas
--

CREATE INDEX core_payment_invoice_id_6807b035 ON public.core_payment USING btree (invoice_id);


--
-- Name: core_payment_payer_id_4047e862; Type: INDEX; Schema: public; Owner: arturas
--

CREATE INDEX core_payment_payer_id_4047e862 ON public.core_payment USING btree (payer_id);


--
-- Name: django_admin_log_content_type_id_c4bce8eb; Type: INDEX; Schema: public; Owner: arturas
--

CREATE INDEX django_admin_log_content_type_id_c4bce8eb ON public.django_admin_log USING btree (content_type_id);


--
-- Name: django_admin_log_user_id_c564eba6; Type: INDEX; Schema: public; Owner: arturas
--

CREATE INDEX django_admin_log_user_id_c564eba6 ON public.django_admin_log USING btree (user_id);


--
-- Name: django_session_expire_date_a5c62663; Type: INDEX; Schema: public; Owner: arturas
--

CREATE INDEX django_session_expire_date_a5c62663 ON public.django_session USING btree (expire_date);


--
-- Name: django_session_session_key_c0390e0f_like; Type: INDEX; Schema: public; Owner: arturas
--

CREATE INDEX django_session_session_key_c0390e0f_like ON public.django_session USING btree (session_key varchar_pattern_ops);


--
-- Name: auth_group_permissions auth_group_permissio_permission_id_84c5c92e_fk_auth_perm; Type: FK CONSTRAINT; Schema: public; Owner: arturas
--

ALTER TABLE ONLY public.auth_group_permissions
    ADD CONSTRAINT auth_group_permissio_permission_id_84c5c92e_fk_auth_perm FOREIGN KEY (permission_id) REFERENCES public.auth_permission(id) DEFERRABLE INITIALLY DEFERRED;


--
-- Name: auth_group_permissions auth_group_permissions_group_id_b120cbf9_fk_auth_group_id; Type: FK CONSTRAINT; Schema: public; Owner: arturas
--

ALTER TABLE ONLY public.auth_group_permissions
    ADD CONSTRAINT auth_group_permissions_group_id_b120cbf9_fk_auth_group_id FOREIGN KEY (group_id) REFERENCES public.auth_group(id) DEFERRABLE INITIALLY DEFERRED;


--
-- Name: auth_permission auth_permission_content_type_id_2f476e4b_fk_django_co; Type: FK CONSTRAINT; Schema: public; Owner: arturas
--

ALTER TABLE ONLY public.auth_permission
    ADD CONSTRAINT auth_permission_content_type_id_2f476e4b_fk_django_co FOREIGN KEY (content_type_id) REFERENCES public.django_content_type(id) DEFERRABLE INITIALLY DEFERRED;


--
-- Name: auth_user_groups auth_user_groups_group_id_97559544_fk_auth_group_id; Type: FK CONSTRAINT; Schema: public; Owner: arturas
--

ALTER TABLE ONLY public.auth_user_groups
    ADD CONSTRAINT auth_user_groups_group_id_97559544_fk_auth_group_id FOREIGN KEY (group_id) REFERENCES public.auth_group(id) DEFERRABLE INITIALLY DEFERRED;


--
-- Name: auth_user_groups auth_user_groups_user_id_6a12ed8b_fk_auth_user_id; Type: FK CONSTRAINT; Schema: public; Owner: arturas
--

ALTER TABLE ONLY public.auth_user_groups
    ADD CONSTRAINT auth_user_groups_user_id_6a12ed8b_fk_auth_user_id FOREIGN KEY (user_id) REFERENCES public.auth_user(id) DEFERRABLE INITIALLY DEFERRED;


--
-- Name: auth_user_user_permissions auth_user_user_permi_permission_id_1fbb5f2c_fk_auth_perm; Type: FK CONSTRAINT; Schema: public; Owner: arturas
--

ALTER TABLE ONLY public.auth_user_user_permissions
    ADD CONSTRAINT auth_user_user_permi_permission_id_1fbb5f2c_fk_auth_perm FOREIGN KEY (permission_id) REFERENCES public.auth_permission(id) DEFERRABLE INITIALLY DEFERRED;


--
-- Name: auth_user_user_permissions auth_user_user_permissions_user_id_a95ead1b_fk_auth_user_id; Type: FK CONSTRAINT; Schema: public; Owner: arturas
--

ALTER TABLE ONLY public.auth_user_user_permissions
    ADD CONSTRAINT auth_user_user_permissions_user_id_a95ead1b_fk_auth_user_id FOREIGN KEY (user_id) REFERENCES public.auth_user(id) DEFERRABLE INITIALLY DEFERRED;


--
-- Name: core_accounting core_accounting_invoice_id_9d39e9fc_fk_core_invoice_id; Type: FK CONSTRAINT; Schema: public; Owner: arturas
--

ALTER TABLE ONLY public.core_accounting
    ADD CONSTRAINT core_accounting_invoice_id_9d39e9fc_fk_core_invoice_id FOREIGN KEY (invoice_id) REFERENCES public.core_invoice(id) DEFERRABLE INITIALLY DEFERRED;


--
-- Name: core_accounting core_accounting_payment_id_670eb816_fk_core_payment_id; Type: FK CONSTRAINT; Schema: public; Owner: arturas
--

ALTER TABLE ONLY public.core_accounting
    ADD CONSTRAINT core_accounting_payment_id_670eb816_fk_core_payment_id FOREIGN KEY (payment_id) REFERENCES public.core_payment(id) DEFERRABLE INITIALLY DEFERRED;


--
-- Name: core_car core_car_client_id_650a3044_fk_core_client_id; Type: FK CONSTRAINT; Schema: public; Owner: arturas
--

ALTER TABLE ONLY public.core_car
    ADD CONSTRAINT core_car_client_id_650a3044_fk_core_client_id FOREIGN KEY (client_id) REFERENCES public.core_client(id) DEFERRABLE INITIALLY DEFERRED;


--
-- Name: core_car core_car_container_id_11fa1bb6_fk_core_container_id; Type: FK CONSTRAINT; Schema: public; Owner: arturas
--

ALTER TABLE ONLY public.core_car
    ADD CONSTRAINT core_car_container_id_11fa1bb6_fk_core_container_id FOREIGN KEY (container_id) REFERENCES public.core_container(id) DEFERRABLE INITIALLY DEFERRED;


--
-- Name: core_car core_car_warehouse_id_0514e232_fk_core_warehouse_id; Type: FK CONSTRAINT; Schema: public; Owner: arturas
--

ALTER TABLE ONLY public.core_car
    ADD CONSTRAINT core_car_warehouse_id_0514e232_fk_core_warehouse_id FOREIGN KEY (warehouse_id) REFERENCES public.core_warehouse(id) DEFERRABLE INITIALLY DEFERRED;


--
-- Name: core_container core_container_client_id_790f3ab9_fk_core_client_id; Type: FK CONSTRAINT; Schema: public; Owner: arturas
--

ALTER TABLE ONLY public.core_container
    ADD CONSTRAINT core_container_client_id_790f3ab9_fk_core_client_id FOREIGN KEY (client_id) REFERENCES public.core_client(id) DEFERRABLE INITIALLY DEFERRED;


--
-- Name: core_container core_container_line_id_4d22946f_fk_core_line_id; Type: FK CONSTRAINT; Schema: public; Owner: arturas
--

ALTER TABLE ONLY public.core_container
    ADD CONSTRAINT core_container_line_id_4d22946f_fk_core_line_id FOREIGN KEY (line_id) REFERENCES public.core_line(id) DEFERRABLE INITIALLY DEFERRED;


--
-- Name: core_container core_container_warehouse_id_7cb7de7d_fk_core_warehouse_id; Type: FK CONSTRAINT; Schema: public; Owner: arturas
--

ALTER TABLE ONLY public.core_container
    ADD CONSTRAINT core_container_warehouse_id_7cb7de7d_fk_core_warehouse_id FOREIGN KEY (warehouse_id) REFERENCES public.core_warehouse(id) DEFERRABLE INITIALLY DEFERRED;


--
-- Name: core_declaration core_declaration_container_id_ae8e71b1_fk_core_container_id; Type: FK CONSTRAINT; Schema: public; Owner: arturas
--

ALTER TABLE ONLY public.core_declaration
    ADD CONSTRAINT core_declaration_container_id_ae8e71b1_fk_core_container_id FOREIGN KEY (container_id) REFERENCES public.core_container(id) DEFERRABLE INITIALLY DEFERRED;


--
-- Name: core_invoice_cars core_invoice_cars_car_id_80a1d895_fk_core_car_id; Type: FK CONSTRAINT; Schema: public; Owner: arturas
--

ALTER TABLE ONLY public.core_invoice_cars
    ADD CONSTRAINT core_invoice_cars_car_id_80a1d895_fk_core_car_id FOREIGN KEY (car_id) REFERENCES public.core_car(id) DEFERRABLE INITIALLY DEFERRED;


--
-- Name: core_invoice_cars core_invoice_cars_invoice_id_c8ca0a6c_fk_core_invoice_id; Type: FK CONSTRAINT; Schema: public; Owner: arturas
--

ALTER TABLE ONLY public.core_invoice_cars
    ADD CONSTRAINT core_invoice_cars_invoice_id_c8ca0a6c_fk_core_invoice_id FOREIGN KEY (invoice_id) REFERENCES public.core_invoice(id) DEFERRABLE INITIALLY DEFERRED;


--
-- Name: core_invoice core_invoice_client_id_5b95bdaf_fk_core_client_id; Type: FK CONSTRAINT; Schema: public; Owner: arturas
--

ALTER TABLE ONLY public.core_invoice
    ADD CONSTRAINT core_invoice_client_id_5b95bdaf_fk_core_client_id FOREIGN KEY (client_id) REFERENCES public.core_client(id) DEFERRABLE INITIALLY DEFERRED;


--
-- Name: core_invoice core_invoice_warehouse_id_5cfe9c1a_fk_core_warehouse_id; Type: FK CONSTRAINT; Schema: public; Owner: arturas
--

ALTER TABLE ONLY public.core_invoice
    ADD CONSTRAINT core_invoice_warehouse_id_5cfe9c1a_fk_core_warehouse_id FOREIGN KEY (warehouse_id) REFERENCES public.core_warehouse(id) DEFERRABLE INITIALLY DEFERRED;


--
-- Name: core_payment core_payment_invoice_id_6807b035_fk_core_invoice_id; Type: FK CONSTRAINT; Schema: public; Owner: arturas
--

ALTER TABLE ONLY public.core_payment
    ADD CONSTRAINT core_payment_invoice_id_6807b035_fk_core_invoice_id FOREIGN KEY (invoice_id) REFERENCES public.core_invoice(id) DEFERRABLE INITIALLY DEFERRED;


--
-- Name: core_payment core_payment_payer_id_4047e862_fk_core_client_id; Type: FK CONSTRAINT; Schema: public; Owner: arturas
--

ALTER TABLE ONLY public.core_payment
    ADD CONSTRAINT core_payment_payer_id_4047e862_fk_core_client_id FOREIGN KEY (payer_id) REFERENCES public.core_client(id) DEFERRABLE INITIALLY DEFERRED;


--
-- Name: django_admin_log django_admin_log_content_type_id_c4bce8eb_fk_django_co; Type: FK CONSTRAINT; Schema: public; Owner: arturas
--

ALTER TABLE ONLY public.django_admin_log
    ADD CONSTRAINT django_admin_log_content_type_id_c4bce8eb_fk_django_co FOREIGN KEY (content_type_id) REFERENCES public.django_content_type(id) DEFERRABLE INITIALLY DEFERRED;


--
-- Name: django_admin_log django_admin_log_user_id_c564eba6_fk_auth_user_id; Type: FK CONSTRAINT; Schema: public; Owner: arturas
--

ALTER TABLE ONLY public.django_admin_log
    ADD CONSTRAINT django_admin_log_user_id_c564eba6_fk_auth_user_id FOREIGN KEY (user_id) REFERENCES public.auth_user(id) DEFERRABLE INITIALLY DEFERRED;


--
-- PostgreSQL database dump complete
--

